pdb,center,tool_score,tool_rank,tool_rel,tool_extra,dca,dcc_min,label,n_sites,n_cands,cluster30,fold
10QV,-9.31;39.33;-29.52,0.105,1,1.0,55,10.665319382260433,18.664643172172198,0,5,76,1822_30,3
10QV,-25.60;27.29;-18.69,0.07,2,0.6666666666666667,27,17.977561192594248,25.7616353142752,0,5,76,1822_30,3
10QV,-45.68;-5.56;-24.66,0.069,3,0.6571428571428573,19,11.669137211125658,13.485522893301688,0,5,76,1822_30,3
10QV,-28.33;-4.33;-21.63,0.046,4,0.4380952380952381,62,10.503501588997493,17.527439781900924,0,5,76,1822_30,3
10QV,7.13;44.39;-30.79,0.041,5,0.39047619047619053,15,13.293964042710838,23.26691720156714,0,5,76,1822_30,3
10QV,-40.82;-12.52;-35.15,0.025,6,0.2380952380952381,39,0.7746764288154473,3.562249832194901,1,5,76,1822_30,3
10QV,-6.20;49.95;-8.98,0.021,7,0.2,17,12.713871424223841,14.886987709893258,0,5,76,1822_30,3
10QV,8.43;50.26;-42.05,0.018,8,0.17142857142857143,47,25.247160621219972,32.17552821064966,0,5,76,1822_30,3
10QV,-13.30;10.10;-43.98,0.014,9,0.13333333333333333,20,17.525154272145517,23.42332875996012,0,5,76,1822_30,3
10QV,-47.01;-3.39;-2.73,0.004,10,0.0380952380952381,22,23.288083062928735,24.842680578953765,0,5,76,1822_30,3
10QV,5.67;18.26;-23.83,-0.0,11,-0.0,21,16.037796601746834,22.936656668020795,0,5,76,1822_30,3
10QV,-31.19;39.73;-39.35,-0.005,12,-0.04761904761904762,27,11.978017509854974,15.205019335604444,0,5,76,1822_30,3
10QV,4.55;18.93;-40.27,-0.005,13,-0.04761904761904762,17,24.183669826492764,27.34019524627409,0,5,76,1822_30,3
10QV,10.09;41.40;-37.69,-0.018,14,-0.17142857142857143,21,18.748018530584226,29.640657982904543,0,5,76,1822_30,3
10QV,-17.15;-21.01;-24.80,-0.02,15,-0.1904761904761905,32,13.966658937937584,18.917233694507253,0,5,76,1822_30,3
10QV,-42.21;-24.08;-18.36,-0.024,16,-0.2285714285714286,15,15.295715918154627,18.332555512568778,0,5,76,1822_30,3
10QV,-9.34;1.62;-3.78,-0.033,17,-0.31428571428571433,29,11.462178040945386,13.420355621361677,0,5,76,1822_30,3
10QV,-4.93;1.20;-34.27,-0.035,18,-0.33333333333333337,23,24.476864054400806,27.776779480348072,0,5,76,1822_30,3
10QV,5.91;41.38;-50.33,-0.038,19,-0.3619047619047619,15,24.447118272439937,26.5676236559034,0,5,76,1822_30,3
10QV,-20.78;57.90;-26.82,-0.044,20,-0.41904761904761906,32,19.896440847018496,30.619842628579228,0,5,76,1822_30,3
10QV,-34.60;0.91;0.38,-0.044,21,-0.41904761904761906,16,12.156724773826316,13.501025080322124,0,5,76,1822_30,3
10QV,-49.28;-7.59;-17.58,-0.044,22,-0.41904761904761906,21,17.62120603291449,19.61301811249848,0,5,76,1822_30,3
10QV,-24.95;28.98;-12.37,-0.046,23,-0.4380952380952381,19,20.070488348944,23.573339667671256,0,5,76,1822_30,3
10QV,-1.54;27.09;-58.23,-0.047,24,-0.44761904761904764,32,14.662055629388973,22.696829504699238,0,5,76,1822_30,3
10QV,-9.63;37.73;-52.40,-0.049,25,-0.46666666666666673,15,12.032974013841207,12.92216175124764,0,5,76,1822_30,3
10QV,-32.55;52.95;-33.26,-0.051,26,-0.4857142857142857,15,19.825309671786265,26.848038209099627,0,5,76,1822_30,3
10QV,-5.16;52.35;-43.67,-0.051,27,-0.4857142857142857,39,16.72616935878634,23.620244913068362,0,5,76,1822_30,3
10QV,17.05;42.58;-25.89,-0.051,28,-0.4857142857142857,18,18.081717382739377,25.192709379684203,0,5,76,1822_30,3
10QV,-49.37;-22.57;-2.94,-0.055,29,-0.5238095238095238,16,29.530239499973266,33.08951432304353,0,5,76,1822_30,3
10QV,-2.54;2.91;-24.05,-0.059,30,-0.5619047619047619,27,19.559585781567616,28.377432741854573,0,5,76,1822_30,3
10QV,-38.41;20.51;-16.77,-0.059,31,-0.5619047619047619,26,22.510383923560585,30.402502434004756,0,5,76,1822_30,3
10QV,-20.00;-4.51;-4.07,-0.06,32,-0.5714285714285714,99,1.1045222568495094,3.382914454381101,1,5,76,1822_30,3
10QV,-36.23;-26.44;-8.17,-0.06,33,-0.5714285714285714,21,23.294549510809702,27.90664274017527,0,5,76,1822_30,3
10QV,-14.06;25.79;-10.43,-0.061,34,-0.580952380952381,18,12.369161811402856,15.378426275046982,0,5,76,1822_30,3
10QV,-23.81;44.41;-42.23,-0.061,35,-0.580952380952381,35,7.51954253868015,12.809798842203412,0,5,76,1822_30,3
10QV,-15.17;59.08;-14.19,-0.063,36,-0.6,17,23.563844756519313,26.72938460284007,0,5,76,1822_30,3
10QV,-3.76;40.63;-49.50,-0.064,37,-0.6095238095238096,16,15.444225387892752,17.45454358483523,0,5,76,1822_30,3
10QV,-25.33;12.55;-41.01,-0.067,38,-0.6380952380952382,19,17.95626204893666,21.736533225917633,0,5,76,1822_30,3
10QV,-19.39;49.11;-0.29,-0.068,39,-0.6476190476190476,20,20.054290973442573,24.294708524731938,0,5,76,1822_30,3
10QV,0.98;64.18;-37.01,-0.07,40,-0.6666666666666667,26,29.44917136651823,37.597633770999096,0,5,76,1822_30,3
10QV,-34.99;32.35;-27.70,-0.07,41,-0.6666666666666667,16,16.159717876607953,23.434697928114886,0,5,76,1822_30,3
10QV,-35.33;36.48;-23.12,-0.072,42,-0.6857142857142857,17,18.67335247606872,27.325281702546405,0,5,76,1822_30,3
10QV,-29.21;29.49;-44.38,-0.076,43,-0.7238095238095238,15,8.48278736082008,11.18554054483024,0,5,76,1822_30,3
10QV,8.49;59.42;-29.74,-0.078,44,-0.7428571428571429,18,23.425516728888432,31.85238311897031,0,5,76,1822_30,3
10QV,-51.02;7.10;-31.24,-0.079,45,-0.7523809523809524,24,22.171634084158192,24.190175211580026,0,5,76,1822_30,3
10QV,-32.16;-14.44;-28.91,-0.082,46,-0.7809523809523811,71,1.4356933698017882,7.35380223497804,1,5,76,1822_30,3
10QV,-19.09;-0.04;-13.38,-0.083,47,-0.7904761904761906,75,1.5525029871075207,9.861417582505576,1,5,76,1822_30,3
10QV,3.59;27.30;-9.51,-0.084,48,-0.8,19,10.409111081229993,10.537049281508112,0,5,76,1822_30,3
10QV,-40.09;8.72;-31.57,-0.085,49,-0.8095238095238096,20,18.65050958057179,22.26095132970442,0,5,76,1822_30,3
10QV,-7.70;14.90;-34.94,-0.085,50,-0.8095238095238096,25,20.145080279016014,23.075755275025426,0,5,76,1822_30,3
10QV,-14.35;-17.80;-33.67,-0.087,51,-0.8285714285714285,17,12.869301664510777,15.397569325927604,0,5,76,1822_30,3
10QV,-38.31;-11.16;8.79,-0.09,52,-0.8571428571428571,17,13.714147614377184,22.62581527986573,0,5,76,1822_30,3
10QV,-10.48;61.64;-25.49,-0.093,53,-0.8857142857142858,30,24.40626113238613,30.557310002713567,0,5,76,1822_30,3
10QV,-32.90;52.02;-8.87,-0.101,54,-0.961904761904762,17,29.989918413524023,34.65961342340123,0,5,76,1822_30,3
10QV,-33.03;33.56;-15.55,-0.103,55,-0.9809523809523809,21,22.551657667123884,30.99454411951517,0,5,76,1822_30,3
10QV,-17.76;65.78;-36.21,-0.108,56,-1.0285714285714287,18,24.84039314575763,33.87543967949761,0,5,76,1822_30,3
10QV,-40.84;9.90;-14.16,-0.118,57,-1.1238095238095238,35,17.427322827874004,24.18805840370426,0,5,76,1822_30,3
10QV,4.77;55.13;-43.56,-0.12,58,-1.1428571428571428,21,26.21833361359799,32.2278727845722,0,5,76,1822_30,3
10QV,-39.79;-21.13;-31.35,-0.122,59,-1.161904761904762,16,4.266598463556035,7.9579410227384315,0,5,76,1822_30,3
10QV,-38.60;3.99;-36.16,-0.131,60,-1.2476190476190476,21,13.943996197455322,17.756625042765585,0,5,76,1822_30,3
10QV,-10.04;62.59;-44.59,-0.131,61,-1.2476190476190476,28,22.991572157432113,30.86910458522826,0,5,76,1822_30,3
10QV,-1.78;56.59;-24.88,-0.132,62,-1.2571428571428573,34,17.36274538674837,24.817857037848533,0,5,76,1822_30,3
10QV,-26.43;42.22;-49.78,-0.133,63,-1.2666666666666668,15,12.671222557696094,13.310326988851369,0,5,76,1822_30,3
10QV,-26.36;54.54;-8.46,-0.143,64,-1.361904761904762,22,26.127122682794944,30.588153309148286,0,5,76,1822_30,3
10QV,2.19;37.16;-18.88,-0.144,65,-1.3714285714285714,159,3.195577395246057,8.882389314232478,1,5,76,1822_30,3
10QV,7.35;31.76;-17.55,-0.147,66,-1.4,32,9.804969737073229,12.204665184079117,0,5,76,1822_30,3
10QV,-29.46;-1.60;-44.64,-0.149,67,-1.4190476190476191,15,12.215714787655012,13.48390870595628,0,5,76,1822_30,3
10QV,-20.22;33.59;-38.63,-0.179,68,-1.7047619047619047,145,2.0101227478802954,6.044159963184825,1,5,76,1822_30,3
10QV,-15.17;2.92;-51.50,-0.19,69,-1.8095238095238095,39,16.615812451934744,24.958970763825526,0,5,76,1822_30,3
10QV,-36.84;19.56;-30.96,-0.201,70,-1.9142857142857144,55,21.8075350139759,26.32493279562583,0,5,76,1822_30,3
10QV,-26.13;-15.65;-35.39,-0.207,71,-1.9714285714285713,80,2.1629022362903814,4.157916200481395,1,5,76,1822_30,3
10QV,-15.47;-16.99;-14.06,-0.209,72,-1.9904761904761905,46,14.498978103257908,19.164713248061545,0,5,76,1822_30,3
10QV,-48.89;3.00;-15.34,-0.21,73,-2.0,17,23.544101752428777,26.186162876736233,0,5,76,1822_30,3
10QV,-17.52;17.82;-14.38,-0.235,74,-2.238095238095238,15,16.613502087960462,22.755890364961296,0,5,76,1822_30,3
10QV,-18.51;19.06;-28.21,-0.32,75,-3.047619047619048,308,16.900584353643943,21.31876048642158,0,5,76,1822_30,3
10QV,-5.17;33.02;-12.99,-0.376,76,-3.580952380952381,73,3.1115158864536117,4.2208421529144164,1,5,76,1822_30,3
12GS,18.09;12.72;11.81,0.34,1,1.0,66,2.3937267955560615,10.406473157661951,1,2,21,688_30,1
12GS,21.44;5.62;2.83,0.154,2,0.4529411764705882,110,10.971471527474417,14.341476193530616,0,2,21,688_30,1
12GS,12.23;0.54;22.27,0.142,3,0.41764705882352937,32,6.064501908116998,8.16806452375255,0,2,21,688_30,1
12GS,18.60;2.50;21.44,0.117,4,0.34411764705882353,15,6.876734322498014,11.40321704190561,0,2,21,688_30,1
12GS,12.53;23.15;10.22,0.117,5,0.34411764705882353,30,6.662437500144622,8.708794848959094,0,2,21,688_30,1
12GS,23.03;31.13;1.04,0.106,6,0.3117647058823529,46,14.719954956232584,17.39061611325015,0,2,21,688_30,1
12GS,14.22;9.96;25.06,0.093,7,0.27352941176470585,46,0.5645599541868478,6.60785137691506,1,2,21,688_30,1
12GS,10.73;16.58;26.44,0.061,8,0.17941176470588233,33,7.518286896350197,10.81989025327034,0,2,21,688_30,1
12GS,35.50;13.35;19.73,0.043,9,0.12647058823529408,60,20.094878958926056,27.75983499735811,0,2,21,688_30,1
12GS,6.62;6.97;11.20,0.025,10,0.07352941176470588,36,11.280262264306765,14.105936800588136,0,2,21,688_30,1
12GS,19.48;19.30;33.97,0.022,11,0.06470588235294117,76,14.151110585766586,17.53689549211003,0,2,21,688_30,1
12GS,4.19;15.44;18.83,-0.004,12,-0.011764705882352941,33,11.647002852229974,14.383164304686355,0,2,21,688_30,1
12GS,34.60;-10.30;21.93,-0.013,13,-0.038235294117647055,17,26.46436202364113,30.16567737159475,0,2,21,688_30,1
12GS,6.14;-2.34;31.89,-0.023,14,-0.06764705882352941,22,0.7050864154880493,9.871262423216761,1,2,21,688_30,1
12GS,36.95;15.50;6.84,-0.031,15,-0.09117647058823529,18,18.593480156751347,24.15702571163832,0,2,21,688_30,1
12GS,16.86;-5.81;33.98,-0.045,16,-0.13235294117647056,24,11.078919828875595,14.896132005882006,0,2,21,688_30,1
12GS,12.74;32.40;13.36,-0.047,17,-0.13823529411764704,20,15.367618280657545,17.91649530477345,0,2,21,688_30,1
12GS,14.97;-9.00;19.37,-0.068,18,-0.2,17,15.26377520522269,17.938225117121533,0,2,21,688_30,1
12GS,9.97;-8.30;4.57,-0.075,19,-0.2205882352941176,17,21.28317133315756,25.681514922361142,0,2,21,688_30,1
12GS,31.81;36.76;17.19,-0.093,20,-0.27352941176470585,16,26.50614506419338,30.21071916066121,0,2,21,688_30,1
12GS,9.70;23.46;-0.12,-0.251,21,-0.738235294117647,33,0.765821639943456,8.147616480936986,1,2,21,688_30,1
13TC,10.29;-2.41;-1.62,0.281,1,1.0,100,14.775460187290276,16.52349979589009,0,1,8,3581_30,1
13TC,2.93;4.34;-13.66,0.071,2,0.25266903914590744,17,17.243386359969133,18.95439610418413,0,1,8,3581_30,1
13TC,0.40;-6.02;7.36,0.043,3,0.15302491103202845,28,26.93080578635359,28.527155977453745,0,1,8,3581_30,1
13TC,10.04;-16.66;-1.76,0.01,4,0.03558718861209964,23,15.484773648496756,17.895760050265235,0,1,8,3581_30,1
13TC,7.17;15.29;8.53,-0.007,5,-0.02491103202846975,19,31.86962670764696,34.91001302861285,0,1,8,3581_30,1
13TC,11.29;-22.52;-17.75,-0.029,6,-0.10320284697508897,30,12.214682486708828,15.997408878153344,0,1,8,3581_30,1
13TC,7.54;7.42;7.40,-0.081,7,-0.2882562277580071,22,26.62545656652733,29.25678683654356,0,1,8,3581_30,1
13TC,16.55;-9.19;-16.19,-0.123,8,-0.4377224199288256,29,0.7001384498720978,1.652354706312686,1,1,8,3581_30,1
13YB,-10.73;-4.50;-2.60,0.315,1,1.0,52,46.969074760808994,48.84583904329053,0,1,34,396_30,2
13YB,-17.64;17.44;-8.79,0.217,2,0.6888888888888889,33,35.83903174180467,37.980337740087215,0,1,34,396_30,2
13YB,5.56;11.85;6.10,0.192,3,0.6095238095238096,38,28.290461224097438,30.42154677460773,0,1,34,396_30,2
13YB,0.60;5.43;-31.52,0.192,4,0.6095238095238096,68,38.90949116866934,40.86347452557927,0,1,34,396_30,2
13YB,-9.67;14.30;4.12,0.184,5,0.5841269841269842,28,33.18059338866206,35.84445187102905,0,1,34,396_30,2
13YB,-19.51;8.97;12.99,0.173,6,0.5492063492063491,34,46.642275319778896,49.498613188575284,0,1,34,396_30,2
13YB,7.28;17.01;-9.60,0.152,7,0.48253968253968255,63,19.162678787454574,20.903051765226362,0,1,34,396_30,2
13YB,-7.51;19.93;21.40,0.146,8,0.46349206349206346,16,38.048518386633255,41.50497084195889,0,1,34,396_30,2
13YB,-27.02;-0.54;-10.62,0.132,9,0.41904761904761906,18,54.19047047830913,56.13923161745511,0,1,34,396_30,2
13YB,16.33;23.70;-5.59,0.091,10,0.28888888888888886,25,12.055100814841824,13.123437659427841,0,1,34,396_30,2
13YB,-0.21;-10.70;-26.18,0.087,11,0.27619047619047615,24,50.79683355087341,52.34619652477813,0,1,34,396_30,2
13YB,21.50;9.18;-5.52,0.085,12,0.2698412698412699,38,27.076189619726915,28.04799363078662,0,1,34,396_30,2
13YB,-13.09;21.33;6.87,0.083,13,0.2634920634920635,41,32.844264790577235,35.88661424535108,0,1,34,396_30,2
13YB,-8.26;8.84;25.30,0.081,14,0.2571428571428572,31,46.964056442117936,49.96718274480466,0,1,34,396_30,2
13YB,0.57;1.46;1.42,0.071,15,0.22539682539682537,54,37.51906747418402,39.27737508344288,0,1,34,396_30,2
13YB,-5.80;22.56;-8.52,0.068,16,0.21587301587301588,43,23.1236695180265,25.20581631576481,0,1,34,396_30,2
13YB,-17.23;-9.86;-7.26,0.064,17,0.20317460317460317,60,54.60554574056304,56.5097968815069,0,1,34,396_30,2
13YB,-0.17;1.84;6.84,0.033,18,0.10476190476190476,15,38.98069206859554,41.02096506654995,0,1,34,396_30,2
13YB,-11.21;27.28;-15.26,0.026,19,0.08253968253968254,19,26.964009190974725,28.678871530287513,0,1,34,396_30,2
13YB,1.55;-0.45;14.19,0.018,20,0.05714285714285714,17,43.512479129714514,45.65786725091247,0,1,34,396_30,2
13YB,-26.71;19.11;6.77,0.015,21,0.047619047619047616,18,45.20618279257746,48.125970641012835,0,1,34,396_30,2
13YB,19.80;2.82;-15.12,-0.011,22,-0.03492063492063492,21,33.22259846482665,34.296577935093744,0,1,34,396_30,2
13YB,-21.44;4.58;1.82,-0.012,23,-0.0380952380952381,15,47.35054908075395,49.77418554686086,0,1,34,396_30,2
13YB,-5.22;6.92;18.65,-0.016,24,-0.050793650793650794,18,42.67358158599467,45.36492315013908,0,1,34,396_30,2
13YB,-6.32;25.56;14.33,-0.02,25,-0.06349206349206349,18,30.091160816645306,33.69050809970329,0,1,34,396_30,2
13YB,5.20;-7.55;-21.12,-0.029,26,-0.09206349206349207,16,45.065602016541185,46.56128581427747,0,1,34,396_30,2
13YB,-23.38;-7.76;-19.24,-0.029,27,-0.09206349206349207,28,57.60967424477668,59.49835630006599,0,1,34,396_30,2
13YB,-3.36;1.18;-5.29,-0.04,28,-0.12698412698412698,31,38.138027810271254,39.96838819749819,0,1,34,396_30,2
13YB,-15.03;18.12;-27.57,-0.042,29,-0.13333333333333333,16,38.12763440298872,39.886136669485275,0,1,34,396_30,2
13YB,6.23;2.09;-9.29,-0.042,30,-0.13333333333333333,76,33.778933807332415,35.394034232447005,0,1,34,396_30,2
13YB,8.46;18.32;-26.32,-0.047,31,-0.1492063492063492,21,23.681175562515378,25.787603130281376,0,1,34,396_30,2
13YB,-1.40;-10.69;-14.52,-0.047,32,-0.1492063492063492,15,48.47637825456849,50.15923744436312,0,1,34,396_30,2
13YB,10.20;17.58;16.27,-0.07,33,-0.22222222222222224,15,29.50751514407436,31.981469927027014,0,1,34,396_30,2
13YB,11.30;1.70;13.68,-0.071,34,-0.22539682539682537,16,39.900342772846265,41.64634183322124,0,1,34,396_30,2
13YH,21.35;8.70;-5.25,0.264,1,1.0,60,11.025133477272135,15.041180742898996,0,2,37,396_30,2
13YH,-10.80;-4.60;-2.53,0.259,2,0.9810606060606061,51,24.89983564242929,26.80025310477726,0,2,37,396_30,2
13YH,0.52;6.18;-31.30,0.187,3,0.7083333333333333,56,23.243956249887496,24.744984194673076,0,2,37,396_30,2
13YH,5.54;15.33;6.29,0.175,4,0.6628787878787878,40,0.6663473821888988,0.6618079239435285,1,2,37,396_30,2
13YH,-9.56;14.15;4.21,0.167,5,0.6325757575757576,23,11.611235271057458,14.63869187389317,0,2,37,396_30,2
13YH,-19.20;9.00;12.94,0.149,6,0.5643939393939393,39,23.721604789840665,25.739614040337944,0,2,37,396_30,2
13YH,-17.16;-10.19;-7.39,0.123,7,0.4659090909090909,60,34.58141211185971,36.34047482392127,0,2,37,396_30,2
13YH,-13.34;20.94;6.37,0.12,8,0.45454545454545453,37,14.748767358877213,19.096529951477134,0,2,37,396_30,2
13YH,13.15;36.60;-23.56,0.118,9,0.4469696969696969,20,34.73077652817455,37.65595254725488,0,2,37,396_30,2
13YH,-7.84;9.69;25.70,0.114,10,0.4318181818181818,26,23.163275194958867,23.833174325669226,0,2,37,396_30,2
13YH,11.80;38.56;-11.36,0.113,11,0.42803030303030304,18,27.266854694011208,30.071952174875925,0,2,37,396_30,2
13YH,-21.68;19.20;16.38,0.106,12,0.4015151515151515,15,25.395617481149955,28.67453820687925,0,2,37,396_30,2
13YH,8.87;15.61;-27.58,0.094,13,0.356060606060606,43,20.285046014814654,22.219799597337396,0,2,37,396_30,2
13YH,1.03;0.24;14.42,0.074,14,0.2803030303030303,20,14.290414316771926,17.48362430989194,0,2,37,396_30,2
13YH,-5.23;22.78;-8.60,0.066,15,0.25,40,15.881596278731713,19.53768670958095,0,2,37,396_30,2
13YH,16.06;23.21;-6.20,0.065,16,0.24621212121212122,31,17.72621279116873,18.577098821869555,0,2,37,396_30,2
13YH,-26.69;0.59;-11.92,0.056,17,0.21212121212121213,15,37.31305275988849,39.30257529667886,0,2,37,396_30,2
13YH,0.37;18.29;-12.73,0.048,18,0.18181818181818182,27,18.042223300131194,19.817231534158946,0,2,37,396_30,2
13YH,19.55;2.80;-15.16,0.031,19,0.11742424242424242,21,0.715982088794072,3.9032847324509956,1,2,37,396_30,2
13YH,-21.52;4.36;2.16,0.016,20,0.06060606060606061,19,26.89388287438134,28.854856153613675,0,2,37,396_30,2
13YH,-5.38;6.66;18.68,0.012,21,0.045454545454545456,22,16.976064274016437,18.208701564577865,0,2,37,396_30,2
13YH,-11.36;27.20;-15.36,0.01,22,0.03787878787878788,19,25.679439839400203,29.618143510313708,0,2,37,396_30,2
13YH,-21.04;8.47;-24.92,0.004,23,0.015151515151515152,15,38.804519609733894,41.15913065775591,0,2,37,396_30,2
13YH,6.23;1.95;-9.18,-0.002,24,-0.007575757575757576,76,13.857926748831138,15.35615377155802,0,2,37,396_30,2
13YH,-26.62;19.11;6.92,-0.016,25,-0.06060606060606061,16,27.82856846207576,31.740502740996643,0,2,37,396_30,2
13YH,-15.16;17.56;-27.62,-0.025,26,-0.0946969696969697,17,36.74961127393686,39.490165063564355,0,2,37,396_30,2
13YH,9.10;17.46;-10.46,-0.029,27,-0.10984848484848485,16,16.77883989234096,17.44761187318359,0,2,37,396_30,2
13YH,-5.29;25.07;13.72,-0.032,28,-0.12121212121212122,19,12.488836778180032,15.960907226357667,0,2,37,396_30,2
13YH,-22.82;-3.17;-3.37,-0.033,29,-0.125,15,33.44923666466679,34.64759899053453,0,2,37,396_30,2
13YH,4.19;-8.53;-19.41,-0.054,30,-0.20454545454545453,20,15.17017212913222,17.20166607094757,0,2,37,396_30,2
13YH,-1.46;-10.67;-14.45,-0.055,31,-0.20833333333333331,15,21.881254560924976,23.12038605348583,0,2,37,396_30,2
13YH,16.51;-3.73;8.33,-0.062,32,-0.23484848484848483,16,17.786352377990898,22.337292962857138,0,2,37,396_30,2
13YH,22.23;15.39;-21.06,-0.081,33,-0.3068181818181818,17,13.317851222972568,16.96508374512375,0,2,37,396_30,2
13YH,-23.60;-8.37;-19.49,-0.081,34,-0.3068181818181818,29,42.412114258307035,43.65361030114475,0,2,37,396_30,2
13YH,-3.16;0.91;-6.20,-0.084,35,-0.3181818181818182,23,18.58203518768722,20.66913459428896,0,2,37,396_30,2
13YH,2.95;1.46;1.15,-0.121,36,-0.4583333333333333,27,11.394110365834033,14.844105243601836,0,2,37,396_30,2
13YH,-5.17;0.58;2.32,-0.142,37,-0.5378787878787878,21,16.097037817807863,18.222751929108878,0,2,37,396_30,2
13ZL,-10.84;-4.44;-2.59,0.312,1,1.0,51,24.46561757117889,28.2195855836608,0,2,30,396_30,2
13ZL,21.20;8.98;-5.66,0.185,2,0.592948717948718,53,33.722005654282405,36.98097553117028,0,2,30,396_30,2
13ZL,9.49;15.01;-27.44,0.158,3,0.5064102564102564,50,37.227888211935955,40.77187301632177,0,2,30,396_30,2
13ZL,-9.66;14.13;4.23,0.152,4,0.48717948717948717,27,4.839659721455499,8.528971231825436,0,2,30,396_30,2
13ZL,-19.26;9.07;13.04,0.148,5,0.47435897435897434,35,14.58333893634256,16.51718782892701,0,2,30,396_30,2
13ZL,6.55;13.60;6.14,0.146,6,0.4679487179487179,29,16.919653499156247,19.451353987550103,0,2,30,396_30,2
13ZL,0.84;6.57;-31.02,0.138,7,0.44230769230769235,54,38.84873789373178,42.82241393051789,0,2,30,396_30,2
13ZL,-8.43;7.88;23.97,0.12,8,0.3846153846153846,42,19.304554246451662,20.52269301480459,0,2,30,396_30,2
13ZL,-17.07;-10.06;-7.15,0.11,9,0.3525641025641026,57,32.16156877038553,35.67430358844502,0,2,30,396_30,2
13ZL,15.95;23.53;-5.94,0.105,10,0.3365384615384615,30,27.761092851787293,29.943682794817786,0,2,30,396_30,2
13ZL,10.23;16.61;-8.31,0.087,11,0.27884615384615385,40,23.50024845831423,26.763787740324922,0,2,30,396_30,2
13ZL,11.97;38.53;-11.33,0.086,12,0.2756410256410256,17,31.759124431911868,33.724676418083035,0,2,30,396_30,2
13ZL,0.41;18.34;-12.80,0.057,13,0.1826923076923077,31,19.800688236627547,23.23210852047972,0,2,30,396_30,2
13ZL,-11.55;26.75;-16.29,0.012,14,0.038461538461538464,21,20.772737890874982,23.894693833937197,0,2,30,396_30,2
13ZL,-21.52;4.31;2.16,0.009,15,0.028846153846153844,18,18.663601925990914,21.24807561893896,0,2,30,396_30,2
13ZL,-11.74;21.87;8.65,0.003,16,0.009615384615384616,38,1.3058311460500782,1.7282326135552062,1,2,30,396_30,2
13ZL,-5.08;22.70;-8.62,0.003,17,0.009615384615384616,43,13.788359953279063,16.819630059577257,0,2,30,396_30,2
13ZL,0.61;0.14;14.42,-0.01,18,-0.032051282051282055,22,23.563500282207368,25.82274843904015,0,2,30,396_30,2
13ZL,19.49;2.74;-15.26,-0.024,19,-0.07692307692307693,20,38.53048679351197,42.43736847612412,0,2,30,396_30,2
13ZL,16.16;-3.42;8.83,-0.032,20,-0.10256410256410256,15,34.27075995584444,37.23739450152524,0,2,30,396_30,2
13ZL,-23.66;-8.18;-19.50,-0.036,21,-0.11538461538461538,23,38.25181757271486,42.251812707252235,0,2,30,396_30,2
13ZL,-4.91;0.48;1.87,-0.046,22,-0.14743589743589744,23,19.187971852415085,23.008944903114983,0,2,30,396_30,2
13ZL,-15.87;18.54;-4.73,-0.053,23,-0.16987179487179488,15,9.32190701662845,13.310331381967089,0,2,30,396_30,2
13ZL,11.56;1.92;13.70,-0.058,24,-0.1858974358974359,18,28.58033588262357,30.905586779821245,0,2,30,396_30,2
13ZL,10.52;17.50;16.34,-0.069,25,-0.22115384615384617,16,20.932162393801285,23.798365836729253,0,2,30,396_30,2
13ZL,-2.05;-11.49;-14.30,-0.073,26,-0.23397435897435895,22,36.48407826670525,40.78811790071454,0,2,30,396_30,2
13ZL,-3.13;0.94;-6.15,-0.074,27,-0.23717948717948717,22,21.80232288016748,26.13754882164358,0,2,30,396_30,2
13ZL,1.86;3.49;0.13,-0.081,28,-0.25961538461538464,17,19.60925050717868,23.612750861029554,0,2,30,396_30,2
13ZL,4.04;-8.55;-19.30,-0.089,29,-0.28525641025641024,19,38.71776162892189,43.123498223797625,0,2,30,396_30,2
13ZL,6.07;1.98;-9.45,-0.104,30,-0.3333333333333333,78,26.82324116198961,31.101529483775412,0,2,30,396_30,2
1A28,37.19;33.47;43.19,0.424,1,1.0,86,0.7902461725629697,0.4505826193463553,1,2,36,6181_30,4
1A28,22.99;10.15;59.79,0.316,2,0.7452830188679246,80,0.8659376774629828,0.4706906749012644,1,2,36,6181_30,4
1A28,42.02;34.29;30.05,0.295,3,0.695754716981132,95,8.262190341549871,13.838196532116115,0,2,36,6181_30,4
1A28,22.85;8.12;72.83,0.139,4,0.32783018867924535,78,7.449314261878209,12.79882761331325,0,2,36,6181_30,4
1A28,43.17;20.20;43.39,0.138,5,0.3254716981132076,58,13.182343131818627,14.700762634637272,0,2,36,6181_30,4
1A28,14.68;21.53;53.05,0.126,6,0.2971698113207547,25,11.005191604765447,15.628727519134562,0,2,36,6181_30,4
1A28,15.32;4.53;51.27,0.083,7,0.1957547169811321,25,11.166619204683213,13.018236245425848,0,2,36,6181_30,4
1A28,26.13;22.94;71.40,0.08,8,0.18867924528301888,54,14.64489726052259,17.21012521693443,0,2,36,6181_30,4
1A28,30.89;16.88;86.80,0.064,9,0.1509433962264151,15,25.081989488076893,28.548475978976846,0,2,36,6181_30,4
1A28,36.63;10.51;65.88,0.06,10,0.14150943396226415,15,12.731728539187273,14.916935064611357,0,2,36,6181_30,4
1A28,36.23;31.94;23.36,0.059,11,0.1391509433962264,28,15.271737317889958,19.579099692121364,0,2,36,6181_30,4
1A28,54.54;27.94;43.49,0.058,12,0.13679245283018868,70,15.722717876145248,18.519635262798346,0,2,36,6181_30,4
1A28,18.17;13.60;76.85,0.055,13,0.12971698113207547,44,13.33813346278923,17.592726068339605,0,2,36,6181_30,4
1A28,23.01;26.93;49.56,0.038,14,0.08962264150943396,34,12.32952835086044,16.72545561445566,0,2,36,6181_30,4
1A28,39.75;15.67;84.42,0.034,15,0.08018867924528303,33,27.28910060355868,30.0226552585477,0,2,36,6181_30,4
1A28,30.70;39.22;30.01,0.031,16,0.07311320754716981,17,11.5747124075866,15.376348291173338,0,2,36,6181_30,4
1A28,34.37;-2.30;60.17,0.022,17,0.051886792452830184,110,14.56453998230062,17.070653545153828,0,2,36,6181_30,4
1A28,44.94;14.20;21.25,0.013,18,0.030660377358490566,31,27.29646361680118,30.059061306729863,0,2,36,6181_30,4
1A28,41.40;30.69;54.05,0.012,19,0.02830188679245283,18,8.717139123411624,12.381032121133616,0,2,36,6181_30,4
1A28,25.77;28.69;59.62,0.006,20,0.014150943396226415,26,14.887086405604325,18.64878822927535,0,2,36,6181_30,4
1A28,63.24;18.85;28.90,0.004,21,0.009433962264150943,20,30.156417734580145,33.227221546105746,0,2,36,6181_30,4
1A28,47.10;13.60;82.93,0.001,22,0.0023584905660377358,16,31.033848188371778,33.40913522291809,0,2,36,6181_30,4
1A28,50.34;8.40;24.68,0.0,23,0.0,15,31.412088716501067,33.77529148603837,0,2,36,6181_30,4
1A28,31.44;9.30;50.19,-0.003,24,-0.007075471698113208,18,9.619166349976423,13.246951345256274,0,2,36,6181_30,4
1A28,26.93;-10.64;71.57,-0.009,25,-0.02122641509433962,19,19.63851119125033,24.151504864458825,0,2,36,6181_30,4
1A28,21.89;35.39;48.30,-0.009,26,-0.02122641509433962,29,11.357490769595664,16.051567188389384,0,2,36,6181_30,4
1A28,51.59;2.31;67.42,-0.011,27,-0.025943396226415092,16,28.121057581741574,30.700112961422068,0,2,36,6181_30,4
1A28,38.85;50.54;48.90,-0.016,28,-0.03773584905660377,20,17.62495980456409,18.21144359460956,0,2,36,6181_30,4
1A28,44.32;24.13;52.88,-0.017,29,-0.040094339622641514,16,12.708568514029468,15.590286886562355,0,2,36,6181_30,4
1A28,38.87;12.39;59.79,-0.018,30,-0.04245283018867924,47,14.566553195063285,16.17394579222949,0,2,36,6181_30,4
1A28,33.39;32.03;55.01,-0.027,31,-0.06367924528301887,17,7.314184962411054,12.70913107031724,0,2,36,6181_30,4
1A28,9.22;0.67;54.74,-0.033,32,-0.0778301886792453,25,16.802199723131487,17.539241013959355,0,2,36,6181_30,4
1A28,47.96;18.33;47.31,-0.041,33,-0.09669811320754718,16,17.412269469153244,19.286978854529643,0,2,36,6181_30,4
1A28,46.24;-2.34;79.10,-0.062,34,-0.14622641509433962,15,29.564107083872276,32.61118398503781,0,2,36,6181_30,4
1A28,30.21;21.63;32.91,-0.109,35,-0.25707547169811323,21,14.42125850171346,16.851808726354044,0,2,36,6181_30,4
1A28,24.29;11.69;47.55,-0.125,36,-0.294811320754717,18,7.670351477814422,12.822367253749098,0,2,36,6181_30,4
1AE1,20.81;101.71;17.99,0.125,1,1.0,208,2.461252398839514,2.1759155308288887,1,2,21,2281_30,4
1AE1,41.13;123.03;46.68,0.051,2,0.408,50,9.50282924720843,17.29539645843956,0,2,21,2281_30,4
1AE1,44.55;114.14;38.21,0.02,3,0.16,19,5.3880441450624055,11.900042485214403,0,2,21,2281_30,4
1AE1,40.61;104.03;45.33,0.018,4,0.144,113,2.4190339938147303,1.9261809113075707,1,2,21,2281_30,4
1AE1,33.41;102.21;44.48,0.017,5,0.136,19,7.215302322417136,8.684880241040961,0,2,21,2281_30,4
1AE1,19.70;110.29;3.60,0.016,6,0.128,27,12.133411116571102,15.537336741813142,0,2,21,2281_30,4
1AE1,32.79;96.44;30.64,0.009,7,0.072,23,13.607235467571778,18.52721247783256,0,2,21,2281_30,4
1AE1,40.32;114.30;59.11,0.004,8,0.032,18,12.301112862684157,15.713892257718983,0,2,21,2281_30,4
1AE1,41.06;124.03;32.55,0.002,9,0.016,18,13.824010913874208,22.67441278495657,0,2,21,2281_30,4
1AE1,15.41;117.88;15.77,-0.009,10,-0.072,59,9.744101487952928,17.45159665179385,0,2,21,2281_30,4
1AE1,17.85;115.85;38.92,-0.02,11,-0.16,18,19.70673103360535,26.40434231826058,0,2,21,2281_30,4
1AE1,33.56;90.77;52.51,-0.036,12,-0.288,32,10.088293109214362,18.040868944564636,0,2,21,2281_30,4
1AE1,28.88;115.70;30.50,-0.06,13,-0.48,20,14.564410637320684,20.85856081713998,0,2,21,2281_30,4
1AE1,14.43;110.34;35.38,-0.062,14,-0.496,19,16.126912772892634,22.241114118903855,0,2,21,2281_30,4
1AE1,45.26;116.44;26.99,-0.067,15,-0.536,19,15.991267795641203,22.154554933359016,0,2,21,2281_30,4
1AE1,44.64;95.85;13.78,-0.07,16,-0.56,19,16.83668890907749,23.3048875034699,0,2,21,2281_30,4
1AE1,35.07;91.73;9.95,-0.086,17,-0.688,16,9.588818099174814,17.531031678255335,0,2,21,2281_30,4
1AE1,42.90;120.44;13.06,-0.12,18,-0.96,31,24.076575616764128,27.97179380415799,0,2,21,2281_30,4
1AE1,44.26;132.95;39.24,-0.124,19,-0.992,16,19.086754763406933,28.192843436749076,0,2,21,2281_30,4
1AE1,10.67;125.81;23.81,-0.148,20,-1.184,30,18.776934420985768,27.649577130955585,0,2,21,2281_30,4
1AE1,14.31;97.27;25.22,-0.15,21,-1.2,29,10.65868581847369,12.738340133135393,0,2,21,2281_30,4
