pdb,site,cluster30,fold,center,nucleotide,heme,peptide,carbohydrate,lipid,metal,size_small,size_large,buried_deep,buried_shallow,polar,apolar,aromatic_ligand,charged_ligand
10QV,0,1822_30,3,-28.44;-13.16;-37.78,1,0,0,0,0,0,0,1,0,0,1,0,1,1
10QV,1,1822_30,3,-38.34;-13.44;-32.77,0,0,0,0,0,0,0,0,0,0,0,0,1,1
10QV,2,1822_30,3,-18.57;32.92;-44.41,1,0,0,0,0,0,0,1,0,0,1,0,1,1
10QV,3,1822_30,3,-2.39;35.77;-11.40,1,0,0,0,0,0,0,1,0,0,1,0,1,1
10QV,4,1822_30,3,-22.25;-1.99;-4.24,1,0,0,0,0,0,0,1,0,0,1,0,1,1
12GS,0,688_30,1,9.89;5.90;27.96,0,0,1,0,0,0,0,0,0,0,0,0,0,1
12GS,1,688_30,1,13.03;17.19;3.89,0,0,1,0,0,0,0,0,0,0,0,0,0,1
13TC,0,3581_30,1,17.31;-7.87;-15.54,0,0,0,0,0,0,1,0,0,0,0,0,1,1
13YB,0,396_30,2,15.32;36.29;-9.15,0,0,0,0,0,0,1,0,0,1,0,0,1,1
13YH,0,396_30,2,19.30;-0.76;-16.76,0,0,0,0,0,0,1,0,0,0,1,0,1,1
13YH,1,396_30,2,4.88;15.24;6.33,0,0,0,0,0,0,1,0,0,0,1,0,1,1
13ZL,0,396_30,2,-8.68;27.72;29.20,0,0,0,0,0,0,1,0,0,1,0,0,1,1
13ZL,1,396_30,2,-10.95;22.05;7.13,0,0,0,0,0,0,1,0,0,0,0,0,1,1
1A28,0,6181_30,4,22.83;10.28;60.21,0,0,0,0,1,0,0,0,1,0,0,1,0,0
1A28,1,6181_30,4,36.87;33.47;42.87,0,0,0,0,1,0,0,0,1,0,0,1,0,0
1AE1,0,2281_30,4,41.20;105.75;45.96,1,0,0,0,0,0,0,1,1,0,1,0,1,1
1AE1,1,2281_30,4,22.26;101.84;16.38,1,0,0,0,0,0,0,1,1,0,1,0,1,1
1AL6,0,1438_30,2,15.67;-9.77;9.91,0,0,0,0,0,0,0,1,0,0,1,0,1,1
1AOG,0,812_30,2,23.78;8.68;-17.17,1,0,0,0,0,0,0,1,1,0,1,0,1,1
1AOG,1,812_30,2,62.39;4.02;17.21,1,0,0,0,0,0,0,1,1,0,1,0,1,1
1AP9,0,706_30,3,16.27;43.67;3.80,0,0,0,0,1,0,0,0,1,0,0,1,0,0
1ATL,0,6088_30,2,2.21;24.04;2.40,0,0,1,0,0,0,0,0,1,0,0,0,1,1
1ATL,1,6088_30,2,-2.99;23.97;45.77,0,0,1,0,0,0,0,0,1,0,0,0,1,1
1B0P,0,6707_30,1,-16.54;-82.49;-14.03,0,0,0,0,0,1,1,0,1,0,0,1,0,1
1B0P,1,6707_30,1,-22.41;-83.92;-3.35,0,0,0,0,0,1,1,0,1,0,0,1,0,1
1B0P,2,6707_30,1,-27.35;-74.51;7.32,0,0,0,0,0,1,1,0,1,0,0,1,0,1
1B0P,3,6707_30,1,-26.34;-67.05;16.97,0,0,0,0,0,0,0,0,1,0,1,0,1,1
1B0P,4,6707_30,1,-24.77;-9.18;23.16,0,0,0,0,0,1,1,0,1,0,0,1,0,1
1B0P,5,6707_30,1,-19.94;-17.23;30.98,0,0,0,0,0,1,1,0,1,0,0,1,0,1
1B0P,6,6707_30,1,-15.60;-31.57;30.07,0,0,0,0,0,1,1,0,1,0,0,1,0,1
1B0P,7,6707_30,1,-17.06;-43.79;29.49,0,0,0,0,0,0,0,0,1,0,1,0,1,1
1B5P,0,2596_30,2,30.39;49.96;61.35,0,0,0,0,0,0,1,0,1,0,1,0,1,1
1B5P,1,2596_30,2,29.84;73.83;75.18,0,0,0,0,0,0,1,0,1,0,1,0,1,1
1B8N,0,1484_30,2,-65.39;91.18;94.14,0,0,0,0,0,0,0,0,1,0,1,0,1,1
1BL4,0,1241_30,0,7.93;0.40;-5.34,0,0,0,0,0,0,0,1,0,0,0,0,1,1
1BL4,1,1241_30,0,11.56;14.50;21.94,0,0,0,0,0,0,0,1,0,0,0,0,1,1
1C1X,0,5635_30,3,13.10;40.52;-14.49,0,0,1,0,0,0,1,0,1,0,0,0,1,1
1C1X,1,5635_30,3,21.61;49.64;-19.80,1,0,0,0,0,0,0,1,1,0,1,0,1,1
1C1X,2,5635_30,3,20.40;39.70;46.01,1,0,0,0,0,0,0,1,0,0,1,0,1,1
1C1X,3,5635_30,3,17.84;32.23;35.11,0,0,1,0,0,0,1,0,1,0,0,0,1,1
1C4V,0,241_30,1,16.94;-14.45;23.08,0,0,0,0,0,0,0,1,0,0,0,0,1,1
1C80,0,3183_30,0,-0.58;16.09;53.36,1,0,0,0,0,0,0,0,1,0,1,0,1,1
1C80,1,3183_30,0,-9.04;15.82;44.13,1,0,0,0,0,0,0,0,1,0,1,0,1,1
1CU0,0,498_30,3,32.53;-1.81;12.53,0,0,0,0,0,0,1,0,0,0,0,0,0,0
1CZC,0,1255_30,4,24.55;4.96;-12.92,0,0,0,0,0,0,1,0,1,0,1,0,1,1
1DHJ,0,878_30,2,19.61;62.54;24.74,0,0,0,0,0,0,0,0,1,0,1,0,1,1
1DHJ,1,878_30,2,18.05;68.65;42.94,0,0,0,0,0,0,0,0,0,0,1,0,1,1
1DJX,0,11386_30,4,126.85;40.13;18.25,0,0,0,0,0,0,0,0,0,0,1,0,0,1
1DJX,1,11386_30,4,82.34;40.19;-21.29,0,0,0,0,0,0,0,0,0,0,1,0,0,1
1DK0,0,4258_30,0,10.34;2.18;26.03,0,1,0,0,0,1,0,1,0,0,0,0,1,1
1DK0,1,4258_30,0,-18.91;15.42;-0.48,0,1,0,0,0,1,0,1,0,0,0,0,1,1
1DOR,0,1535_30,0,1.05;46.69;16.58,1,0,0,0,0,0,0,0,1,0,1,0,1,1
1DOR,1,1535_30,0,0.59;17.53;18.56,1,0,0,0,0,0,0,0,1,0,1,0,1,1
1E1L,0,4889_30,3,15.85;2.03;10.61,1,0,0,0,0,0,0,1,1,0,1,0,1,1
1E1L,1,4889_30,3,14.86;-7.47;21.68,1,0,0,0,0,0,0,1,0,0,1,0,1,1
1E92,0,1417_30,3,-2.79;29.21;60.42,1,0,0,0,0,0,0,1,1,0,1,0,1,1
1E92,1,1417_30,3,25.82;28.66;77.75,1,0,0,0,0,0,0,1,1,0,1,0,1,1
1E92,2,1417_30,3,17.98;63.78;54.48,1,0,0,0,0,0,0,1,1,0,1,0,1,1
1E92,3,1417_30,3,5.26;63.04;85.52,1,0,0,0,0,0,0,1,1,0,1,0,1,1
1EL5,0,2000_30,1,5.86;37.66;35.15,1,0,0,0,0,0,0,1,1,0,1,0,1,1
1EL5,1,2000_30,1,45.68;34.96;7.14,1,0,0,0,0,0,0,1,1,0,1,0,1,1
1EVL,0,6_30,4,64.35;42.25;123.70,0,0,0,0,0,0,0,0,1,0,1,0,1,1
1EVL,1,6_30,4,46.56;67.72;120.23,0,0,0,0,0,0,0,0,1,0,1,0,1,1
1EVL,2,6_30,4,69.94;68.94;82.43,0,0,0,0,0,0,0,0,1,0,1,0,1,1
1EVL,3,6_30,4,54.30;42.10;78.59,0,0,0,0,0,0,0,0,1,0,1,0,1,1
1EWH,0,967_30,3,20.26;44.97;53.91,0,1,0,0,0,1,0,1,1,0,0,0,1,1
1EWH,1,967_30,3,-12.92;66.03;20.44,0,1,0,0,0,1,0,1,1,0,0,0,1,1
1EWH,2,967_30,3,12.23;65.27;58.59,0,1,0,0,0,1,0,1,1,0,0,0,1,1
1EZ1,0,813_30,3,33.72;51.99;25.45,1,0,0,0,0,0,0,0,1,0,1,0,1,1
1EZ1,1,813_30,3,23.43;41.02;25.18,1,0,0,0,0,0,0,0,1,0,1,0,0,1
1EZ1,2,813_30,3,12.37;24.83;26.51,0,0,0,0,0,0,1,0,0,0,1,0,0,1
1EZ1,3,813_30,3,20.17;6.25;-8.92,1,0,0,0,0,0,0,0,1,0,1,0,1,1
1EZ1,4,813_30,3,18.32;10.59;6.17,1,0,0,0,0,0,0,0,1,0,1,0,0,1
1EZ4,0,755_30,2,14.95;52.60;15.22,1,0,0,0,0,0,0,1,1,0,1,0,1,1
1EZ4,1,755_30,2,9.58;35.14;-3.61,1,0,0,0,0,0,0,1,0,0,1,0,1,1
1EZ4,2,755_30,2,60.05;49.05;-18.29,1,0,0,0,0,0,0,1,1,0,1,0,1,1
1EZ4,3,755_30,2,65.80;35.86;3.67,1,0,0,0,0,0,0,1,0,0,1,0,1,1
1F3L,0,3601_30,2,68.24;48.29;219.07,0,0,0,0,0,0,0,0,1,0,1,0,1,1
1F5F,0,11121_30,1,21.79;10.77;32.66,0,0,0,0,1,0,0,0,1,0,0,1,0,0
1F9W,0,18110_30,2,32.49;98.93;87.41,1,0,0,0,0,0,0,0,0,0,1,0,1,1
1F9W,1,18110_30,2,67.50;63.91;62.38,1,0,0,0,0,0,0,0,0,0,1,0,1,1
1FCY,0,3731_30,4,40.12;15.37;84.20,0,0,0,0,0,0,0,0,1,0,0,1,1,1
1FCY,1,3731_30,4,43.29;26.31;95.90,0,0,0,1,0,0,0,1,0,1,0,0,0,0
1FDD,0,3381_30,2,14.80;21.53;11.50,0,0,0,0,0,1,1,0,1,0,0,1,0,1
1FJ6,0,882_30,4,8.44;7.19;28.88,0,0,0,1,0,0,0,0,1,0,1,0,0,1
1FKJ,0,1241_30,0,22.34;30.21;23.69,0,0,0,0,1,0,0,1,0,1,0,0,0,1
1FOL,0,488_30,2,7.89;9.95;32.85,0,1,1,0,0,1,0,1,1,0,0,0,1,1
1FOL,1,488_30,2,2.51;8.61;65.90,0,1,1,0,0,1,0,1,1,0,0,0,1,1
1FPE,0,882_30,4,42.67;110.39;13.13,0,0,0,1,0,0,0,0,1,0,1,0,0,1
1FPE,1,882_30,4,32.95;92.79;-11.73,1,0,0,0,0,0,0,0,1,0,1,0,1,1
1FPE,2,882_30,4,23.07;112.17;25.92,0,0,0,1,0,0,0,0,1,0,1,0,0,1
1FPE,3,882_30,4,29.81;93.00;50.87,1,0,0,0,0,0,0,0,1,0,1,0,1,1
1FZU,0,2723_30,3,19.83;9.16;10.36,1,0,0,0,0,0,0,0,0,0,1,0,1,1
1G0K,0,498_30,3,33.07;-1.59;12.12,0,0,0,0,0,0,1,0,0,0,0,0,0,0
1G2N,0,2045_30,2,20.34;14.33;80.81,0,0,0,0,1,0,0,1,0,0,0,0,0,1
1G3E,0,47_30,4,42.68;-2.17;28.93,0,0,0,0,0,0,0,0,1,0,1,0,1,1
1GFI,0,57_30,1,39.23;-26.73;6.58,1,0,0,0,0,0,0,0,1,0,1,0,1,1
1GP2,0,32_30,2,3.06;56.20;-26.75,1,0,0,0,0,0,0,0,1,0,1,0,1,1
1GQK,0,6962_30,0,7.45;-11.97;4.53,0,0,0,1,0,0,1,0,1,0,1,0,0,1
1GQK,1,6962_30,0,17.38;-8.46;36.81,0,0,0,1,0,0,1,0,1,0,1,0,0,1
1GS5,0,1639_30,4,31.95;10.73;40.85,0,0,0,0,0,0,1,0,1,0,1,0,0,1
1GS5,1,1639_30,4,24.92;9.29;49.72,1,0,0,0,0,0,0,0,0,0,1,0,1,1
1GUA,0,1893_30,2,-3.00;26.80;26.36,1,0,0,0,0,0,0,0,1,0,1,0,1,1
1GZR,0,4341_30,2,19.08;12.13;32.92,0,0,0,0,1,0,0,0,0,1,0,0,0,1
1H6H,0,18842_30,0,10.88;22.98;5.33,0,0,0,0,0,0,0,1,0,1,1,0,0,1
1H74,0,11966_30,0,32.61;28.02;57.28,1,0,0,0,0,0,0,0,1,0,1,0,1,1
1H74,1,11966_30,0,52.48;15.69;108.25,1,0,0,0,0,0,0,0,1,0,1,0,1,1
1H74,2,11966_30,0,21.00;64.90;94.04,1,0,0,0,0,0,0,0,1,0,1,0,1,1
1H74,3,11966_30,0,62.83;79.88;60.32,1,0,0,0,0,0,0,0,1,0,1,0,1,1
1H7Q,0,28936_30,0,17.71;17.17;34.20,1,0,0,0,0,0,0,0,0,0,1,0,1,1
1H8I,0,241_30,1,12.18;-15.15;13.15,0,0,1,0,0,0,0,1,0,0,0,0,1,1
1HK4,0,613_30,4,20.92;11.53;26.30,0,0,0,0,0,0,0,0,1,0,0,0,1,1
1HW8,0,4537_30,3,19.28;-23.25;15.17,0,0,0,0,1,0,0,0,1,0,0,0,0,1
1HW8,1,4537_30,3,32.61;-6.73;-10.76,0,0,0,0,1,0,0,0,1,0,0,0,0,1
1HW8,2,4537_30,3,6.45;-30.83;11.44,1,0,0,0,0,0,0,0,0,0,1,0,1,1
1HW8,3,4537_30,3,15.77;17.13;26.02,0,0,0,0,1,0,0,0,0,0,0,0,0,1
1HW8,4,4537_30,3,48.69;12.99;22.50,0,0,0,0,1,0,0,0,0,0,0,0,0,1
1HW8,5,4537_30,3,49.41;9.75;38.59,1,0,0,0,0,0,0,0,0,0,1,0,1,1
1HYB,0,4094_30,1,31.07;24.67;39.21,0,0,0,0,0,0,0,0,1,0,1,0,1,1
1I19,0,45972_30,1,13.99;31.89;49.04,1,0,0,0,0,0,0,1,1,0,1,0,1,1
1I19,1,45972_30,1,41.91;14.14;75.87,1,0,0,0,0,0,0,1,1,0,1,0,1,1
1I5S,0,4801_30,1,20.44;-16.15;4.92,1,0,0,0,0,0,0,0,0,0,1,0,1,1
1IG0,0,42448_30,4,47.45;30.92;22.41,0,0,0,0,0,0,0,0,1,0,0,0,1,1
1IG0,1,42448_30,4,12.42;38.12;28.66,0,0,0,0,0,0,0,0,1,0,0,0,1,1
1II7,0,8200_30,2,5.83;22.14;24.01,1,0,0,0,0,0,0,0,0,0,1,0,1,1
1IIH,0,611_30,4,47.29;15.87;-10.81,0,0,0,0,0,0,1,0,1,0,1,0,0,1
1IM8,0,1069_30,0,7.80;21.51;4.01,0,0,0,0,0,0,0,0,1,0,1,0,1,1
1IM8,1,1069_30,0,12.14;43.35;-2.50,0,0,0,0,0,0,0,0,1,0,1,0,1,1
1IO3,0,24326_30,1,21.40;-19.93;13.82,0,1,0,0,0,1,0,1,1,0,0,0,1,1
1IUU,0,4455_30,0,22.89;97.02;57.74,1,0,0,0,0,0,0,1,1,0,1,0,1,1
1JAF,0,3062_30,4,15.69;27.28;103.73,0,1,0,0,0,1,0,1,1,0,0,0,1,1
1JAF,1,3062_30,4,6.15;24.13;83.31,0,1,0,0,0,1,0,1,1,0,0,0,1,1
1JDO,0,180_30,2,35.81;3.89;10.62,0,1,0,0,0,1,0,1,0,0,0,0,1,1
1JG7,0,10639_30,3,9.62;18.10;7.15,1,0,0,0,0,0,0,0,1,0,1,0,0,1
1JHA,0,770_30,3,57.97;40.36;10.49,1,0,0,0,0,0,0,0,1,0,1,0,1,1
1JP4,0,9000_30,1,53.58;2.45;2.80,1,0,0,0,0,0,0,0,1,0,1,0,1,1
1JS2,0,6389_30,0,16.77;0.82;17.26,0,0,0,0,0,1,1,0,1,0,0,1,0,1
1JS2,1,6389_30,0,3.05;13.95;15.13,0,0,0,0,0,1,1,0,1,0,0,1,0,1
1JS2,2,6389_30,0,42.38;-14.83;22.90,0,0,0,0,0,1,1,0,1,0,0,1,0,1
1JS2,3,6389_30,0,21.92;12.85;-9.24,0,0,0,0,0,1,1,0,1,0,0,1,0,1
1JXM,0,2313_30,1,44.18;34.73;55.20,1,0,0,0,0,0,0,0,0,1,1,0,1,1
1K0G,0,844_30,0,33.44;15.47;4.70,0,0,1,0,0,0,1,0,1,0,0,0,1,1
1K0G,1,844_30,0,53.69;7.99;36.03,0,0,1,0,0,0,1,0,1,0,0,0,1,1
1K1I,0,47_30,4,-0.27;19.27;17.70,0,0,0,0,0,0,0,1,0,0,0,0,1,1
1K4D,0,13_30,3,168.74;138.47;-32.19,0,0,0,0,1,0,0,0,0,1,0,0,0,1
1KAH,0,447_30,3,14.27;113.00;66.02,0,0,1,0,0,0,1,0,1,0,1,0,1,1
1KAH,1,447_30,3,15.84;106.86;23.54,0,0,1,0,0,0,1,0,1,0,1,0,1,1
1KAV,0,1950_30,3,33.23;10.80;91.54,0,0,0,0,0,0,0,0,0,0,0,0,1,1
1KEC,0,2716_30,4,-2.95;-4.85;3.95,0,0,0,0,0,0,1,0,1,0,0,0,0,1
1KHE,0,1016_30,4,39.61;37.35;33.99,1,0,0,0,0,0,0,0,1,0,1,0,1,1
1KI4,0,5692_30,1,46.84;82.70;53.31,0,0,0,0,0,0,0,0,1,0,0,0,1,1
1KI4,1,5692_30,1,20.27;93.39;44.33,0,0,0,0,0,0,0,0,1,0,0,0,1,1
1KWU,0,6628_30,0,45.97;-4.23;22.75,0,0,0,1,0,0,1,0,0,1,1,0,0,0
1KWU,1,6628_30,0,20.08;21.68;-13.30,0,0,0,1,0,0,1,0,0,1,1,0,0,0
1KWU,2,6628_30,0,45.99;48.45;23.24,0,0,0,1,0,0,1,0,0,0,1,0,0,0
1L6Y,0,2650_30,1,23.50;88.38;52.19,0,0,0,0,0,0,1,0,1,0,0,0,0,1
1L6Y,1,2650_30,1,23.11;88.50;19.46,0,0,0,0,0,0,1,0,1,0,0,0,0,1
1L8P,0,24_30,0,0.57;-4.08;18.18,0,0,0,0,0,0,1,0,1,0,1,0,0,1
1L8P,1,24_30,0,12.58;8.58;-8.60,0,0,0,0,0,0,1,0,1,0,1,0,0,1
1L8P,2,24_30,0,43.89;48.19;24.09,0,0,0,0,0,0,1,0,1,0,1,0,0,1
1L8P,3,24_30,0,56.03;35.41;50.69,0,0,0,0,0,0,1,0,1,0,1,0,0,1
1LGT,0,4745_30,0,22.48;22.41;16.74,0,0,0,0,0,0,1,0,1,0,0,1,1,0
1LGT,1,4745_30,0,24.56;37.00;18.47,0,0,0,0,0,0,1,0,0,0,0,1,1,0
1LH1,0,2173_30,0,16.77;7.70;-0.40,0,1,0,0,0,1,0,1,1,0,0,0,1,1
1LOY,0,2723_30,3,20.99;17.53;8.95,1,0,0,0,0,0,0,0,0,0,1,0,1,1
1LWL,0,1392_30,2,33.18;21.72;27.09,0,1,0,0,0,1,0,1,1,0,0,0,1,1
1LWL,1,1392_30,2,25.93;32.12;19.53,0,0,0,0,0,0,0,1,0,0,0,0,1,0
1LXY,0,1271_30,4,45.19;41.70;-3.50,0,0,1,0,0,0,1,0,1,0,1,0,0,1
1LXY,1,1271_30,4,34.56;37.26;-30.77,0,0,1,0,0,0,1,0,1,0,1,0,0,1
1MJ7,0,13_30,3,59.50;0.07;37.62,0,0,0,0,0,0,0,0,0,0,0,0,1,1
1ML4,0,185_30,0,-8.98;30.82;4.10,0,0,0,0,0,0,0,0,1,0,1,0,0,1
1MMZ,0,10856_30,1,6.25;37.98;8.86,0,0,0,1,0,0,1,0,1,0,1,0,0,0
1MMZ,1,10856_30,1,20.22;4.70;36.45,0,0,0,1,0,0,1,0,1,0,1,0,0,0
1N2B,0,176_30,4,33.67;35.41;40.14,0,0,0,0,0,0,0,0,1,0,1,0,1,1
1N2B,1,176_30,4,18.45;13.09;78.23,0,0,0,0,0,0,0,0,1,0,1,0,1,1
1N7M,0,1_30,3,-13.42;-111.17;11.76,0,0,0,0,0,0,0,1,0,0,0,0,1,1
1N83,0,9241_30,0,22.25;25.12;17.62,0,0,0,0,1,0,0,0,1,0,0,1,0,0
1NDY,0,4318_30,2,49.39;54.97;19.78,0,0,0,0,0,0,0,0,1,0,0,0,1,0
1NGJ,0,149_30,0,20.21;34.39;16.74,1,0,0,0,0,0,0,0,1,0,1,0,1,1
1NHJ,0,520_30,0,-2.99;21.16;53.62,1,0,0,0,0,0,0,0,1,0,1,0,1,1
1NHX,0,1016_30,4,45.61;26.08;36.67,0,0,0,0,0,0,1,0,1,0,1,0,0,1
1NHX,1,1016_30,4,36.93;43.80;33.75,0,0,0,0,0,0,0,0,0,0,0,0,1,0
1NJJ,0,2798_30,4,75.16;83.04;119.81,0,0,0,0,0,0,0,0,0,0,1,0,0,1
1NJJ,1,2798_30,4,53.92;81.20;105.46,0,0,0,0,0,0,0,0,1,0,1,0,1,1
1NJJ,2,2798_30,4,21.40;83.02;120.49,0,0,0,0,0,0,0,0,0,0,1,0,0,1
1NJJ,3,2798_30,4,42.84;85.02;135.10,0,0,0,0,0,0,0,0,1,0,1,0,1,1
1NJJ,4,2798_30,4,-12.55;2.48;44.25,0,0,0,0,0,0,0,0,0,0,1,0,0,1
1NJJ,5,2798_30,4,9.04;5.47;30.21,0,0,0,0,0,0,0,0,1,0,1,0,1,1
1NJJ,6,2798_30,4,19.83;2.04;60.03,0,0,0,0,0,0,0,0,1,0,1,0,1,1
1NOJ,0,513_30,0,25.22;24.23;27.97,0,0,0,0,0,0,1,0,1,0,1,0,1,1
1NOJ,1,513_30,0,33.48;21.91;26.98,0,0,0,0,0,0,1,0,1,0,1,0,1,0
1O03,0,2588_30,4,13.36;20.43;12.20,0,0,0,1,0,0,0,0,1,0,1,0,0,1
1O0M,0,340_30,0,36.83;0.92;23.61,1,0,0,0,0,0,0,0,0,0,1,0,0,1
1O0M,1,340_30,0,5.57;4.86;3.31,1,0,0,0,0,0,0,0,0,0,1,0,0,1
1O5B,0,11054_30,2,8.73;2.06;25.26,0,0,0,0,0,0,1,0,1,0,0,0,1,1
1O6L,0,107554_30,0,42.97;30.93;110.68,1,0,0,0,0,0,0,0,1,0,1,0,1,1
1OE7,0,1847_30,2,15.88;0.61;25.74,0,0,1,0,0,0,0,0,0,0,1,0,0,1
1OE7,1,1847_30,2,24.46;-20.64;17.74,0,0,1,0,0,0,0,0,0,0,1,0,0,1
1OIN,0,846_30,2,-0.83;11.29;8.74,0,0,0,1,0,0,1,0,1,0,1,0,0,0
1OIN,1,846_30,2,-19.00;-29.52;-5.87,0,0,0,1,0,0,1,0,1,0,1,0,0,0
1OJ6,0,3294_30,4,31.01;48.66;61.95,0,1,0,0,0,1,0,1,1,0,0,0,1,1
1OJ6,1,3294_30,4,18.66;64.63;56.94,0,1,0,0,0,1,0,1,1,0,0,0,1,1
1OJ6,2,3294_30,4,13.35;59.11;23.63,0,1,0,0,0,1,0,1,1,0,0,0,1,1
1OJ6,3,3294_30,4,33.54;27.74;39.31,0,1,0,0,0,1,0,1,1,0,0,0,1,1
1OKC,0,2127_30,3,19.05;21.95;27.02,0,0,0,0,0,0,0,1,0,0,1,0,0,1
1OKC,1,2127_30,3,2.71;23.02;16.52,0,0,0,0,1,0,0,1,0,1,0,0,0,1
1OKC,2,2127_30,3,41.59;16.80;14.79,0,0,0,0,1,0,0,0,0,1,0,0,0,1
1OKC,3,2127_30,3,1.51;35.53;35.00,0,0,0,0,1,0,0,1,0,1,0,0,0,1
1OKC,4,2127_30,3,35.22;-0.78;13.79,0,0,0,0,1,0,0,0,0,1,0,0,0,1
1OKC,5,2127_30,3,4.48;6.44;14.52,0,0,0,0,1,0,0,0,0,1,1,0,0,1
1OWO,0,5134_30,2,48.33;23.05;53.84,1,0,0,0,0,0,0,1,1,0,1,0,1,1
1OXO,0,1287_30,1,10.67;0.75;11.94,1,0,0,0,0,0,0,0,1,0,1,0,1,1
1OXO,1,1287_30,1,8.49;12.87;38.04,1,0,0,0,0,0,0,0,1,0,1,0,1,1
1P3U,0,38671_30,4,14.48;8.55;19.33,0,1,0,0,0,1,0,1,1,0,0,0,1,1
1PHE,0,1392_30,2,47.32;45.80;9.26,0,1,0,0,0,1,0,1,1,0,0,0,1,1
1PSC,0,1155_30,1,31.50;12.32;40.02,0,0,0,0,0,0,0,0,0,1,0,0,1,1
1PSC,1,1155_30,1,33.28;-47.39;-5.21,0,0,0,0,0,0,0,0,0,1,0,0,1,1
1Q4S,0,3217_30,1,87.53;25.90;23.54,1,0,0,0,0,0,0,1,0,0,1,0,1,1
1Q4S,1,3217_30,1,72.27;57.00;13.09,1,0,0,0,0,0,0,1,0,0,1,0,1,1
1QBV,0,154721_30,2,16.89;-13.62;23.02,0,0,1,0,0,0,0,0,1,0,0,0,1,1
1QJ8,0,4858_30,2,54.96;20.78;26.24,0,0,0,0,0,0,0,0,0,1,0,0,0,0
1RAF,0,185_30,0,12.01;82.23;26.00,1,0,0,0,0,0,0,0,0,0,1,0,0,1
1RAF,1,185_30,0,28.68;94.91;43.73,1,0,0,0,0,0,0,0,0,0,1,0,0,1
1RE1,0,560_30,1,37.21;93.55;19.32,0,0,0,0,0,0,0,0,1,0,1,0,1,1
1REF,0,1276_30,3,81.67;22.80;10.90,0,0,0,1,0,0,1,0,1,0,1,0,0,0
1REQ,0,24277_30,0,69.24;54.21;-13.77,1,0,0,0,0,0,0,1,1,0,1,0,1,1
1REQ,1,24277_30,0,-27.92;107.86;44.54,1,0,0,0,0,0,0,1,1,0,1,0,1,1
1RGA,0,2723_30,3,18.27;34.99;20.94,1,0,0,0,0,0,0,0,0,0,1,0,1,1
1RGA,1,2723_30,3,22.06;44.68;20.47,0,0,0,0,0,0,0,0,0,1,1,0,1,1
1RW8,0,2747_30,3,5.00;16.17;10.32,0,0,0,0,0,0,0,0,1,0,0,1,1,0
1S5N,0,883_30,1,16.51;34.58;5.68,0,0,0,1,0,0,1,0,1,0,1,0,0,0
1SNM,0,535_30,4,4.47;15.63;24.37,1,0,0,0,0,0,0,0,0,0,1,0,0,1
1T1R,0,253_30,1,14.47;9.87;60.28,0,0,0,0,0,0,0,0,1,0,1,0,1,1
1T1R,1,253_30,1,21.57;18.90;26.21,0,0,0,0,0,0,0,0,1,0,1,0,1,1
1TA8,0,125_30,4,6.03;33.15;25.94,0,0,0,0,0,0,0,0,1,0,1,0,1,1
1TRB,0,2011_30,3,26.32;30.97;-11.96,1,0,0,0,0,0,0,1,1,0,1,0,1,1
1TSN,0,113_30,4,42.51;-14.94;41.50,1,0,0,0,0,0,0,0,1,0,1,0,0,1
1TSN,1,113_30,4,43.77;-21.94;36.56,0,0,0,0,0,0,0,0,1,0,1,0,1,1
1TZJ,0,1645_30,2,20.25;21.31;155.34,0,0,0,0,0,0,1,0,1,0,1,0,1,1
1TZJ,1,1645_30,2,-8.36;33.37;147.08,0,0,0,0,0,0,1,0,1,0,1,0,1,1
1TZJ,2,1645_30,2,7.53;30.37;106.32,0,0,0,0,0,0,1,0,1,0,1,0,1,1
1TZJ,3,1645_30,2,17.41;1.49;116.17,0,0,0,0,0,0,1,0,1,0,1,0,1,1
1U1I,0,33194_30,4,18.76;-21.87;-5.19,1,0,0,0,0,0,0,1,1,0,1,0,1,1
1U1I,1,33194_30,4,-19.11;13.82;-18.47,1,0,0,0,0,0,0,1,1,0,1,0,1,1
1U1I,2,33194_30,4,18.73;21.84;3.92,1,0,0,0,0,0,0,1,1,0,1,0,1,1
1U1I,3,33194_30,4,-19.61;-13.44;17.50,1,0,0,0,0,0,0,1,1,0,1,0,1,1
1U30,0,1827_30,3,13.96;15.77;39.67,0,0,0,1,0,0,0,1,1,0,1,0,0,1
1U30,1,1827_30,3,4.24;14.41;41.51,0,0,0,0,0,0,1,0,0,0,1,0,0,1
1U32,0,694_30,3,87.52;51.16;22.50,0,0,0,0,0,0,0,1,0,1,0,0,0,1
1U9M,0,4208_30,2,-0.78;31.98;11.59,0,1,0,0,0,1,0,1,0,0,0,0,1,1
1U9M,1,4208_30,2,29.58;-32.01;-10.94,0,1,0,0,0,1,0,1,0,0,0,0,1,1
1U9M,2,4208_30,2,4.08;10.15;12.16,0,1,0,0,0,1,0,1,1,0,0,0,1,1
1U9M,3,4208_30,2,22.82;-10.28;37.94,0,1,0,0,0,1,0,1,0,0,0,0,1,1
1U9M,4,4208_30,2,48.28;53.90;10.32,0,1,0,0,0,1,0,1,0,0,0,0,1,1
1U9M,5,4208_30,2,22.68;11.63;33.29,0,1,0,0,0,1,0,1,1,0,0,0,1,1
1UBM,0,1191_30,4,61.25;43.92;73.65,0,0,0,0,0,1,1,0,1,0,0,1,0,1
1UBM,1,1191_30,4,59.18;58.94;56.03,0,0,0,0,0,1,1,0,1,0,0,1,0,1
1UBM,2,1191_30,4,54.94;49.17;86.60,0,0,0,0,0,1,1,0,1,0,1,0,0,1
1UEU,0,3232_30,0,13.48;26.09;33.85,1,0,0,0,0,0,0,0,1,0,1,0,0,1
1UHE,0,860_30,4,-15.00;86.12;13.84,0,0,0,0,0,0,1,0,1,0,1,0,0,1
1UHJ,0,6558_30,3,-0.90;-1.57;1.33,0,0,0,0,0,0,0,0,1,0,0,0,1,0
1UHJ,1,6558_30,3,17.63;31.59;20.11,0,0,0,0,0,0,0,0,1,0,0,0,1,0
1UIW,0,109_30,3,20.62;27.54;-20.24,0,1,0,0,0,1,0,1,0,0,0,0,1,1
1UIW,1,109_30,3,44.37;16.95;8.57,0,1,0,0,0,1,0,1,0,0,0,0,1,1
1UIW,2,109_30,3,23.84;29.89;16.86,0,1,0,0,0,1,0,1,0,0,0,0,1,1
1UIW,3,109_30,3,7.90;7.72;-10.83,0,1,0,0,0,1,0,1,0,0,0,0,1,1
1UIW,4,109_30,3,0.70;-3.78;68.01,0,1,0,0,0,1,0,1,0,0,0,0,1,1
1UIW,5,109_30,3,24.51;3.22;38.23,0,1,0,0,0,1,0,1,0,0,0,0,1,1
1UIW,6,109_30,3,4.17;-10.81;31.82,0,1,0,0,0,1,0,1,0,0,0,0,1,1
1UIW,7,109_30,3,-11.79;14.62;56.06,0,1,0,0,0,1,0,1,0,0,0,0,1,1
1UMA,0,241_30,1,17.20;-14.15;21.16,0,0,0,0,0,0,0,0,0,0,1,0,0,1
1UMB,0,6974_30,1,35.36;32.52;58.09,0,0,0,0,0,0,0,0,1,0,1,0,1,1
1UMB,1,6974_30,1,31.08;50.67;82.17,0,0,0,0,0,0,0,0,1,0,1,0,1,1
1UX9,0,13285_30,4,17.21;4.54;51.82,0,1,0,0,0,1,0,1,1,0,0,0,1,1
1UX9,1,13285_30,4,28.70;-4.63;39.63,0,0,0,0,0,1,1,0,0,0,1,0,0,1
1UX9,2,13285_30,4,20.23;-13.07;24.03,0,1,0,0,0,1,0,1,1,0,0,0,1,1
1UX9,3,13285_30,4,8.69;-4.61;36.85,0,0,0,0,0,1,1,0,0,0,1,0,0,1
1UZ4,0,26156_30,0,74.50;12.62;32.86,0,0,0,0,0,0,1,0,1,0,1,0,0,0
1V0M,0,5951_30,3,5.53;13.32;16.72,0,0,0,1,0,0,1,0,0,0,1,0,0,0
1V5Y,0,4863_30,3,62.54;29.60;18.38,1,0,0,0,0,0,0,1,1,0,1,0,1,1
1V5Y,1,4863_30,3,63.23;1.36;18.29,1,0,0,0,0,0,0,1,1,0,1,0,1,1
1V9N,0,8045_30,2,17.42;67.12;94.40,1,0,0,0,0,0,0,1,1,0,1,0,1,1
1VP4,0,10340_30,2,-24.90;119.87;9.92,0,0,0,0,0,0,1,0,1,0,1,0,1,1
1VP4,1,10340_30,2,-19.76;139.80;29.70,0,0,0,0,0,0,1,0,1,0,1,0,1,1
1WAD,0,6336_30,2,-1.84;0.90;3.58,0,1,0,0,0,1,0,1,0,0,0,0,1,1
1WAD,1,6336_30,2,-6.82;1.12;-8.21,0,1,0,0,0,1,0,1,0,0,0,0,1,1
1WAD,2,6336_30,2,8.36;4.27;-1.78,0,1,0,0,0,1,0,1,0,0,0,0,1,1
1WAD,3,6336_30,2,8.14;-6.54;-8.66,0,1,0,0,0,1,0,1,1,0,0,0,1,1
1WC0,0,12538_30,4,19.70;3.28;59.12,0,0,0,0,0,0,0,0,1,0,1,0,1,1
1WC0,1,12538_30,4,33.55;3.67;57.85,0,0,0,0,0,0,0,0,1,0,1,0,1,1
1WCQ,0,17695_30,1,-32.15;57.29;75.55,0,0,0,1,0,0,0,0,1,0,1,0,0,1
1WCQ,1,17695_30,1,52.29;-31.88;37.34,0,0,0,1,0,0,0,0,1,0,1,0,0,1
1WCQ,2,17695_30,1,9.12;22.06;20.75,0,0,0,1,0,0,0,0,1,0,1,0,0,1
1WTC,0,13739_30,0,15.87;56.06;27.18,0,0,0,0,0,0,1,0,1,0,1,0,1,1
1WTC,1,13739_30,0,-1.83;54.83;29.83,1,0,0,0,0,0,0,0,0,1,1,0,1,1
1WUA,0,53_30,0,12.58;-6.82;17.34,1,0,0,0,0,0,0,0,1,0,1,0,1,1
1XGI,0,1064_30,3,80.38;5.43;30.01,0,0,0,0,0,0,0,0,0,0,1,0,1,1
1XJM,0,16098_30,4,-85.83;-36.38;-20.92,1,0,0,0,0,0,0,0,1,0,1,0,0,1
1XJM,1,16098_30,4,-88.94;-63.07;2.38,1,0,0,0,0,0,0,0,0,0,1,0,0,1
1XJM,2,16098_30,4,-77.59;-64.99;-13.99,1,0,0,0,0,0,0,0,1,0,1,0,0,1
1XJM,3,16098_30,4,-86.34;-44.12;-42.59,1,0,0,0,0,0,0,0,0,0,1,0,0,1
1XK3,0,1267_30,4,18.10;0.46;4.71,0,1,0,0,0,1,0,1,0,0,0,0,1,1
1XK3,1,1267_30,4,25.05;21.94;-35.01,0,1,0,0,0,1,0,1,0,0,0,0,1,1
1XQ3,0,1544_30,2,27.39;2.08;4.53,0,0,0,0,1,0,0,0,1,0,0,1,0,0
1XXN,0,5651_30,1,7.58;8.82;1.73,0,0,0,0,0,0,1,0,0,0,1,0,0,1
1Y30,0,27009_30,1,11.54;25.83;46.74,1,0,0,0,0,0,0,0,0,0,1,0,1,1
1Y8J,0,2490_30,1,-22.72;48.39;16.21,0,0,0,0,0,0,0,0,1,0,0,0,1,1
1YBQ,0,12080_30,1,52.41;28.45;18.79,0,0,0,0,0,0,0,0,1,0,1,0,1,1
1YBQ,1,12080_30,1,31.94;-9.36;55.67,0,0,0,0,0,0,0,0,1,0,1,0,1,1
1YEA,0,494_30,4,3.17;20.22;13.71,0,1,0,0,0,1,0,1,1,0,0,0,1,1
1YNU,0,3849_30,3,20.49;0.28;20.86,0,0,0,0,0,0,0,0,1,0,1,0,1,1
1YWA,0,2727_30,2,10.80;21.31;36.08,0,1,0,0,0,1,0,1,1,0,0,0,1,1
1YWB,0,2727_30,2,10.73;21.25;36.08,0,1,0,0,0,1,0,1,1,0,0,0,1,1
1YWQ,0,6847_30,1,25.02;20.93;-5.13,1,0,0,0,0,0,0,0,0,1,1,0,1,1
1YZN,0,1481_30,1,4.17;28.72;13.57,1,0,0,0,0,0,0,0,1,0,1,0,1,1
1Z84,0,19545_30,3,36.96;-3.01;-26.49,1,0,0,0,0,0,0,0,1,0,1,0,1,1
1Z84,1,19545_30,3,-2.68;1.40;-21.57,1,0,0,0,0,0,0,0,1,0,1,0,1,1
1ZEJ,0,5063_30,4,24.89;43.31;0.03,0,0,0,0,0,0,0,0,0,1,1,0,0,0
1ZPZ,0,1250_30,4,-0.88;20.08;11.85,0,0,0,0,0,0,0,1,0,0,0,0,1,1
1ZZ1,0,6192_30,4,-6.65;-10.43;38.01,0,0,0,0,0,0,0,0,1,0,0,0,1,0
1ZZ1,1,6192_30,4,-28.70;16.24;-16.45,0,0,0,0,0,0,0,0,1,0,0,0,1,0
1ZZ1,2,6192_30,4,-1.47;21.81;-6.03,0,0,0,0,0,0,0,0,1,0,0,0,1,0
1ZZ1,3,6192_30,4,22.65;-6.25;42.69,0,0,0,0,0,0,0,0,1,0,0,0,1,0
24AQ,0,4616_30,3,7.61;-15.61;15.48,1,0,0,0,0,0,0,0,0,0,1,0,0,1
2A2S,0,688_30,1,10.79;7.83;26.32,0,0,0,0,0,0,0,0,0,0,1,0,0,1
2A2S,1,688_30,1,13.95;15.50;5.53,0,0,0,0,0,0,0,0,1,0,1,0,0,1
2A3A,0,4891_30,2,93.10;72.97;-7.80,0,0,0,0,0,0,0,1,0,0,1,0,1,0
2A3A,1,4891_30,2,95.10;63.14;-11.39,0,0,0,0,0,0,1,0,0,0,1,0,1,0
2A3A,2,4891_30,2,73.62;4.75;-0.08,0,0,0,0,0,0,1,0,1,0,1,0,1,0
2A3A,3,4891_30,2,73.90;13.07;-5.05,0,0,0,0,0,0,1,0,0,0,1,0,1,0
2A3A,4,4891_30,2,71.71;-0.00;-7.13,0,0,0,0,0,0,0,0,0,1,1,0,1,0
2A4R,0,1027_30,3,196.73;-6.61;49.44,0,0,0,0,0,0,0,1,0,0,0,0,1,1
2A7X,0,176_30,4,-3.72;1.25;23.26,1,0,0,0,0,0,0,0,1,0,1,0,1,1
2A8T,0,10946_30,1,17.87;56.30;-0.41,1,0,0,0,0,0,0,0,0,1,1,0,0,1
2A8T,1,10946_30,1,26.73;50.98;3.78,0,0,0,0,0,0,0,0,1,0,1,0,1,1
2A8T,2,10946_30,1,29.21;17.82;-9.43,1,0,0,0,0,0,0,0,0,1,1,0,0,1
2A8T,3,10946_30,1,31.26;26.87;-15.22,0,0,0,0,0,0,0,0,1,0,1,0,1,1
2ABK,0,7976_30,1,25.37;16.96;51.83,0,0,0,0,0,1,1,0,1,0,0,1,0,1
2AG4,0,15671_30,0,2.46;16.52;77.93,0,0,0,0,1,0,0,1,0,0,0,0,0,1
2AG4,1,15671_30,0,-8.76;23.14;43.03,0,0,0,0,1,0,0,1,0,0,0,0,0,1
2AL1,0,24_30,0,28.35;5.24;12.78,0,0,0,0,0,0,1,0,1,0,1,0,0,1
2AL1,1,24_30,0,10.88;-4.34;37.30,0,0,0,0,0,0,1,0,1,0,1,0,0,1
2AL5,0,211_30,0,20.51;62.27;28.54,0,0,0,0,0,0,1,0,1,0,1,0,0,1
2AL5,1,211_30,0,20.08;78.57;28.22,0,0,0,0,0,0,0,0,1,0,0,0,1,0
2AL5,2,211_30,0,20.49;94.13;25.42,0,0,0,0,0,0,1,0,1,0,1,0,0,1
2AN9,0,774_30,3,22.43;-1.76;-5.11,1,0,0,0,0,0,0,0,1,0,1,0,1,1
2AN9,1,774_30,3,11.85;-15.28;-1.38,0,0,0,0,0,0,0,0,0,1,1,0,1,1
2AN9,2,774_30,3,14.48;16.94;41.45,1,0,0,0,0,0,0,0,1,0,1,0,1,1
2AN9,3,774_30,3,-1.63;19.20;37.72,0,0,0,0,0,0,0,0,0,1,1,0,1,1
2AUQ,0,2868_30,0,42.58;-1.58;19.46,0,1,0,0,0,1,0,1,1,0,0,0,1,1
2AUQ,1,2868_30,0,29.37;0.01;9.12,0,1,0,0,0,1,0,1,1,0,0,0,1,1
2AVN,0,247783_30,0,45.85;23.13;6.74,0,0,0,0,0,0,0,0,1,0,1,0,1,1
2AVN,1,247783_30,0,20.96;47.04;-33.59,0,0,0,0,0,0,0,0,1,0,1,0,1,1
2AX0,0,917_30,2,8.97;33.92;76.70,0,0,0,0,0,0,0,0,1,0,0,0,1,0
2AX0,1,917_30,2,14.81;34.55;129.22,0,0,0,0,0,0,0,0,1,0,0,0,1,0
2B00,0,623_30,1,37.41;13.72;17.27,0,0,0,0,1,0,0,0,1,0,0,0,0,1
2BGU,0,10639_30,3,56.13;3.03;15.48,1,0,0,0,0,0,0,0,1,0,1,0,0,1
2BIA,0,566_30,0,50.94;24.24;7.54,0,0,0,0,0,0,1,0,1,0,1,0,1,1
2BIA,1,566_30,0,29.45;24.13;23.09,0,0,0,0,0,0,1,0,1,0,1,0,1,1
2BIG,0,566_30,0,51.09;24.36;7.69,0,0,0,0,0,0,1,0,1,0,1,0,1,1
2BIG,1,566_30,0,29.48;24.59;23.10,0,0,0,0,0,0,1,0,1,0,1,0,1,1
2BKL,0,1501_30,1,-41.25;-3.84;12.54,0,0,0,0,0,0,0,0,1,0,0,0,1,1
2BKL,1,1501_30,1,-30.32;-11.88;58.43,0,0,0,0,0,0,0,0,1,0,0,0,1,1
2BKL,2,1501_30,1,-1.80;-5.75;41.49,0,0,0,0,0,0,0,0,0,0,0,0,1,1
2BKS,0,1093_30,0,127.69;18.56;41.53,0,0,0,0,0,0,0,1,1,0,0,0,1,1
2BT6,0,3639_30,2,19.46;4.67;10.34,0,0,0,0,0,1,0,1,0,1,0,0,1,0
2BT6,1,3639_30,2,35.50;30.98;23.78,0,0,0,0,0,1,0,1,0,1,0,0,1,0
2C27,0,3128_30,3,3.85;3.71;17.79,0,0,0,1,0,0,0,0,1,0,1,0,0,1
2C27,1,3128_30,3,3.68;10.43;-4.43,1,0,0,0,0,0,0,1,0,0,1,0,1,1
2C27,2,3128_30,3,12.91;5.92;30.51,1,0,0,0,0,0,0,0,1,0,1,0,0,1
2C29,0,1009_30,1,76.85;62.52;29.26,1,0,0,0,0,0,0,1,1,0,1,0,1,1
2C29,1,1009_30,1,76.40;67.37;40.23,0,0,0,0,0,0,0,0,1,0,0,0,1,0
2C29,2,1009_30,1,50.19;31.87;39.31,1,0,0,0,0,0,0,1,1,0,1,0,1,1
2C29,3,1009_30,1,45.47;32.58;28.33,0,0,0,0,0,0,0,0,1,0,0,0,1,0
2C2N,0,13607_30,4,47.00;6.24;35.10,0,0,0,0,0,0,0,0,0,0,0,0,0,0
2C2Z,0,5762_30,1,-10.34;29.36;16.71,0,0,0,0,0,0,1,0,1,0,0,0,0,0
2C4M,0,513_30,0,-71.41;93.77;104.13,0,0,0,0,0,0,1,0,1,0,1,0,1,1
2C4M,1,513_30,0,-104.94;94.07;54.94,0,0,0,0,0,0,1,0,1,0,1,0,1,1
2C4M,2,513_30,0,-84.75;38.94;70.26,0,0,0,0,0,0,1,0,1,0,1,0,1,1
2C4M,3,513_30,0,-80.85;39.56;129.73,0,0,0,0,0,0,1,0,1,0,1,0,1,1
2CDC,0,13090_30,4,12.05;-0.23;9.52,1,0,0,0,0,0,0,1,0,0,1,0,1,1
2CDC,1,13090_30,4,20.10;1.13;59.09,1,0,0,0,0,0,0,1,0,0,1,0,1,1
2CDC,2,13090_30,4,30.02;-1.82;51.13,0,0,0,1,0,0,1,0,1,0,1,0,0,0
2CDC,3,13090_30,4,22.33;-37.91;10.26,1,0,0,0,0,0,0,1,0,0,1,0,1,1
2CDC,4,13090_30,4,31.92;-33.94;18.11,0,0,0,1,0,0,1,0,1,0,1,0,0,0
2CDC,5,13090_30,4,14.21;-37.29;59.88,1,0,0,0,0,0,0,1,0,0,1,0,1,1
2CDV,0,6336_30,2,23.58;40.25;25.86,0,1,0,0,0,1,0,1,1,0,0,0,1,1
2CDV,1,6336_30,2,33.11;50.78;17.97,0,1,0,0,0,1,0,1,1,0,0,0,1,1
2CDV,2,6336_30,2,33.54;53.52;30.32,0,1,0,0,0,1,0,1,1,0,0,0,1,1
2CDV,3,6336_30,2,34.53;41.83;32.46,0,1,0,0,0,1,0,1,0,0,0,0,1,1
2CES,0,846_30,2,-1.34;10.70;9.42,0,0,0,0,0,0,1,0,1,0,1,0,1,1
2CES,1,846_30,2,-19.02;-29.50;-5.28,0,0,0,0,0,0,1,0,1,0,1,0,1,1
2CFI,0,112_30,3,33.91;12.29;18.43,0,0,0,0,0,0,1,0,1,0,1,0,1,1
2CHX,0,1660_30,0,45.72;12.59;31.26,0,0,0,0,0,0,0,0,1,0,0,0,1,1
2CJE,0,14521_30,4,-12.31;31.92;-3.35,1,0,0,0,0,0,0,0,1,0,1,0,0,1
2CJZ,0,12537_30,1,10.29;-17.38;-15.28,0,0,1,0,0,0,0,0,0,0,1,0,1,1
2CLM,0,75_30,2,49.95;25.93;13.30,0,0,0,0,0,0,0,0,1,0,0,0,1,1
2CLM,1,75_30,2,80.66;15.57;11.44,0,0,0,0,0,0,0,0,1,0,1,0,1,1
2CZC,0,3749_30,0,37.29;7.90;-1.85,1,0,0,0,0,0,0,1,0,0,1,0,1,1
2CZC,1,3749_30,0,3.30;7.10;-20.29,1,0,0,0,0,0,0,1,0,0,1,0,1,1
2CZC,2,3749_30,0,46.90;-5.71;-28.71,1,0,0,0,0,0,0,1,0,0,1,0,1,1
2CZC,3,3749_30,0,12.42;-22.67;-26.17,1,0,0,0,0,0,0,1,0,0,1,0,1,1
2D06,0,1548_30,4,138.62;-63.35;-2.01,1,0,0,0,0,0,0,0,1,0,1,0,1,1
2D06,1,1548_30,4,129.01;-55.66;0.43,0,0,0,0,0,0,0,0,1,0,0,1,1,0
2D06,2,1548_30,4,156.56;-62.56;38.30,1,0,0,0,0,0,0,0,1,0,1,0,1,1
2D06,3,1548_30,4,165.71;-54.31;35.80,0,0,0,0,0,0,0,0,1,0,0,1,1,0
2DD7,0,1997_30,2,47.37;52.72;92.31,0,0,0,0,0,0,1,0,0,1,0,0,0,1
2DE3,0,31817_30,4,122.82;12.60;16.93,0,0,0,0,0,0,0,0,1,0,0,0,1,0
2DE3,1,31817_30,4,153.40;-12.35;40.87,0,0,0,0,0,0,0,0,1,0,0,0,1,0
2DRE,0,27758_30,0,16.90;39.59;-6.47,0,1,0,0,1,1,0,1,0,0,0,1,1,1
2DRE,1,27758_30,0,25.24;32.98;6.59,0,1,0,0,1,1,0,1,0,0,0,1,1,1
2DV7,0,1587_30,0,28.41;91.39;66.78,0,0,0,0,0,0,0,0,1,0,1,0,1,1
2E1T,0,4052_30,2,29.74;-6.58;76.38,1,0,0,0,0,0,0,1,0,0,1,0,1,1
2E1T,1,4052_30,2,32.65;-3.91;29.18,1,0,0,0,0,0,0,1,0,0,1,0,1,1
2ECU,0,1979_30,1,26.70;22.73;64.50,0,0,0,0,0,0,0,0,0,0,1,0,0,0
2F07,0,87472_30,1,36.58;25.15;24.78,0,0,0,0,0,0,1,0,1,0,1,0,0,0
2F07,1,87472_30,1,40.00;19.00;16.19,0,0,0,0,0,0,1,0,1,0,1,0,0,0
2F6V,0,1950_30,3,-13.57;45.99;50.29,0,0,0,0,0,0,0,0,0,0,0,0,1,1
2F8P,0,6558_30,3,7.30;30.46;32.67,0,0,0,0,0,0,0,0,1,0,0,0,1,0
2FDU,0,448_30,4,52.64;82.19;58.72,0,1,0,0,0,1,0,1,1,0,0,0,1,1
2FDU,1,448_30,4,48.08;33.88;54.50,0,1,0,0,0,1,0,1,1,0,0,0,1,1
2FDU,2,448_30,4,28.86;30.18;97.02,0,1,0,0,0,1,0,1,1,0,0,0,1,1
2FDU,3,448_30,4,70.62;78.00;101.69,0,1,0,0,0,1,0,1,1,0,0,0,1,1
2FEQ,0,210168_30,4,16.25;20.08;22.80,0,0,1,0,0,0,0,0,1,0,0,0,1,1
2FS9,0,3881_30,2,59.45;41.79;85.95,0,0,0,0,0,0,0,1,0,0,0,0,1,1
2FS9,1,3881_30,2,64.90;13.19;103.02,0,0,0,0,0,0,0,1,0,0,0,0,1,1
2FS9,2,3881_30,2,59.77;3.34;86.96,0,0,0,0,0,0,0,1,0,0,0,0,1,1
2FS9,3,3881_30,2,64.90;31.77;69.66,0,0,0,0,0,0,0,1,0,0,0,0,1,1
2FSZ,0,3336_30,1,94.71;20.71;-4.09,0,0,0,0,0,0,0,0,1,0,0,1,1,0
2FSZ,1,3336_30,1,101.72;31.68;3.99,0,0,0,0,0,0,0,0,0,0,0,1,1,0
2FSZ,2,3336_30,1,85.23;11.85;23.04,0,0,0,0,0,0,0,0,1,0,0,1,1,0
2FSZ,3,3336_30,1,74.28;5.28;15.03,0,0,0,0,0,0,0,0,0,0,0,1,1,0
2G19,0,2770_30,3,3.55;45.01;25.84,0,0,0,0,0,0,0,0,1,0,0,0,1,1
2GC3,0,7853_30,3,-23.29;-1.16;13.55,0,0,0,1,0,0,0,0,1,0,1,0,0,1
2GC3,1,7853_30,3,-11.96;-25.43;16.47,0,0,0,1,0,0,0,0,1,0,1,0,0,1
2GFJ,0,2393_30,1,11.46;29.07;32.21,0,0,0,0,0,0,0,0,0,0,0,0,1,1
2GFJ,1,2393_30,1,19.10;24.80;1.30,0,0,0,0,0,0,0,0,0,0,0,0,1,1
2GJL,0,7768_30,4,31.11;34.51;26.90,1,0,0,0,0,0,0,0,1,0,1,0,1,1
2GXS,0,7097_30,1,41.48;4.24;-3.78,1,0,0,0,0,0,0,0,0,0,1,0,1,1
2GXS,1,7097_30,1,59.85;-3.09;23.84,1,0,0,0,0,0,0,0,0,0,1,0,1,1
2HA6,0,307_30,0,30.48;21.24;11.40,0,0,0,0,0,0,0,0,1,0,0,0,0,1
2HA6,1,307_30,0,22.77;27.47;23.04,0,0,0,0,0,0,0,0,0,0,0,0,0,1
2HA6,2,307_30,0,9.67;-6.47;-37.45,0,0,0,0,0,0,0,0,1,0,0,0,0,1
2HA6,3,307_30,0,-4.93;-7.77;-42.33,0,0,0,0,0,0,0,0,0,0,0,0,0,1
2HNV,0,4443_30,4,49.75;-8.65;6.19,0,0,1,0,0,0,0,0,0,0,0,0,1,1
2HNV,1,4443_30,4,19.98;-5.39;25.37,0,0,1,0,0,0,0,0,0,0,0,0,1,1
2HNV,2,4443_30,4,105.19;-19.53;-8.58,0,0,1,0,0,0,0,0,0,0,0,0,1,1
2HNV,3,4443_30,4,75.80;-38.88;-5.86,0,0,1,0,0,0,0,0,0,0,0,0,1,1
2HNV,4,4443_30,4,60.87;-16.61;7.00,0,0,1,0,0,0,0,0,1,0,0,0,1,1
2HUW,0,2571_30,4,13.05;57.57;8.61,0,0,0,0,0,0,0,1,0,0,1,0,1,1
2HUW,1,2571_30,4,17.73;85.69;28.11,0,0,0,0,0,0,0,1,0,0,1,0,1,1
2HVO,0,879_30,3,21.03;-6.25;27.50,1,0,0,0,0,0,0,1,1,0,1,0,1,1
2HVO,1,879_30,3,16.47;-6.34;14.20,0,0,0,0,0,0,0,0,1,0,0,0,1,1
2HY8,0,2976_30,2,14.16;70.08;16.19,0,0,0,0,0,0,0,1,1,0,0,0,1,1
2HZA,0,1218_30,1,6.03;36.43;23.01,0,0,0,1,0,0,0,0,0,1,0,0,0,0
2I6B,0,5062_30,2,3.81;-3.06;24.46,0,0,0,0,0,0,0,0,0,0,0,0,1,1
2I6B,1,5062_30,2,63.66;57.16;11.96,0,0,0,0,0,0,0,0,0,0,0,0,1,1
2I7O,0,1278_30,1,20.59;-1.43;2.74,0,0,0,0,0,1,0,0,0,1,0,0,1,0
2I9V,0,1969_30,4,5.58;-22.41;10.37,0,0,0,0,0,0,1,0,1,0,0,0,0,1
2IDO,0,53880_30,3,34.85;35.16;24.38,1,0,0,0,0,0,0,0,0,0,1,0,0,1
2IDO,1,53880_30,3,19.20;56.51;8.86,1,0,0,0,0,0,0,0,1,0,1,0,0,1
2IO6,0,5512_30,3,3.82;54.11;26.48,0,0,0,0,0,0,0,0,1,0,0,0,1,0
2ISK,0,21341_30,0,3.63;-5.10;12.45,1,0,0,0,0,0,0,0,1,0,1,0,1,1
2ISK,1,21341_30,0,8.99;5.13;-9.98,1,0,0,0,0,0,0,0,1,0,1,0,1,1
2ISK,2,21341_30,0,-12.97;-47.30;3.27,1,0,0,0,0,0,0,0,1,0,1,0,1,1
2ISK,3,21341_30,0,9.66;-37.47;8.40,1,0,0,0,0,0,0,0,1,0,1,0,1,1
2ISK,4,21341_30,0,35.44;17.02;32.99,1,0,0,0,0,0,0,0,1,0,1,0,1,1
2ISK,5,21341_30,0,40.74;6.68;55.47,1,0,0,0,0,0,0,0,1,0,1,0,1,1
2ISK,6,21341_30,0,44.82;-25.83;48.75,1,0,0,0,0,0,0,0,1,0,1,0,1,1
2ISK,7,21341_30,0,22.07;-35.70;53.91,1,0,0,0,0,0,0,0,1,0,1,0,1,1
2IXC,0,11326_30,1,-2.09;2.32;-15.25,1,0,0,0,0,0,0,1,1,0,1,0,0,1
2IXC,1,11326_30,1,2.34;-2.61;15.30,1,0,0,0,0,0,0,1,1,0,1,0,0,1
2IXC,2,11326_30,1,27.02;27.43;57.30,1,0,0,0,0,0,0,1,1,0,1,0,0,1
2IXC,3,11326_30,1,19.09;24.00;27.28,1,0,0,0,0,0,0,1,1,0,1,0,0,1
2IYF,0,10633_30,0,-12.64;-7.64;-21.23,0,0,0,0,0,0,0,1,0,0,0,0,0,1
2IYF,1,10633_30,0,-5.33;4.06;-34.92,1,0,0,0,0,0,0,0,0,0,1,0,0,1
2IYF,2,10633_30,0,-49.14;-14.89;-15.51,0,0,0,0,0,0,0,1,0,0,0,0,0,1
2IYF,3,10633_30,0,-50.65;-35.97;-16.65,1,0,0,0,0,0,0,0,0,0,1,0,0,1
2J9X,0,75_30,2,50.05;29.57;12.84,0,0,0,0,0,0,1,0,1,0,1,0,0,1
2J9X,1,75_30,2,81.42;14.94;11.63,0,0,0,0,0,0,0,0,1,0,1,0,1,1
2JCJ,0,4151_30,2,21.20;12.76;2.76,1,0,0,0,0,0,0,0,1,0,1,0,0,1
2JDZ,0,1153_30,4,35.92;-0.72;24.67,0,0,0,1,0,0,0,0,0,0,0,0,1,0
