pdb,resolution,cluster30,fold,uniprot,chains,ligands
13TC,1.7,3581_30,1,P0DTD2,AB,"[[""2FX"", [""B""], ""non-polymer"", 192.2, 0]]"
1A28,1.8,6181_30,4,P06401,AB,"[[""STR"", [""A"", ""B""], ""non-polymer"", 314.5, 0]]"
1B0P,2.31,6707_30,1,P94692,AB,"[[""SF4"", [""A"", ""B""], ""non-polymer"", 351.6, 0], [""TPP"", [""A"", ""B""], ""non-polymer"", 425.3, 1]]"
1DK0,1.77,4258_30,0,Q54450,AB,"[[""HEM"", [""A"", ""B""], ""non-polymer"", 616.5, 0]]"
1EWH,2.35,967_30,3,P23577,ABC,"[[""HEC"", [""A"", ""B"", ""C""], ""non-polymer"", 620.5, 0]]"
1FDD,1.9,3381_30,2,P00214,A,"[[""SF4"", [""A""], ""non-polymer"", 351.6, 0]]"
1IG0,1.8,42448_30,4,P35202,AB,"[[""VIB"", [""A"", ""B""], ""non-polymer"", 265.4, 1]]"
1IO3,1.9,24326_30,1,P00083,A,"[[""HEC"", [""A""], ""non-polymer"", 620.5, 0]]"
1JAF,2.5,3062_30,4,P00142,AB,"[[""HEC"", [""A"", ""B""], ""non-polymer"", 620.5, 0]]"
1JS2,1.9,6389_30,0,P00260,ABCD,"[[""SF4"", [""A"", ""B"", ""C"", ""D""], ""non-polymer"", 351.6, 0]]"
1JXM,2.0,2313_30,1,P31016,A,"[[""5GP"", [""A""], ""non-polymer"", 363.2, 0]]"
1KWU,1.95,6628_30,0,P19999,ABC,"[[""MMA"", [""A"", ""B"", ""C""], ""D-saccharide"", 194.2, 0]]"
1LXY,2.0,1271_30,4,P23793,AB,"[[""CIR"", [""A"", ""B""], ""L-peptide linking"", 175.2, 0]]"
1MMZ,1.8,10856_30,1,Q9ZB17,AB,"[[""ARB"", [""A"", ""B""], ""L-saccharide, beta linking"", 150.1, 0]]"
1P3U,1.75,38671_30,4,Q9RGD9,A,"[[""HEM"", [""A""], ""non-polymer"", 616.5, 0]]"
1REQ,2.0,24277_30,0,P11652;P11653,ABCD,"[[""DCA"", [""A"", ""C""], ""non-polymer"", 735.5, 0]]"
1U1I,1.9,33194_30,4,O28480,ABCD,"[[""NAD"", [""A"", ""B"", ""C"", ""D""], ""non-polymer"", 663.4, 0]]"
1UMB,2.1,6974_30,1,Q5SLR3;Q5SLR4,ABCD,"[[""TPP"", [""A"", ""C""], ""non-polymer"", 425.3, 1]]"
1UZ4,1.71,26156_30,0,Q6QT42,A,"[[""IFL"", [""A""], ""non-polymer"", 161.2, 0]]"
1V9N,2.1,8045_30,2,O59028,A,"[[""NDP"", [""A""], ""non-polymer"", 745.4, 0]]"
1WAD,1.8,6336_30,2,P00133,A,"[[""HEC"", [""A""], ""non-polymer"", 620.5, 0]]"
1WC0,2.4,12538_30,4,O32393,AB,"[[""APC"", [""A"", ""B""], ""non-polymer"", 505.2, 0]]"
1WCQ,2.1,17695_30,1,Q02834,ABC,"[[""DAN"", [""A"", ""B"", ""C""], ""D-saccharide"", 291.3, 0]]"
1WTC,1.9,13739_30,0,O59791,A,"[[""PLP"", [""A""], ""non-polymer"", 247.1, 0], [""ACP"", [""A""], ""non-polymer"", 505.2, 0]]"
1YBQ,2.0,12080_30,1,P39377,AB,"[[""BDH"", [""A"", ""B""], ""non-polymer"", 270.2, 0]]"
1Z84,1.83,19545_30,3,Q9FK51,AB,"[[""AMP"", [""A"", ""B""], ""non-polymer"", 347.2, 0]]"
1ZZ1,1.57,6192_30,4,Q70I53,ABCD,"[[""SHH"", [""A"", ""B"", ""C"", ""D""], ""non-polymer"", 264.3, 0]]"
24AQ,1.84,4616_30,3,Q9HB07,A,"[[""C5P"", [""A""], ""non-polymer"", 323.2, 0]]"
2A4R,2.4,1027_30,3,P27958,ABCD,"[[""BNH"", [""A""], ""non-polymer"", 697.8, 0]]"
2ABK,1.85,7976_30,1,P0AB83,A,"[[""SF4"", [""A""], ""non-polymer"", 351.6, 0]]"
2AN9,2.35,774_30,3,P60546,AB,"[[""GMP"", [""A"", ""B""], ""non-polymer"", 283.2, 0], [""GDP"", [""A"", ""B""], ""RNA linking"", 443.2, 0]]"
2AUQ,1.8,2868_30,0,P02213,AB,"[[""HEM"", [""A"", ""B""], ""non-polymer"", 616.5, 0]]"
2AVN,2.35,247783_30,0,Q9X1A9,AB,"[[""SAI"", [""A"", ""B""], ""non-polymer"", 431.3, 0]]"
2C29,1.81,1009_30,1,P93799,DF,"[[""DQH"", [""D"", ""F""], ""non-polymer"", 304.3, 0], [""NAP"", [""D"", ""F""], ""non-polymer"", 743.4, 0]]"
2CDC,1.5,13090_30,4,O93715,ABCD,"[[""XYP"", [""A"", ""B"", ""C"", ""D""], ""D-saccharide, beta linking"", 150.1, 0], [""NAP"", [""A"", ""B"", ""C"", ""D""], ""non-polymer"", 743.4, 0]]"
2CDV,1.8,6336_30,2,P00132,A,"[[""HEC"", [""A""], ""non-polymer"", 620.5, 0]]"
2CJZ,1.7,12537_30,1,P54829,A,"[[""PTR"", [""A""], ""L-peptide linking"", 261.2, 0]]"
2DE3,1.6,31817_30,4,P54997,AB,"[[""OBP"", [""A"", ""B""], ""non-polymer"", 234.3, 0]]"
2DRE,2.0,27758_30,0,O04797,ABCD,"[[""CLA"", [""A"", ""B"", ""C"", ""D""], ""non-polymer"", 893.5, 0]]"
2DV7,2.3,1587_30,0,O58456,AB,"[[""SAH"", [""A""], ""non-polymer"", 384.4, 0]]"
2F07,2.3,87472_30,1,O07001,AB,"[[""BTB"", [""A"", ""B""], ""non-polymer"", 209.2, 0]]"
2FEQ,2.44,210168_30,4,P00734,DHL,"[[""34P"", [""H""], ""peptide-like"", 464.6, 0]]"
2GC3,2.1,7853_30,3,P83194,AB,"[[""M6P"", [""A"", ""B""], ""D-saccharide, alpha linking"", 260.1, 0]]"
2GFJ,1.8,2393_30,1,P52700,AB,"[[""VI"", [""A"", ""B""], ""non-polymer"", 308.3, 0]]"
2GJL,2.0,7768_30,4,Q9I4V0,A,"[[""FMN"", [""A""], ""non-polymer"", 456.3, 0]]"
2HNV,2.5,4443_30,4,P01175,ABCDE,"[[""PHE"", [""A"", ""B"", ""C"", ""D"", ""E""], ""L-peptide linking"", 165.2, 0], [""TYR"", [""A"", ""B"", ""C"", ""D"", ""E""], ""L-peptide linking"", 181.2, 0]]"
2IDO,2.1,53880_30,3,P03007;Q71T70,ABCD,"[[""TMP"", [""A"", ""C""], ""non-polymer"", 322.2, 0]]"
2ISK,2.1,21341_30,0,Q92PC8,ABCDEFGH,"[[""FNR"", [""A"", ""B"", ""C"", ""D"", ""E"", ""F"", ""G"", ""H""], ""non-polymer"", 458.4, 0]]"
2IXC,1.79,11326_30,1,P9WH11,ABCD,"[[""TRH"", [""A"", ""B"", ""C"", ""D""], ""non-polymer"", 548.3, 0]]"
2JI8,2.15,3702_30,0,P40149,AB,"[[""FYN"", [""A"", ""B""], ""non-polymer"", 795.5, 0], [""ADP"", [""A"", ""B""], ""non-polymer"", 427.2, 0], [""TPP"", [""A"", ""B""], ""non-polymer"", 425.3, 1]]"
2OBM,2.25,3622_30,4,B7UMA6,A,"[[""ADP"", [""A""], ""non-polymer"", 427.2, 0]]"
2OLC,2.0,1187_30,1,O31663,AB,"[[""ADP"", [""A"", ""B""], ""non-polymer"", 427.2, 0]]"
2OLN,1.15,53604_30,4,Q9X9P9,A,"[[""FAD"", [""A""], ""non-polymer"", 785.5, 0]]"
2PCG,2.2,1587_30,0,O58456,AB,"[[""SAH"", [""A""], ""non-polymer"", 384.4, 0]]"
2PR5,1.45,13827_30,0,O34627,AB,"[[""FMN"", [""A"", ""B""], ""non-polymer"", 456.3, 0]]"
2PV7,2.0,24338_30,1,P43902,AB,"[[""NAD"", [""A"", ""B""], ""non-polymer"", 663.4, 0], [""TYR"", [""A"", ""B""], ""L-peptide linking"", 181.2, 0]]"
2Q0C,2.2,17541_30,1,Q381M1,AB,"[[""CTP"", [""A""], ""non-polymer"", 483.2, 0]]"
2Q0O,2.0,30723_30,4,P55407;P55408,ABCD,"[[""LAE"", [""A"", ""B""], ""non-polymer"", 241.3, 0]]"
2Q7A,2.1,143600_30,0,Q06A48,AB,"[[""HEM"", [""A"", ""B""], ""non-polymer"", 616.5, 0]]"
2QQ0,1.5,9997_30,0,Q9WYN2,AB,"[[""ADP"", [""B""], ""non-polymer"", 427.2, 0], [""TMP"", [""B""], ""non-polymer"", 322.2, 0], [""ANP"", [""A""], ""non-polymer"", 506.2, 0], [""THM"", [""A""], ""DNA OH 5 prime terminus"", 242.2, 0]]"
2R0C,1.8,13549_30,0,Q8KI25,A,"[[""FAD"", [""A""], ""non-polymer"", 785.5, 0]]"
2R0T,1.9,16498_30,4,Q9F118,AB,"[[""PGU"", [""A"", ""B""], ""non-polymer"", 378.3, 0]]"
2R4Z,1.6,2868_30,0,P02213,AB,"[[""HEM"", [""A"", ""B""], ""non-polymer"", 616.5, 0]]"
2REH,2.4,13035_30,3,Q8X1D8,ABCD,"[[""FAD"", [""A"", ""B"", ""C"", ""D""], ""non-polymer"", 785.5, 0]]"
2V34,2.3,19719_30,1,O67060,AB,"[[""CTN"", [""A"", ""B""], ""non-polymer"", 243.2, 0], [""SG3"", [""B""], ""non-polymer"", 214.1, 0]]"
2V4J,2.1,13083_30,2,P45573;P45574;P45575,ABCDEF,"[[""SH0"", [""A"", ""D""], ""non-polymer"", 868.9, 0], [""SF4"", [""A"", ""B"", ""D"", ""E""], ""non-polymer"", 351.6, 0]]"
2VD8,1.47,1189_30,1,A0A6L7HC45,AB,"[[""PLP"", [""A"", ""B""], ""non-polymer"", 247.1, 0]]"
2VNV,1.7,2604_30,0,B4EH87,ABCDE,"[[""MMA"", [""A"", ""B"", ""C"", ""D"", ""E""], ""D-saccharide"", 194.2, 0]]"
2VRX,1.86,16909_30,2,O13024;Q6DE08,ABCD,"[[""447"", [""A"", ""B""], ""non-polymer"", 513.6, 0]]"
2WGH,2.3,2383_30,1,P23921,AB,"[[""DTP"", [""A"", ""B""], ""non-polymer"", 491.2, 0]]"
2WR8,1.77,21087_30,3,O58212,A,"[[""SAH"", [""A""], ""non-polymer"", 384.4, 0]]"
2X9I,2.2,41619_30,4,Q58MU6,ABCD,"[[""BLA"", [""A"", ""B"", ""C"", ""D""], ""non-polymer"", 582.6, 0]]"
2XAN,2.2,7203_30,0,Q93YN9,AB,"[[""ANP"", [""A"", ""B""], ""non-polymer"", 506.2, 0], [""5MY"", [""A"", ""B""], ""non-polymer"", 580.1, 0]]"
2XDA,1.85,530_30,2,Q48255,A,"[[""JPS"", [""A""], ""non-polymer"", 298.4, 0]]"
2Y59,2.5,9993_30,0,P39045,ABCD,"[[""ZA3"", [""A"", ""B"", ""C"", ""D""], ""non-polymer"", 241.0, -1]]"
2YFO,1.35,5695_30,4,G4T4R7,A,"[[""GLA"", [""A""], ""D-saccharide, alpha linking"", 180.2, 0]]"
2YMV,1.6,25090_30,0,A0R2V4,A,"[[""FNR"", [""A""], ""non-polymer"", 458.4, 0]]"
2YV5,1.9,4265_30,3,O66555,A,"[[""GDP"", [""A""], ""RNA linking"", 443.2, 0]]"
2Z6J,2.3,7768_30,4,Q9FBC5,AB,"[[""TUI"", [""A"", ""B""], ""non-polymer"", 482.5, 0], [""FMN"", [""A"", ""B""], ""non-polymer"", 456.3, 0]]"
2Z73,2.5,55018_30,1,P31356,AB,"[[""RET"", [""A"", ""B""], ""non-polymer"", 284.4, 0]]"
2ZFN,1.9,11095_30,0,Q07794,A,"[[""ACO"", [""A""], ""non-polymer"", 809.6, 0]]"
2ZHQ,1.96,120639_30,1,P00734;P01050,HIL,"[[""27U"", [""H""], ""non-polymer"", 378.5, 0]]"
3AH5,2.5,27874_30,1,O26061,ABCDEF,"[[""FAD"", [""A"", ""B"", ""C"", ""D"", ""E"", ""F""], ""non-polymer"", 785.5, 0], [""UMP"", [""A"", ""B"", ""C"", ""D"", ""E"", ""F""], ""non-polymer"", 308.2, 0]]"
3B0H,2.306,6795_30,4,Q76KA9,AB,"[[""SF4"", [""A"", ""B""], ""non-polymer"", 351.6, 0]]"
3B82,2.35,6508_30,0,P11439;P32324,ABCDEF,"[[""NAD"", [""B"", ""D"", ""F""], ""non-polymer"", 663.4, 0]]"
3C2C,1.68,33372_30,4,P0C189,A,"[[""HEM"", [""A""], ""non-polymer"", 616.5, 0]]"
3C41,2.25,1895_30,2,D0VWX4,JK,"[[""ANP"", [""J"", ""K""], ""non-polymer"", 506.2, 0]]"
3CEA,2.4,23127_30,0,F9ULF9,ABCD,"[[""NAD"", [""A"", ""B"", ""C"", ""D""], ""non-polymer"", 663.4, 0]]"
3CN8,2.4,11126_30,1,P50264,AB,"[[""FAD"", [""A"", ""B""], ""non-polymer"", 785.5, 0]]"
3CNS,2.4,11126_30,1,P50264,AB,"[[""FAD"", [""A"", ""B""], ""non-polymer"", 785.5, 0], [""SP8"", [""A"", ""B""], ""non-polymer"", 263.4, 0]]"
3CPJ,2.35,2728_30,4,P38555;P39958,BG,"[[""GDP"", [""B""], ""RNA linking"", 443.2, 0]]"
3CW8,2.25,17106_30,2,Q8GN86,X,"[[""00A"", [""X""], ""non-polymer"", 485.8, 0]]"
3D4B,1.9,3310_30,3,Q9WYW0,AD,"[[""DZD"", [""A""], ""non-polymer"", 657.5, 0]]"
3EDO,1.2,55465_30,1,Q5FKC3,AB,"[[""FMN"", [""A"", ""B""], ""non-polymer"", 456.3, 0]]"
3EHG,1.74,12382_30,4,O34757,A,"[[""ATP"", [""A""], ""non-polymer"", 507.2, 0]]"
3EZ2,2.05,17850_30,0,P07620,AB,"[[""ADP"", [""A"", ""B""], ""non-polymer"", 427.2, 0]]"
3F68,1.75,159220_30,0,P00734;P09945,HIL,"[[""91U"", [""H""], ""peptide-like"", 434.0, 0]]"
3FDY,1.55,4209_30,3,Q7ZA32,A,"[[""FAD"", [""A""], ""non-polymer"", 785.5, 0]]"
3FNM,1.7,2536_30,3,O25743,ABCD,"[[""AVN"", [""B"", ""D""], ""L-peptide linking"", 178.6, 0]]"
3FUG,2.0,126208_30,1,P19793;Q15596,AB,"[[""2E3"", [""A""], ""non-polymer"", 364.5, 0]]"
3G5F,1.4,2353_30,0,P9WPP7,A,"[[""HEM"", [""A""], ""non-polymer"", 616.5, 0]]"
3GG4,2.0,8149_30,1,Q665C6,AB,"[[""BTB"", [""B""], ""non-polymer"", 209.2, 0]]"
3GWT,1.75,4703_30,2,Q07343,A,"[[""066"", [""A""], ""non-polymer"", 518.6, 0]]"
3IR5,2.3,5835_30,0,P09152;P11349;P11350,ABC,"[[""HEM"", [""C""], ""non-polymer"", 616.5, 0], [""AGA"", [""A""], ""non-polymer"", 455.5, -1], [""SF4"", [""A"", ""B""], ""non-polymer"", 351.6, 0], [""MD1"", [""A""], ""non-polymer"", 740.6, 0]]"
3KMT,1.78,37179_30,3,O41094;P68431,ABCGHI,"[[""SAH"", [""A"", ""B"", ""C""], ""non-polymer"", 384.4, 0]]"
3KZN,1.8,9558_30,2,Q8P8J2,A,"[[""AOR"", [""A""], ""non-polymer"", 174.2, 0]]"
3LKK,2.001,10853_30,2,Q9HLX1,AB,"[[""IP8"", [""A"", ""B""], ""non-polymer"", 166.1, 0], [""ATP"", [""A"", ""B""], ""non-polymer"", 507.2, 0]]"
3LSC,1.64,11616_30,4,Q6SJY7,AB,"[[""AOO"", [""A""], ""non-polymer"", 211.3, 0]]"
3M55,1.55,218997_30,0,Q12962;Q8WTS6,AB,"[[""SAH"", [""A""], ""non-polymer"", 384.4, 0]]"
3M5D,2.2,9558_30,2,Q8P8J2,A,"[[""PA9"", [""A""], ""non-polymer"", 296.2, 0]]"
3MBH,2.0,39294_30,0,Q89ZB9,ABCDEF,"[[""PXL"", [""A"", ""B"", ""C"", ""D"", ""E"", ""F""], ""non-polymer"", 167.2, 0]]"
3N1S,1.45,8920_30,1,P0ACE7,ABEFIJMN,"[[""5GP"", [""A"", ""B"", ""E"", ""F"", ""I"", ""J"", ""M"", ""N""], ""non-polymer"", 363.2, 0]]"
3OOI,1.75,15059_30,3,Q96L73,A,"[[""SAM"", [""A""], ""non-polymer"", 398.4, 0]]"
3OUZ,1.902,4744_30,1,Q0P8W7,AB,"[[""SRT"", [""A""], ""non-polymer"", 150.1, 0], [""ADP"", [""A"", ""B""], ""non-polymer"", 427.2, 0]]"
3OWM,1.65,7410_30,2,L0DSL2,AB,"[[""HEC"", [""A"", ""B""], ""non-polymer"", 620.5, 0]]"
3PXW,2.11,2922_30,4,A1BB97;P22619;Q51658,ABCDEF,"[[""HEC"", [""A"", ""B""], ""non-polymer"", 620.5, 0]]"
3PZC,2.2,13795_30,3,Q89VT8,AB,"[[""COA"", [""B""], ""non-polymer"", 767.5, 0], [""GAP"", [""A""], ""non-polymer"", 404.3, 0]]"
3Q78,2.2,13618_30,2,J9VSJ6;T2BPA1,ABD,"[[""FPS"", [""B""], ""non-polymer"", 398.4, 0]]"
3Q8G,1.8,9012_30,3,P33324,A,"[[""PEE"", [""A""], ""non-polymer"", 744.0, 0]]"
3QXJ,1.38,16848_30,1,O24872,A,"[[""GTP"", [""A""], ""non-polymer"", 523.2, 0]]"
3RIY,1.55,217968_30,0,P68431;Q9NXA8,ABCD,"[[""NAD"", [""A"", ""B""], ""non-polymer"", 663.4, 0]]"
3RN6,2.255,11001_30,2,P25524,A,"[[""PXN"", [""A""], ""non-polymer"", 368.5, 0], [""IGA"", [""A""], ""non-polymer"", 151.1, 0]]"
3RTA,1.95,2944_30,4,Q9X024,AB,"[[""ACO"", [""A""], ""non-polymer"", 809.6, 0]]"
3RUA,2.1,13579_30,1,Q7BJX9,ABCD,"[[""NAD"", [""A"", ""B"", ""C"", ""D""], ""non-polymer"", 663.4, 0]]"
3RYK,1.631,3462_30,0,A0A6L7H6N0,AB,"[[""TYD"", [""B""], ""non-polymer"", 402.2, 0], [""POP"", [""A""], ""non-polymer"", 176.0, -2]]"
3SJ1,1.9,7771_30,0,Q8GGK7,X,"[[""HEC"", [""X""], ""non-polymer"", 620.5, 0], [""DXC"", [""X""], ""non-polymer"", 392.6, 0]]"
3T2D,1.36,11587_30,1,B1YAL1,A,"[[""P6F"", [""A""], ""non-polymer"", 340.1, 0]]"
3T2Z,2.2994,10681_30,4,B7JBP8,AB,"[[""FAD"", [""A"", ""B""], ""non-polymer"", 785.5, 0]]"
3T70,1.8,27446_30,2,Q8II92,ABCF,"[[""DU4"", [""A"", ""B"", ""C""], ""non-polymer"", 407.5, 0]]"
3TFZ,2.39,28365_30,3,Q9F6D3,ABCDEF,"[[""CXS"", [""A"", ""B"", ""C"", ""D"", ""E"", ""F""], ""non-polymer"", 221.3, 0]]"
3TL1,1.8,10691_30,0,P23154,AB,"[[""JRO"", [""A"", ""B""], ""non-polymer"", 258.2, 0]]"
3TTU,1.89,1239_30,3,P21179,ABCD,"[[""HEM"", [""A"", ""B"", ""C"", ""D""], ""non-polymer"", 616.5, 0]]"
3TTW,1.62,1239_30,3,P21179,ABCD,"[[""HEM"", [""A"", ""B"", ""C"", ""D""], ""non-polymer"", 616.5, 0]]"
3TWB,1.76,3626_30,0,B5R541,ABCDE,"[[""GCO"", [""A"", ""B"", ""C"", ""D"", ""E""], ""D-saccharide"", 196.2, 0]]"
3V7Z,1.61,8039_30,4,P29068,A,"[[""GEM"", [""A""], ""non-polymer"", 235.3, 0]]"
3VBI,1.8,26360_30,1,,ACE,"[[""0FX"", [""A"", ""C"", ""E""], ""non-polymer"", 547.3, 0], [""COA"", [""A"", ""C"", ""E""], ""non-polymer"", 767.5, 0]]"
3VEG,2.35,3594_30,0,Q0SE24,ABC,"[[""HEM"", [""A"", ""B"", ""C""], ""non-polymer"", 616.5, 0]]"
3VQP,2.1,2037_30,4,Q72498,AB,"[[""DBJ"", [""A""], ""non-polymer"", 166.2, 0]]"
3WDL,2.4,21623_30,3,Q5JIZ8,ABCD,"[[""ATP"", [""A"", ""B"", ""C"", ""D""], ""non-polymer"", 507.2, 0]]"
3WJP,1.533,8033_30,4,Q5JII7,A,"[[""ANP"", [""A""], ""non-polymer"", 506.2, 0]]"
3ZUP,1.804,4855_30,0,Q72K29,AB,"[[""2M8"", [""A"", ""B""], ""D-saccharide, alpha linking"", 268.2, 0]]"
4ACC,2.21,3957_30,0,P49841,AB,"[[""7YG"", [""A"", ""B""], ""non-polymer"", 441.5, 0]]"
4B6S,1.9,530_30,2,Q48255,ABC,"[[""2HN"", [""A"", ""B"", ""C""], ""non-polymer"", 370.2, 0]]"
4BAM,1.88,200140_30,0,P00734;P01050,ABD,"[[""MM9"", [""B""], ""non-polymer"", 456.6, 0]]"
4BK1,1.73,28403_30,2,Q0SFK6,A,"[[""FAD"", [""A""], ""non-polymer"", 785.5, 0], [""P3A"", [""A""], ""non-polymer"", 873.0, -2]]"
4C72,1.5,2664_30,2,P9WQD9,AB,"[[""M7U"", [""A"", ""B""], ""non-polymer"", 691.0, 0], [""TLG"", [""A"", ""B""], ""non-polymer"", 238.3, 0]]"
4CIP,1.22,3062_30,4,P00138,A,"[[""ASC"", [""A""], ""L-saccharide"", 176.1, 0], [""HEC"", [""A""], ""non-polymer"", 620.5, 0]]"
4CNG,1.1,56958_30,3,Q4JB16,AB,"[[""SAH"", [""A"", ""B""], ""non-polymer"", 384.4, 0]]"
4CVQ,2.11,11924_30,4,P0A959,AB,"[[""PLP"", [""A"", ""B""], ""non-polymer"", 247.1, 0]]"
4D05,1.65,34537_30,3,A0ACD6BAT9,AB,"[[""AMP"", [""A"", ""B""], ""non-polymer"", 347.2, 0]]"
4DDN,1.9,11957_30,3,P93193,ABCD,"[[""AMG"", [""A"", ""B"", ""C"", ""D""], ""D-saccharide"", 194.2, 0]]"
4DN5,2.5,9862_30,2,Q99558,AB,"[[""AGS"", [""A"", ""B""], ""non-polymer"", 523.2, 0]]"
4EDG,2.003,5169_30,1,O05338,A,"[[""ATP"", [""A""], ""non-polymer"", 507.2, 0]]"
4EID,1.13,46938_30,3,O30881,A,"[[""HEC"", [""A""], ""non-polymer"", 620.5, 0]]"
4G10,1.2,62830_30,0,Q9WXJ9,A,"[[""GSH"", [""A""], ""peptide-like"", 307.3, 0]]"
4G38,1.56,970_30,4,P17846,A,"[[""SF4"", [""A""], ""non-polymer"", 351.6, 0]]"
4GBM,1.62,77765_30,1,F4Y423,A,"[[""A3P"", [""A""], ""RNA linking"", 427.2, 0]]"
4GYD,1.8,5085_30,4,P0A3X7,ABCDEF,"[[""HEC"", [""A"", ""B"", ""C"", ""D"", ""E"", ""F""], ""non-polymer"", 620.5, 0]]"
4H2S,2.15,13795_30,3,Q89VT6;Q89VT8,ABCD,"[[""PNS"", [""C"", ""D""], ""non-polymer"", 358.3, 0], [""AMP"", [""A"", ""B""], ""non-polymer"", 347.2, 0]]"
4JAO,2.05,9501_30,4,P9WPF3,ABCD,"[[""JAO"", [""B"", ""C""], ""non-polymer"", 270.5, 0]]"
4JL6,1.65,2189_30,4,O66490,AB,"[[""ADP"", [""A"", ""B""], ""non-polymer"", 427.2, 0]]"
4K93,1.5,10397_30,3,Q2KDX6,AB,"[[""ADN"", [""A"", ""B""], ""non-polymer"", 267.2, 0], [""1Q8"", [""A"", ""B""], ""non-polymer"", 151.2, 0]]"
4KTR,2.3,18510_30,2,D6XZ22,ABCDEFGH,"[[""7PE"", [""B"", ""D""], ""non-polymer"", 310.4, 0], [""PE5"", [""H""], ""non-polymer"", 398.5, 0]]"
4L3G,2.05,2922_30,4,A1BB97;A1BBA0;Q51658,ABCDEF,"[[""HEC"", [""A"", ""B""], ""non-polymer"", 620.5, 0]]"
4LCW,2.4,1198_30,0,P01850;P61769;Q6P4G7;Q95460,ABCDEFGH,"[[""1VY"", [""A"", ""C""], ""non-polymer"", 328.3, 0]]"
4LFG,1.76,2130_30,0,B9DUT7,AB,"[[""IPE"", [""A"", ""B""], ""non-polymer"", 246.1, 0]]"
4MBG,1.74,12066_30,3,Q4WP27;Q4WPS9,AB,"[[""FPP"", [""B""], ""non-polymer"", 382.3, 0]]"
4MOE,2.0,4209_30,3,Q7ZA32,ABCD,"[[""G3F"", [""A"", ""B"", ""C"", ""D""], ""D-saccharide, beta linking"", 182.1, 0], [""FDA"", [""A"", ""B"", ""C"", ""D""], ""non-polymer"", 787.6, 0]]"
4MUB,1.75,6467_30,2,G4VLE5,A,"[[""A3P"", [""A""], ""RNA linking"", 427.2, 0], [""OAQ"", [""A""], ""non-polymer"", 279.3, 0]]"
4OG1,2.05,10351_30,3,Q2GB23,A,"[[""PE8"", [""A""], ""non-polymer"", 370.4, 0]]"
4OH4,2.25,242534_30,4,O22476;Q9FMZ0,ABEF,"[[""ANP"", [""A"", ""B""], ""non-polymer"", 506.2, 0]]"
4OK1,2.09,108659_30,1,P10275,AB,"[[""198"", [""A""], ""non-polymer"", 430.4, 0]]"
4OVT,1.8,36412_30,4,A6X5V3,AB,"[[""LFC"", [""A"", ""B""], ""L-saccharide"", 180.2, 0]]"
4P8E,2.04,638_30,4,Q9KKP2,AB,"[[""5RP"", [""A"", ""B""], ""saccharide"", 230.1, 0]]"
4P8L,2.02,5260_30,0,P9WJF1,AB,"[[""36C"", [""A"", ""B""], ""non-polymer"", 365.3, 0], [""FAD"", [""A"", ""B""], ""non-polymer"", 785.5, 0]]"
4PKV,2.5,7066_30,4,P15917,A,"[[""30R"", [""A""], ""non-polymer"", 395.4, 0]]"
4PWC,2.3,1353_30,4,B2ZWE9,A,"[[""FAD"", [""A""], ""non-polymer"", 785.5, 0]]"
4PYR,1.45,215659_30,4,Q7P0B4,A,"[[""GSH"", [""A""], ""peptide-like"", 307.3, 0]]"
4QB2,1.5,55798_30,1,H6WCZ0,A,"[[""BDP"", [""A""], ""D-saccharide, beta linking"", 194.1, 0], [""GCU"", [""A""], ""D-saccharide, alpha linking"", 194.1, 0]]"
4R82,1.659,47401_30,1,Q8GME2,AB,"[[""FAD"", [""A"", ""B""], ""non-polymer"", 785.5, 0], [""NAD"", [""A"", ""B""], ""non-polymer"", 663.4, 0]]"
4RFL,2.2,21011_30,4,Q58122,ABCD,"[[""NDP"", [""A"", ""B"", ""C"", ""D""], ""non-polymer"", 745.4, 0]]"
4RXT,1.35,61352_30,3,B9JKX8,A,"[[""ARA"", [""A""], ""L-saccharide, alpha linking"", 150.1, 0]]"
4S3C,1.45,309_30,2,Q5SLI8,A,"[[""SF4"", [""A""], ""non-polymer"", 351.6, 0]]"
4U9J,2.1,19575_30,2,Q8EF49,AB,"[[""MNH"", [""A"", ""B""], ""non-polymer"", 615.6, 0]]"
4UOB,1.31,90925_30,4,Q9RVU4,A,"[[""SF4"", [""A""], ""non-polymer"", 351.6, 0]]"
4UUW,1.98,892_30,0,Q5SHB0,AB,"[[""AMP"", [""A""], ""non-polymer"", 347.2, 0]]"
4UXH,2.4,33848_30,4,Q4QC75,AB,"[[""T5A"", [""A"", ""B""], ""non-polymer"", 891.4, 0]]"
4UXM,1.5,8710_30,0,P83514,A,"[[""BE7"", [""A""], ""non-polymer"", 357.2, 0]]"
4YRO,2.5,5212_30,2,Q4DA54,A,"[[""4JO"", [""A""], ""non-polymer"", 187.0, 0], [""HIS"", [""A""], ""L-peptide linking"", 156.2, 1]]"
4YV1,1.85,1816_30,0,Q4DA73,ABCD,"[[""4K2"", [""B"", ""D""], ""non-polymer"", 256.3, 0], [""S4M"", [""A"", ""B"", ""C"", ""D""], ""non-polymer"", 356.4, 0]]"
4Z04,1.45,53680_30,4,Q2YLQ3,A,"[[""GSH"", [""A""], ""peptide-like"", 307.3, 0]]"
5A89,1.65,2088_30,1,Q59263,AB,"[[""ADP"", [""A"", ""B""], ""non-polymer"", 427.2, 0], [""FMN"", [""A"", ""B""], ""non-polymer"", 456.3, 0]]"
5AJT,2.43,21542_30,4,M1VUY5,ABCD,"[[""TAR"", [""A"", ""B"", ""C"", ""D""], ""non-polymer"", 150.1, 0]]"
5BTX,2.1,20195_30,3,A0ABF7PFV9,AB,"[[""CMP"", [""A"", ""B""], ""non-polymer"", 329.2, 0]]"
5C88,2.49,17018_30,3,Q980R9,AB,"[[""COA"", [""A"", ""B""], ""non-polymer"", 767.5, 0]]"
5CPN,1.8,2069_30,2,Q9R9V9,AB,"[[""FNR"", [""A"", ""B""], ""non-polymer"", 458.4, 0], [""531"", [""A"", ""B""], ""non-polymer"", 217.3, 0]]"
5D21,1.9,4702_30,2,Q05097,ABCD,"[[""56N"", [""A"", ""B"", ""C"", ""D""], ""D-saccharide"", 256.3, 0]]"
5DII,1.804,10197_30,3,D0LHE3,ABCDEF,"[[""SF4"", [""A"", ""D""], ""non-polymer"", 351.6, 0]]"
5E9O,2.1,42994_30,1,E0RQU0,ABCD,"[[""I3C"", [""B"", ""C"", ""D""], ""non-polymer"", 558.8, 0]]"
5EAG,2.4,1395_30,0,A6ZSR0,A,"[[""5LU"", [""A""], ""non-polymer"", 376.7, 0], [""HEM"", [""A""], ""non-polymer"", 616.5, 0]]"
5EJ2,2.15,5064_30,0,A0A0H2ZYS9,ABCD,"[[""NAD"", [""A"", ""B"", ""C"", ""D""], ""non-polymer"", 663.4, 0]]"
5F3D,1.9,676_30,4,Q9X1X7,A,"[[""5UK"", [""A""], ""non-polymer"", 203.1, 0], [""SF4"", [""A""], ""non-polymer"", 351.6, 0]]"
5FVE,2.07,20953_30,1,O25242,A,"[[""2HO"", [""A""], ""non-polymer"", 157.1, 0]]"
5GLG,1.8,13084_30,0,P21375,A,"[[""FAD"", [""A""], ""non-polymer"", 785.5, 0]]"
5I0J,1.8,15960_30,0,Q9RS96,ABCD,"[[""UMP"", [""A"", ""B""], ""non-polymer"", 308.2, 0]]"
5I7A,2.08,6244_30,3,P9WP53,ABCD,"[[""PLP"", [""A"", ""B"", ""C"", ""D""], ""non-polymer"", 247.1, 0], [""68Q"", [""A"", ""B"", ""C"", ""D""], ""non-polymer"", 325.1, 0]]"
5I89,1.07,1747_30,0,Q92793,A,"[[""69B"", [""A""], ""non-polymer"", 346.4, 0]]"
5IXZ,2.4,8642_30,1,A0ACD6B960,AB,"[[""HEM"", [""A"", ""B""], ""non-polymer"", 616.5, 0]]"
5JE0,1.552,19917_30,2,Q9LBJ0,AB,"[[""SAH"", [""A"", ""B""], ""non-polymer"", 384.4, 0], [""AZ8"", [""A"", ""B""], ""non-polymer"", 165.1, 0]]"
5JOV,1.5,7614_30,2,A7LXT0,A,"[[""B9D"", [""A""], ""L-saccharide, alpha linking"", 198.1, 0]]"
5JVE,1.12,3062_30,4,P00138,A,"[[""HEC"", [""A""], ""non-polymer"", 620.5, 0]]"
5K8Z,1.55,10865_30,4,B8HNS6,ABCD,"[[""HEM"", [""A"", ""B"", ""C"", ""D""], ""non-polymer"", 616.5, 0]]"
5KCM,2.149,14114_30,3,A9CH39,AB,"[[""FAD"", [""A"", ""B""], ""non-polymer"", 785.5, 0], [""SF4"", [""A"", ""B""], ""non-polymer"", 351.6, 0]]"
5L9I,1.9,9061_30,3,A0A822VA67,AB,"[[""SNW"", [""A"", ""B""], ""non-polymer"", 308.3, 0]]"
5LHA,1.89,2419_30,3,A0A1W2VMW5,ABCD,"[[""PMP"", [""A"", ""B"", ""C"", ""D""], ""non-polymer"", 248.2, 0]]"
5LHT,2.0601,4748_30,4,P9WMN1,A,"[[""TIH"", [""A""], ""L-peptide linking"", 171.2, 0]]"
5LPZ,2.48,371_30,4,O22476,A,"[[""ADP"", [""A""], ""non-polymer"", 427.2, 0]]"
5LQS,1.9,676_30,4,Q9X1X7,A,"[[""SF4"", [""A""], ""non-polymer"", 351.6, 0], [""NTM"", [""A""], ""non-polymer"", 167.1, 0]]"
5MAA,1.686,10352_30,3,A0AA86ANQ3,AB,"[[""SF4"", [""A"", ""B""], ""non-polymer"", 351.6, 0], [""B3R"", [""A"", ""B""], ""non-polymer"", 173.0, 0]]"
5MJI,2.0,56975_30,3,K4REZ6,A,"[[""7O6"", [""A""], ""non-polymer"", 471.3, 1]]"
5MUL,1.39,41881_30,4,Q8A1H5,A,"[[""BDP"", [""A""], ""D-saccharide, beta linking"", 194.1, 0]]"
5NFX,1.34,2078_30,4,Q9RZA4,A,"[[""LBV"", [""A""], ""non-polymer"", 585.7, 1]]"
5NRW,1.7,1747_30,0,Q92793,A,"[[""96N"", [""A""], ""non-polymer"", 334.4, 0]]"
5OO9,1.59,30450_30,2,E2EKP5,A,"[[""URI"", [""A""], ""non-polymer"", 244.2, 0]]"
5SES,2.11,429_30,3,Q9Y233,ABCD,"[[""IGZ"", [""A"", ""B"", ""C"", ""D""], ""non-polymer"", 404.5, 0]]"
5SFS,2.24,429_30,3,Q9Y233,ABCD,"[[""IOU"", [""A"", ""B"", ""C"", ""D""], ""non-polymer"", 340.4, 0]]"
5SGI,1.97,429_30,3,Q9Y233,ABCD,"[[""IX9"", [""A"", ""B"", ""C"", ""D""], ""non-polymer"", 387.4, 0]]"
5TH5,2.407,32617_30,4,O31677,ABCD,"[[""SF4"", [""A"", ""B"", ""C"", ""D""], ""non-polymer"", 351.6, 0], [""7C5"", [""A"", ""B"", ""C"", ""D""], ""non-polymer"", 456.4, 0]]"
5TK9,1.843,33331_30,4,O24769,A,"[[""7D7"", [""A""], ""non-polymer"", 251.2, 0]]"
5TKN,1.92,14112_30,3,Q8I8I2,A,"[[""P6F"", [""A""], ""non-polymer"", 340.1, 0]]"
5TPR,1.7,15194_30,3,Q3M6C3,AB,"[[""NAD"", [""A"", ""B""], ""non-polymer"", 663.4, 0]]"
5TUE,2.1,11012_30,1,A0A059WYP6,AB,"[[""FAD"", [""A"", ""B""], ""non-polymer"", 785.5, 0]]"
5TUF,2.25,11012_30,1,A0A059WYP6,AB,"[[""FAD"", [""A"", ""B""], ""non-polymer"", 785.5, 0], [""TDC"", [""B""], ""non-polymer"", 426.4, 0]]"
5TV6,2.456,4238_30,4,O67575,AB,"[[""PML"", [""A"", ""B""], ""non-polymer"", 160.2, 0]]"
5TZG,2.5,29443_30,0,F2RCL8,AC,"[[""C2E"", [""C""], ""non-polymer"", 690.4, 0]]"
5UL0,2.2,1395_30,0,A6ZSR0,A,"[[""VT1"", [""A""], ""non-polymer"", 527.4, 0], [""HEM"", [""A""], ""non-polymer"", 616.5, 0]]"
5VJP,1.98,4236_30,0,P49435,AB,"[[""IR9"", [""A"", ""B""], ""non-polymer"", 323.1, 0]]"
5VOG,1.5,14183_30,1,A0A1D3HIA2,A,"[[""G4P"", [""A""], ""RNA linking"", 603.2, 0]]"
5VYQ,1.6,17279_30,1,P9WKZ3,AB,"[[""TYD"", [""B""], ""non-polymer"", 402.2, 0], [""0FX"", [""A""], ""non-polymer"", 547.3, 0], [""FON"", [""A""], ""non-polymer"", 473.4, 0]]"
5VYR,1.7,35386_30,2,F8WJP6,AB,"[[""GMP"", [""A"", ""B""], ""non-polymer"", 283.2, 0], [""B62"", [""A"", ""B""], ""non-polymer"", 181.2, 0]]"
5WGS,2.34,20988_30,3,L0E155,A,"[[""PM7"", [""A""], ""non-polymer"", 335.4, 0], [""FAD"", [""A""], ""non-polymer"", 785.5, 0]]"
5WM7,1.777,4415_30,3,A0A140DJY3,A,"[[""AMP"", [""A""], ""non-polymer"", 347.2, 0]]"
5WQR,0.8,6389_30,0,P80176,A,"[[""SF4"", [""A""], ""non-polymer"", 351.6, 0]]"
5XD6,1.898,4517_30,4,Q9LUT0,AB,"[[""ANP"", [""A"", ""B""], ""non-polymer"", 506.2, 0]]"
5XXS,2.09,47078_30,0,P17622,AB,"[[""COA"", [""A"", ""B""], ""non-polymer"", 767.5, 0]]"
5XZF,2.1,160705_30,3,P13053;Q15648,AC,"[[""8J0"", [""A""], ""non-polymer"", 518.8, 0]]"
5ZHT,1.532,1694_30,4,Q10QA5,A,"[[""9GU"", [""A""], ""non-polymer"", 325.3, 0]]"
5ZRH,1.54,3967_30,1,A0R2K6,A,"[[""C5P"", [""A""], ""non-polymer"", 323.2, 0]]"
5ZRK,1.49,3967_30,1,A0R2K6,AB,"[[""DCP"", [""A"", ""B""], ""non-polymer"", 467.2, 0]]"
6AFT,2.492,2831_30,1,P21616,AB,"[[""1PG"", [""A"", ""B""], ""non-polymer"", 252.3, 0]]"
6B3B,1.85,21848_30,1,A0A1U7N2Z8,A,"[[""SAM"", [""A""], ""non-polymer"", 398.4, 0]]"
6BME,1.899,4977_30,0,R9RY64,AB,"[[""HEM"", [""A"", ""B""], ""non-polymer"", 616.5, 0]]"
6BNN,1.55,4987_30,4,B6TPH0,A,"[[""GSH"", [""A""], ""peptide-like"", 307.3, 0]]"
6DSP,1.37,5644_30,2,U5MRH9,AB,"[[""PAV"", [""A"", ""B""], ""L-saccharide, alpha linking"", 150.1, 0]]"
6ETD,1.723,4099_30,4,Q39054,A,"[[""AMP"", [""A""], ""non-polymer"", 347.2, 0]]"
6F66,1.749,8978_30,2,A0A384E145,AB,"[[""GSH"", [""A"", ""B""], ""peptide-like"", 307.3, 0], [""CUT"", [""A"", ""B""], ""non-polymer"", 214.2, 0]]"
6F67,2.398,8978_30,2,A0A384E145,AB,"[[""CUQ"", [""A"", ""B""], ""non-polymer"", 214.2, 0]]"
6F71,2.301,8978_30,2,A0A384E158,ABCD,"[[""CWE"", [""A"", ""B"", ""C"", ""D""], ""non-polymer"", 272.3, 0]]"
6FAC,2.05,5812_30,0,G0SEG4,A,"[[""ADP"", [""A""], ""non-polymer"", 427.2, 0]]"
6FOK,1.97,15390_30,3,G3XD89,AB,"[[""C8E"", [""A"", ""B""], ""non-polymer"", 306.4, 0]]"
6G0Z,2.15,8718_30,1,A0A0H2XK72,AB,"[[""GDP"", [""A"", ""B""], ""RNA linking"", 443.2, 0]]"
6G8B,2.374,1524_30,0,P04825,A,"[[""7MF"", [""A""], ""non-polymer"", 349.2, 1]]"
6GNA,1.295,47602_30,2,Q97EM8,A,"[[""FAD"", [""A""], ""non-polymer"", 785.5, 0]]"
6GO2,1.9,8039_30,4,P29068,A,"[[""LU0"", [""A""], ""non-polymer"", 210.3, 0]]"
6GUR,2.1,17113_30,2,Q4WF29,AB,"[[""FN8"", [""A"", ""B""], ""non-polymer"", 389.4, 0]]"
6GXQ,1.96,6046_30,4,Q8WQX9,AB,"[[""FFZ"", [""A""], ""non-polymer"", 455.5, 0]]"
6H6L,2.5,15996_30,2,A7U694;Q6SJQ7,ABCDEFGH,"[[""CHO"", [""A"", ""B"", ""C"", ""D""], ""non-polymer"", 449.6, 0]]"
6HAI,2.2,11667_30,3,Q8KRS7,AB,"[[""FWW"", [""A"", ""B""], ""non-polymer"", 843.8, 0]]"
6HTO,1.45,43577_30,1,C6FX51,AB,"[[""5AD"", [""A"", ""B""], ""non-polymer"", 251.2, 0], [""SF4"", [""A"", ""B""], ""non-polymer"", 351.6, 0]]"
6I0R,2.1,676_30,4,Q9X1X7,A,"[[""QAT"", [""A""], ""non-polymer"", 199.2, 0]]"
6JF7,2.0,2405_30,3,A0A098SKQ8,AB,"[[""K3U"", [""A"", ""B""], ""non-polymer"", 366.4, 0]]"
6JR2,1.65,6505_30,2,A0A0N9XBU7,AB,"[[""36J"", [""A"", ""B""], ""non-polymer"", 320.4, 0]]"
6JSB,1.699,36220_30,3,Q8NTB5,AB,"[[""HEM"", [""A"", ""B""], ""non-polymer"", 616.5, 0]]"
6KXH,1.78039550258,4173_30,4,A0A0K2AJY3,ABCD,"[[""DY9"", [""A"", ""B"", ""C"", ""D""], ""non-polymer"", 324.3, 0]]"
6LOP,1.91,42846_30,3,A0A094YZ24,AB,"[[""ELX"", [""A"", ""B""], ""non-polymer"", 290.5, 0]]"
6LZJ,1.72835563454,7064_30,4,O67518,A,"[[""ACP"", [""A""], ""non-polymer"", 505.2, 0]]"
6M74,1.52,2404_30,3,I6SYK8,A,"[[""FNR"", [""A""], ""non-polymer"", 458.4, 0]]"
6M8V,2.221,3315_30,4,Q57566,A,"[[""FMN"", [""A""], ""non-polymer"", 456.3, 0]]"
6M93,2.5,17123_30,4,P35222;P63208;Q9Y297,ABC,"[[""J8Y"", [""A""], ""non-polymer"", 350.3, 0]]"
6MGB,1.8,23827_30,3,A0A179D1D1,A,"[[""C5P"", [""A""], ""non-polymer"", 323.2, 0]]"
6MT9,2.5,2839_30,0,P50620,A,"[[""ATP"", [""A""], ""non-polymer"", 507.2, 0], [""ADP"", [""A""], ""non-polymer"", 427.2, 0], [""TTP"", [""A""], ""non-polymer"", 482.2, 0]]"
6MTF,1.92,52512_30,2,Q06KA2,AB,"[[""TRT"", [""A"", ""B""], ""non-polymer"", 352.5, 0]]"
6MWA,2.4,1584_30,0,A8EVM5,B,"[[""CPS"", [""B""], ""non-polymer"", 614.9, 0], [""PX4"", [""B""], ""non-polymer"", 678.9, 1]]"
6N5F,1.93,18115_30,2,G0R7E2,A,"[[""KJ1"", [""A""], ""non-polymer"", 298.5, 0]]"
6NWG,1.939,4229_30,2,P9WPQ5,ABCD,"[[""L6J"", [""A"", ""B"", ""D""], ""non-polymer"", 306.3, 0]]"
6O49,1.85,6211_30,0,Q12306;Q3JK38,AB,"[[""LL7"", [""A"", ""B""], ""non-polymer"", 519.6, 0]]"
6P3T,2.5,4164_30,2,P9WFK7,A,"[[""NRS"", [""A""], ""non-polymer"", 381.4, 0]]"
6P6M,2.201,1027_30,3,P26664,A,"[[""O31"", [""A""], ""non-polymer"", 838.9, 0]]"
6P86,1.8,502_30,0,P21645,ABC,"[[""O3V"", [""B"", ""C""], ""non-polymer"", 389.5, 0], [""O4S"", [""A""], ""non-polymer"", 474.6, 0]]"
6PPZ,2.4,8189_30,4,H2VFG5,A,"[[""MN9"", [""A""], ""non-polymer"", 221.2, 0]]"
6PRU,1.539,19945_30,3,Q8DLC7,AB,"[[""VRB"", [""A"", ""B""], ""non-polymer"", 590.7, 0]]"
6Q0Y,1.7,4024_30,1,Q18CL1,A,"[[""UD1"", [""A""], ""non-polymer"", 607.4, 0]]"
6QGW,1.938,568_30,1,P0A940,AB,"[[""C8E"", [""A""], ""non-polymer"", 306.4, 0]]"
6QZZ,1.85,4675_30,2,A0A2R2JFI5,AB,"[[""SAH"", [""A"", ""B""], ""non-polymer"", 384.4, 0]]"
6R1D,1.1,3576_30,3,A4TVL0,AB,"[[""JP5"", [""A"", ""B""], ""non-polymer"", 248.2, 0]]"
6RB3,2.3,10993_30,3,B1MFK2,ABE,"[[""JWW"", [""A"", ""B"", ""E""], ""non-polymer"", 259.3, 0]]"
6RF4,2.4,2016_30,1,N0DKS8,ABCDE,"[[""LFA"", [""A"", ""B"", ""C"", ""D"", ""E""], ""non-polymer"", 282.5, 0], [""RET"", [""A"", ""B"", ""C"", ""D"", ""E""], ""non-polymer"", 284.4, 0]]"
6RMA,2.1,36343_30,3,G0SEG4;G0SFN3,AB,"[[""ADP"", [""A""], ""non-polymer"", 427.2, 0]]"
6RR1,1.9,7919_30,0,A0A0W8ATM9,AB,"[[""HEM"", [""A"", ""B""], ""non-polymer"", 616.5, 0]]"
6SBD,1.4,35403_30,1,A0A2D1CM82,A,"[[""L4B"", [""A""], ""non-polymer"", 426.6, 0]]"
6SR6,2.5,12549_30,0,G0RYD6;G0RZX9,ABCD,"[[""ATP"", [""A"", ""C""], ""non-polymer"", 507.2, 0]]"
6T3W,1.82,24149_30,4,P03313,A,"[[""SFX"", [""A""], ""non-polymer"", 309.3, 0]]"
6T6Z,1.7,43227_30,4,K4MHV9,A,"[[""MRB"", [""A""], ""non-polymer"", 855.1, 0]]"
6TUG,2.42,65441_30,0,E6LHV2,ABCDEFGH,"[[""AF2"", [""A"", ""B"", ""C"", ""D"", ""E"", ""F"", ""G"", ""H""], ""DNA linking"", 349.2, 0]]"
6TXL,2.099,2465_30,4,Q9X0L2,ABCDEFGH,"[[""LFA"", [""B"", ""C"", ""E"", ""H""], ""non-polymer"", 282.5, 0]]"
6U13,1.52,2393_30,1,B2FTM1,A,"[[""MX1"", [""A""], ""non-polymer"", 422.3, 0]]"
6U32,1.8,4199_30,1,,A,"[[""PVY"", [""A""], ""non-polymer"", 602.7, 1]]"
6UH2,1.9,217091_30,3,Q04TM7,AB,"[[""NAD"", [""A"", ""B""], ""non-polymer"", 663.4, 0]]"
6UL0,1.76,11004_30,3,Q12306;Q86WV6,A,"[[""QBJ"", [""A""], ""non-polymer"", 582.6, 0]]"
6UQY,1.57,15139_30,0,Q9HUP2,AB,"[[""AT3"", [""A"", ""B""], ""non-polymer"", 162.3, 1]]"
6V59,1.593,83085_30,3,Q2T6B0,AB,"[[""HEC"", [""A"", ""B""], ""non-polymer"", 620.5, 0]]"
6VHE,1.94,18955_30,1,Q2FUY3,ABCD,"[[""6WG"", [""A"", ""B"", ""C"", ""D""], ""non-polymer"", 189.3, 0]]"
6VKZ,2.1,33845_30,2,A0A386KZ50,A,"[[""GST"", [""A""], ""non-polymer"", 330.3, 0]]"
6VZB,1.68,2353_30,0,A0ACD6BAW8,A,"[[""HEM"", [""A""], ""non-polymer"", 616.5, 0], [""QRP"", [""A""], ""non-polymer"", 283.3, 0]]"
6W26,2.15,4244_30,1,I1RDR8,AI,"[[""POP"", [""A"", ""I""], ""non-polymer"", 176.0, -2]]"
6X0P,1.69,15270_30,2,Q9NR48,ABCD,"[[""SAM"", [""A"", ""B"", ""C"", ""D""], ""non-polymer"", 398.4, 0], [""UK7"", [""A"", ""B"", ""C"", ""D""], ""non-polymer"", 325.4, 0]]"
6X21,1.54,2526_30,0,P27540;Q99814,AB,"[[""UKJ"", [""A""], ""non-polymer"", 426.2, 0]]"
6YF4,1.77,2121_30,2,P29166,AB,"[[""402"", [""A"", ""B""], ""non-polymer"", 355.0, 0], [""SF4"", [""A"", ""B""], ""non-polymer"", 351.6, 0]]"
6ZUH,1.7,141994_30,3,P00734;P28504,HIL,"[[""N6H"", [""H""], ""non-polymer"", 429.9, 0]]"
6ZXW,2.19,48068_30,2,A0A117KMN5;O29011,GH,"[[""SFG"", [""G""], ""non-polymer"", 381.4, 0]]"
7A1P,1.76,25187_30,4,Q9NWT6,AB,"[[""QW2"", [""A""], ""non-polymer"", 188.2, 0]]"
7A3W,1.59,2411_30,0,,AB,"[[""NDP"", [""A"", ""B""], ""non-polymer"", 745.4, 0]]"
7AC8,2.06,255_30,3,Q9X0C6;Q9X0C8,ABCDEF,"[[""GUO"", [""A"", ""E""], ""non-polymer"", 577.3, 0]]"
7AN5,1.91,23956_30,0,Q9L0T8,AB,"[[""RDH"", [""A"", ""B""], ""non-polymer"", 208.2, 0]]"
7AQ9,1.585,4844_30,1,P19573,AB,"[[""B3P"", [""A"", ""B""], ""non-polymer"", 282.3, 0]]"
7B4R,1.4,6231_30,3,B1MD73,A,"[[""COA"", [""A""], ""non-polymer"", 767.5, 0], [""FD7"", [""A""], ""non-polymer"", 262.4, 0]]"
7BB4,1.7,7087_30,4,Q7N8J0,A,"[[""FUL"", [""A""], ""L-saccharide, beta linking"", 164.2, 0]]"
7BGG,1.04,16562_30,4,P9WKL5,A,"[[""SAH"", [""A""], ""non-polymer"", 384.4, 0]]"
7CEP,2.05,2445_30,1,O32164,A,"[[""7TS"", [""A""], ""non-polymer"", 331.2, 0]]"
7CJ9,1.58,10251_30,0,A0A172U6X0,ABCDEFGH,"[[""FUD"", [""A"", ""B"", ""C"", ""D"", ""E"", ""F"", ""G"", ""H""], ""D-saccharide"", 180.2, 0]]"
7CNY,2.12,30737_30,1,P0A8K1,ABCD,"[[""G8C"", [""B"", ""D""], ""non-polymer"", 467.5, 0]]"
7CRK,1.85,2016_30,1,W8VZW3,A,"[[""RET"", [""A""], ""non-polymer"", 284.4, 0]]"
7DIA,1.55,11814_30,0,Q76NL8,A,"[[""YMZ"", [""A""], ""non-polymer"", 378.3, 0], [""H8O"", [""A""], ""non-polymer"", 378.3, 0]]"
7DK8,1.99,2106_30,2,A3BLS0,A,"[[""AMP"", [""A""], ""non-polymer"", 347.2, 0]]"
7EMZ,2.3,44458_30,1,A0A2I1BSX0,AB,"[[""H3X"", [""A""], ""non-polymer"", 446.6, 0]]"
7EPR,2.2,3544_30,3,,ABCD,"[[""NAD"", [""A"", ""B"", ""C"", ""D""], ""non-polymer"", 663.4, 0]]"
7EX9,1.75,6265_30,0,A0A059WLS9,A,"[[""U28"", [""A""], ""non-polymer"", 365.9, 0]]"
7EYS,1.95,2095_30,0,A0A6J4CX17,ABCD,"[[""0CC"", [""C""], ""non-polymer"", 394.5, 0]]"
7EZQ,1.886,1529_30,2,P93836,A,"[[""0O0"", [""A""], ""non-polymer"", 418.4, 0]]"
7F74,2.0,53244_30,2,O05773,ABCD,"[[""FMN"", [""A"", ""B"", ""C"", ""D""], ""non-polymer"", 456.3, 0]]"
7HG6,1.52,2072_30,2,Q7Z4V5,ABC,"[[""2NU"", [""B""], ""non-polymer"", 258.1, 0]]"
7HTK,2.25,1345_30,0,Q42561,AB,"[[""S9S"", [""A"", ""B""], ""non-polymer"", 217.3, 0]]"
7JJA,1.01,9356_30,1,Q8CWN2,A,"[[""EDT"", [""A""], ""non-polymer"", 292.2, 0]]"
7JW9,2.39,2142_30,4,Q3K9A1,ABCD,"[[""FMN"", [""A"", ""B"", ""C"", ""D""], ""non-polymer"", 456.3, 0]]"
7K99,1.9,762_30,3,P47205,AC,"[[""W4M"", [""A"", ""C""], ""non-polymer"", 453.6, 0]]"
7KEP,1.92,10382_30,0,,A,"[[""NXL"", [""A""], ""non-polymer"", 267.3, 0], [""FYG"", [""A""], ""non-polymer"", 265.2, 0]]"
7KGX,2.0,3095_30,3,P20581,A,"[[""WE1"", [""A""], ""non-polymer"", 417.5, 0]]"
7KZ9,1.9,92610_30,4,A0ACA7P374,AB,"[[""XN7"", [""A"", ""B""], ""non-polymer"", 162.2, 0]]"
7LTS,2.32,10933_30,1,Q8EGW2;Q8EGW3,ABCD,"[[""SAH"", [""A"", ""C""], ""non-polymer"", 384.4, 0]]"
7MMC,2.001,1027_30,3,P26664,A,"[[""ZKA"", [""A""], ""non-polymer"", 766.9, 0]]"
7MXG,2.395,1614_30,2,O14744;Q9BQA1,ABCD,"[[""ZR4"", [""A"", ""C""], ""non-polymer"", 394.8, 0]]"
7NRE,2.3,568_30,1,P0A940,AC,"[[""C8E"", [""A""], ""non-polymer"", 306.4, 0]]"
7O25,1.34,7291_30,1,Q9X0Z6,A,"[[""SAM"", [""A""], ""non-polymer"", 398.4, 0], [""SF4"", [""A""], ""non-polymer"", 351.6, 0], [""CPS"", [""A""], ""non-polymer"", 614.9, 0]]"
7O8F,1.45,2016_30,1,W8VZW3,A,"[[""RET"", [""A""], ""non-polymer"", 284.4, 0]]"
7P1D,1.69,10679_30,2,Q0CMX0,A,"[[""KDM"", [""A""], ""D-saccharide, alpha linking"", 268.2, 0]]"
7PDQ,1.58,154070_30,4,P28700;Q15596,AB,"[[""LG2"", [""A""], ""non-polymer"", 363.5, 0]]"
7QTY,1.69,2295_30,1,A6T526,A,"[[""F0R"", [""A""], ""non-polymer"", 246.3, 0], [""FAD"", [""A""], ""non-polymer"", 785.5, 0]]"
7RDO,1.99,1183_30,1,P17931,A,"[[""4IW"", [""A""], ""non-polymer"", 484.2, 0]]"
7RKB,2.5,27709_30,0,A0ACD7U480,A,"[[""NEU"", [""A""], ""non-polymer"", 253.2, 0]]"
7ROM,1.65,4088_30,0,P38626,A,"[[""FAD"", [""A""], ""non-polymer"", 785.5, 0]]"
7RYA,2.1,1395_30,0,P10614,A,"[[""HEM"", [""A""], ""non-polymer"", 616.5, 0], [""1YN"", [""A""], ""non-polymer"", 705.6, 0]]"
7SF0,1.95000442951,64251_30,1,P04311,A,"[[""M7G"", [""A""], ""non-polymer"", 458.2, 1]]"
7T3E,1.04,3105_30,3,Q6LPV9,AB,"[[""SLB"", [""A"", ""B""], ""D-saccharide, beta linking"", 309.3, 0]]"
7TLQ,2.2,2445_30,1,C8W9P2,AB,"[[""PLP"", [""A"", ""B""], ""non-polymer"", 247.1, 0]]"
7TNF,1.539,1988_30,1,Q2IU02,A,"[[""HEM"", [""A""], ""non-polymer"", 616.5, 0], [""Z7Z"", [""A""], ""non-polymer"", 198.2, 0]]"
7TW8,1.55,28628_30,3,P0DTD1;P41212,A,"[[""SAH"", [""A""], ""non-polymer"", 384.4, 0]]"
7U69,2.5,5767_30,2,F1QCV2,A,"[[""LS6"", [""A""], ""non-polymer"", 274.4, 0]]"
7W8N,1.75,2645_30,1,A0A074MDU6,ABCD,"[[""D8F"", [""A"", ""B"", ""C"", ""D""], ""non-polymer"", 237.3, 0]]"
7WDT,1.65,21306_30,1,D4QAP5,A,"[[""NGY"", [""A""], ""D-saccharide, alpha linking"", 301.3, 0], [""NGS"", [""A""], ""D-saccharide, beta linking"", 301.3, 0]]"
7XUQ,2.5,4757_30,3,A2RI36,A,"[[""I1A"", [""A""], ""non-polymer"", 415.5, 0]]"
7XX0,2.199,15784_30,1,A0A125SZC1,ABCDEFGH,"[[""I55"", [""A"", ""B"", ""C"", ""D"", ""E"", ""F"", ""G"", ""H""], ""non-polymer"", 431.4, 0], [""FAD"", [""A"", ""B"", ""C"", ""D"", ""E"", ""F"", ""G"", ""H""], ""non-polymer"", 785.5, 0]]"
7ZRN,1.82,15070_30,2,A9GK58,AB,"[[""PPV"", [""A"", ""B""], ""non-polymer"", 178.0, 0]]"
8A3N,2.0,1204_30,4,W8JWW7,AB,"[[""NAP"", [""A"", ""B""], ""non-polymer"", 743.4, 0]]"
8ABR,2.1,2318_30,0,D5DF88,A,"[[""HEB"", [""A""], ""non-polymer"", 618.5, 0]]"
8AID,1.52,52429_30,0,Q9HWJ8,ABCD,"[[""NHE"", [""A"", ""B"", ""C"", ""D""], ""non-polymer"", 207.3, 0]]"
8AMO,1.4,13009_30,0,P9WPL3,A,"[[""HEM"", [""A""], ""non-polymer"", 616.5, 0]]"
8AN6,1.9,7581_30,0,,ABCD,"[[""BTN"", [""A"", ""B"", ""C"", ""D""], ""non-polymer"", 244.3, 0]]"
8BGX,1.9,14245_30,3,Q7MY08,ABCD,"[[""SAH"", [""A"", ""B"", ""C"", ""D""], ""non-polymer"", 384.4, 0], [""QPF"", [""A"", ""B"", ""C"", ""D""], ""non-polymer"", 270.2, 0]]"
8BIY,1.61,7482_30,1,A4IPE6,ABCD,"[[""CXS"", [""A"", ""C"", ""D""], ""non-polymer"", 221.3, 0]]"
8BZ6,2.4,28891_30,0,A0A401AAP7,ABCDEF,"[[""UPG"", [""A"", ""B"", ""C"", ""D"", ""E"", ""F""], ""non-polymer"", 566.3, 0]]"
8C1A,1.9,46_30,2,P0DTD1,AB,"[[""T6O"", [""A""], ""non-polymer"", 435.4, 0]]"
8FET,2.202,1009_30,1,C5YGL7,AB,"[[""NAP"", [""A"", ""B""], ""non-polymer"", 743.4, 0]]"
8FUX,1.2,23827_30,3,A0A0H2Z2W8,AB,"[[""KDO"", [""A"", ""B""], ""D-saccharide, alpha linking"", 238.2, 0], [""PXV"", [""A"", ""B""], ""non-polymer"", 279.4, 0], [""C5P"", [""A""], ""non-polymer"", 323.2, 0], [""KD3"", [""A"", ""B""], ""non-polymer"", 238.2, 0]]"
8GFM,2.38,9303_30,4,Q0PA47,A,"[[""4AM"", [""A""], ""D-saccharide"", 290.3, 0]]"
8GLZ,2.02,1988_30,1,Q2IU02,A,"[[""HEM"", [""A""], ""non-polymer"", 616.5, 0]]"
8GM4,2.12,8440_30,2,O00418;P0DP23,AB,"[[""EKI"", [""A""], ""non-polymer"", 289.3, 0], [""ADP"", [""A""], ""non-polymer"", 427.2, 0]]"
8HNF,1.57,1843_30,0,,A,"[[""1PG"", [""A""], ""non-polymer"", 252.3, 0]]"
8HO0,1.71,2353_30,0,A0A8I3B027,A,"[[""3ZI"", [""A""], ""non-polymer"", 301.3, 0], [""HEM"", [""A""], ""non-polymer"", 616.5, 0]]"
8I2R,1.36,6247_30,2,B2IF78,A,"[[""BDF"", [""A""], ""D-saccharide, beta linking"", 180.2, 0]]"
8JDE,1.729,5225_30,2,Q7TNG8,A,"[[""FAD"", [""A""], ""non-polymer"", 785.5, 0]]"
8K32,2.12,235_30,0,D7CJ24,ABCD,"[[""NAI"", [""A"", ""B"", ""C"", ""D""], ""non-polymer"", 665.4, 0]]"
8OMI,1.77,35062_30,1,C4M387,A,"[[""ATP"", [""A""], ""non-polymer"", 507.2, 0]]"
8PVM,1.38,2121_30,2,P29166,AB,"[[""SF4"", [""A"", ""B""], ""non-polymer"", 351.6, 0], [""402"", [""A"", ""B""], ""non-polymer"", 355.0, 0]]"
8QFJ,1.9,8530_30,2,K9TLZ5,A,"[[""FMN"", [""A""], ""non-polymer"", 456.3, 0]]"
8R06,1.7,3637_30,3,F6BL85,A,"[[""PO8"", [""A""], ""non-polymer"", 194.2, 1]]"
8R0W,1.95,154475_30,3,P11309,AB,"[[""XGF"", [""A""], ""non-polymer"", 213.0, 0]]"
8R1T,2.0,147304_30,1,P11309,AD,"[[""XIJ"", [""A""], ""non-polymer"", 241.3, 0]]"
8SRL,2.01,4551_30,1,Q7S860,ABCD,"[[""PIT"", [""A"", ""B"", ""C"", ""D""], ""non-polymer"", 244.2, 0]]"
8SRX,2.09,4098_30,4,Q07812;Q16611,ABCD,"[[""K6G"", [""A"", ""B"", ""D""], ""non-polymer"", 496.6, 0]]"
8TNC,1.4,39486_30,0,,ABC,"[[""3JD"", [""A"", ""B"", ""C""], ""non-polymer"", 320.4, 0]]"
8U0I,1.541,78862_30,3,Q9I7B4,A,"[[""C2E"", [""A""], ""non-polymer"", 690.4, 0]]"
8UF3,2.45,13284_30,3,B4RQ30,AB,"[[""HEC"", [""A"", ""B""], ""non-polymer"", 620.5, 0]]"
8UZO,2.1,2112_30,0,A0A0H3FPU4,ABCD,"[[""ADP"", [""A"", ""B"", ""C"", ""D""], ""non-polymer"", 427.2, 0]]"
8VA5,1.3,2932_30,2,O00255,A,"[[""K5O"", [""A""], ""non-polymer"", 717.9, 0]]"
8W3U,2.0,68039_30,2,O26473,AB,"[[""NAD"", [""A"", ""B""], ""non-polymer"", 663.4, 0], [""UDP"", [""A"", ""B""], ""RNA linking"", 404.2, 0]]"
8WHO,1.892,1529_30,2,P93836,A,"[[""WHO"", [""A""], ""non-polymer"", 386.4, 0]]"
8X69,1.796,1529_30,2,P93836,A,"[[""YDF"", [""A""], ""non-polymer"", 388.4, 0]]"
8XRH,1.25,6794_30,2,Q00942,A,"[[""ANP"", [""A""], ""non-polymer"", 506.2, 0]]"
8Y12,2.1,2411_30,0,A0A179FZ20,AB,"[[""NAP"", [""A"", ""B""], ""non-polymer"", 743.4, 0]]"
8YO0,1.3,11935_30,1,Q9ULC3,A,"[[""GDP"", [""A""], ""RNA linking"", 443.2, 0]]"
9C8A,1.54,1289_30,4,F7X6I3,AB,"[[""FDA"", [""A"", ""B""], ""non-polymer"", 787.6, 0]]"
9CG2,1.96,209979_30,4,Q8U2I5,A,"[[""SAH"", [""A""], ""non-polymer"", 384.4, 0], [""SF4"", [""A""], ""non-polymer"", 351.6, 0]]"
9DFM,2.25,15091_30,1,,AB,"[[""HEM"", [""A"", ""B""], ""non-polymer"", 616.5, 0], [""TSS"", [""A"", ""B""], ""non-polymer"", 160.2, 0]]"
9DGD,1.8,4500_30,3,A0A5S8WF76,A,"[[""SAH"", [""A""], ""non-polymer"", 384.4, 0]]"
9FBN,1.8,3594_30,0,A0A7U9HFU5,ABCDEF,"[[""HEM"", [""A"", ""B"", ""C"", ""D"", ""E"", ""F""], ""non-polymer"", 616.5, 0]]"
9G8C,1.9,6035_30,4,A9CI81,AB,"[[""EL5"", [""A"", ""B""], ""non-polymer"", 584.7, 0]]"
9GJX,2.4,6960_30,1,Q65MG6,ABCDEF,"[[""FMN"", [""A"", ""B"", ""C"", ""D"", ""E"", ""F""], ""non-polymer"", 456.3, 0]]"
9GZ4,0.96,2121_30,2,P07598;P07603,AB,"[[""4WW"", [""A""], ""non-polymer"", 354.0, 0], [""SF4"", [""A""], ""non-polymer"", 351.6, 0]]"
9HF8,2.19,3469_30,2,P54274,A,"[[""T9Q"", [""A""], ""non-polymer"", 179.2, 0]]"
9HFB,2.29,3469_30,2,P54274,A,"[[""JP4"", [""A""], ""non-polymer"", 193.2, 0]]"
9M5F,2.35,6505_30,2,,A,"[[""36J"", [""A""], ""non-polymer"", 320.4, 0]]"
9OLZ,1.71,874_30,4,P05637,AB,"[[""B4P"", [""A"", ""B""], ""non-polymer"", 836.4, 0]]"
9QZ5,1.572,22144_30,0,P0DUV9,AB,"[[""3KK"", [""A"", ""B""], ""non-polymer"", 853.6, 0], [""TPW"", [""A"", ""B""], ""non-polymer"", 423.3, 0]]"
9RDP,1.55,6810_30,1,Q5XX06,A,"[[""OO3"", [""A""], ""non-polymer"", 153.1, 0]]"
9T3F,2.07,194948_30,1,F2D8Y4;Q8RW50,AB,"[[""GSP"", [""A""], ""non-polymer"", 539.2, 0]]"
9T8A,2.08,95353_30,1,,ABCDEF,"[[""COH"", [""A"", ""B"", ""C"", ""D"", ""E"", ""F""], ""non-polymer"", 619.6, 0]]"
9V3A,2.0,106630_30,1,,A,"[[""SRO"", [""A""], ""non-polymer"", 176.2, 0]]"
9VEP,1.7,3571_30,1,A6TCF4,AB,"[[""D1D"", [""B""], ""non-polymer"", 152.2, 0]]"
9VSS,1.79,2870_30,2,Q9YAQ8,A,"[[""MTA"", [""A""], ""non-polymer"", 297.3, 0]]"
9WM4,2.4,3571_30,1,Q9HXI4,AB,"[[""INS"", [""B""], ""non-polymer"", 180.2, 0]]"
9X0E,1.69,4209_30,3,Q6QWR1,A,"[[""FAD"", [""A""], ""non-polymer"", 785.5, 0]]"
9ZEG,1.532,1988_30,1,Q2IU02,A,"[[""HEM"", [""A""], ""non-polymer"", 616.5, 0], [""JO4"", [""A""], ""non-polymer"", 214.2, 0]]"
