pdb,resolution,cluster30,fold,uniprot,rec_chains,pep_chains,pep_lengths,pep_seqs
10KU,2.09,2738_30,2,Q6UWY2,ABCD,EFGI,[15],"[""XFTTTRRRRIIGPCX""]"
12YU,1.5,4368_30,4,Q12830,A,B,[15],"[""AATKQTARKSTGGYX""]"
12ZJ,1.63,1523_30,1,Q93009;Q9UJ55,ACE,BDF,[13],"[""SAWEGPSTSRALG""]"
1APV,1.8,4534_30,3,P00798,E,I,[5],"[""XVVXX""]"
1AQC,2.3,18230_30,0,Q02410,AB,CD,[10],"[""GYENPTYKFF""]"
1B8D,1.9,990_30,2,O36004;O36005,ABKL,G,[6],"[""GYXXYX""]"
1C5F,2.47,22834_30,3,Q27450,ACEGIKMO,BDFHJLNP,[11],"[""ALLVTAGLVLA""]"
1CZY,2.0,3973_30,0,P03230;Q12933,ABC,DE,[8],"[""XPQQATDD""]"
1D00,2.0,3973_30,0,P25942;Q12933,ABCDEFGH,IJKLMNOP,[7],"[""XPVQETX""]"
1D4T,1.1,7463_30,1,O60880;Q13291,A,B,[11],"[""KSLTIYAQVQK""]"
1D5M,2.0,2134_30,4,P01552;P01903;P01911,ABC,D,[9],"[""XARAMCSLX""]"
1D5X,2.45,2134_30,4,P01552;P01903;P01911,ABC,D,[6],"[""XARAXS""]"
1DDV,1.9,9556_30,2,P31424;Q9Z214,A,B,[6],"[""TPPSPF""]"
1E54,2.1,52682_30,4,P24305,A,B,[8],"[""DNWQNGTS""]"
1E6I,1.87,20459_30,4,P02309;Q03330,A,P,[15],"[""AKRHRKILRNSIQGI""]"
1G65,2.25,411_30,2,P21242;P21243;P22141;P23638;P23639;P23724;P25043;P25451;P30656;P30657;P32379;P38624;P40302;P40303,12ABCDEFGHIJKLMNOPQRSTUVWXYZ,34,[5],"[""XIITX""]"
1GBB,2.15,3657_30,0,P00778,A,P,[5],"[""XAAPA""]"
1GYB,1.9,14848_30,1,P33331,ABCD,EFGH,[9],"[""DSGFSFGSK""]"
1H0G,2.0,2403_30,1,P11797,AB,CD,[5],"[""RPSHX""]"
1H9L,1.67,1096_30,0,P00772,B,A,[5],"[""XVEPI""]"
1IHJ,1.8,24042_30,0,Q24008,AB,CD,[7],"[""GKTEFCA""]"
1IZE,1.9,4534_30,3,P0CU33,A,B,[6],"[""XVVXAX""]"
1J19,2.4,2380_30,2,P26043;P35330,A,B,[16],"[""RRRTGTYGVLAAWRRL""]"
1J2X,2.0,3068_30,0,P35269;Q9Y5B0,A,B,[18],"[""SEADEMAKALEAELNDLM""]"
1K2D,2.2,5329_30,2,P02686;P06344;P14438,AB,P,[23],"[""HSRGGASQYRPSQRHGTGSGSGS""]"
1KYF,1.22,2638_30,0,P17427;P42567,A,P,[6],"[""GSDPFK""]"
1KZO,2.2,2778_30,4,P01116;Q02293;Q04631,AB,C,[11],"[""KKKSKTKCVIM""]"
1LVM,1.8,41017_30,4,P04517,AB,CDE,"[7, 10]","[""EATQLMN"", ""XENLYFQSGT""]"
1M72,2.3,23611_30,2,P89116,ABC,DEF,[6],"[""XDEVDX""]"
1MFG,1.25,11249_30,1,P04626;Q96RT1,A,B,[9],"[""EYLGLDVPV""]"
1N0W,1.7,1716_30,3,P51587;Q06609,A,CL,"[4, 14]","[""GSMG"", ""TGSTGSTGSTGSMG""]"
1N4Q,2.4,7327_30,2,P53610;P61225;Q04631,ABCDEFGHIJKL,MNOPQR,[11],"[""KKKSKTKCVIL""]"
1N7F,1.8,10522_30,2,P97879;Q13136,AB,CD,[8],"[""ATVRTYSC""]"
1NJT,2.5,10290_30,1,P16753,ABCD,EFGH,[6],"[""XVDNAX""]"
1NU2,1.9,25804_30,2,P97318,A,B,[10],"[""NFDNPVYRKT""]"
1NX0,2.3,23564_30,0,P04574;P12675,AB,CDE,"[5, 12]","[""AKAIA"", ""DAIDALSSDFTS""]"
1NX1,2.0,23564_30,0,P04574;P12675,AB,CD,[11],"[""DAIDALSSDFT""]"
1OEB,1.76,8901_30,3,O89100;Q60787,AB,CD,[13],"[""PAPSIDRSTKPPL""]"
1OJ5,2.21,5000_30,1,P42226;P70365,A,B,[14],"[""LPPTEQDLTKLLLE""]"
1OSZ,2.1,44_30,1,P01887;P01901,AB,C,[8],"[""RGYLYQGL""]"
1OU8,1.6,24354_30,1,P45206,AB,CD,[11],"[""GRHGAANDENY""]"
1OXQ,2.3,13097_30,1,Q96CA5;Q9NR28,ABCDE,F,[9],"[""AVPIAQKSE""]"
1PDQ,1.76,69687_30,1,P26017;P84243,A,B,[18],"[""APRKQLATKAARKSAPST""]"
1PJ8,2.2,609_30,0,P06873,A,I,[7],"[""PAPFPAX""]"
1PU9,2.3,14674_30,0,P61830;Q27198,A,B,[19],"[""QTARKSTGGKAPRKQLASK""]"
1Q3L,1.64,32963_30,4,P05205;P68431,A,P,[16],"[""ARTKQTARKSTGGKAY""]"
1QIX,1.9,1096_30,0,P00772,B,A,[7],"[""YPFVEPI""]"
1QLS,2.3,16092_30,3,P04083;P31950,A,D,[12],"[""XAMVSAFLKQAW""]"
1QNG,2.1,43107_30,2,Q25756,A,D,[11],"[""ALLVTAGLVLA""]"
1QNH,2.1,43107_30,2,Q25756,AB,CD,[11],"[""ALLVTAGLVLA""]"
1QSN,2.2,14674_30,0,P61830;Q27198,A,B,[11],"[""KSTGGKAPRKQ""]"
1SDZ,1.78,23405_30,4,Q24306,A,B,[10],"[""AVAFYIPDQA""]"
1SZA,2.2,17011_30,1,P39081,ABC,Z,[14],"[""YSPTSPSYSPTSPS""]"
1T0J,2.0,3493_30,0,Q13936;Q8VGC3,AB,C,[20],"[""GAQQLEEDLKGYLDWITQAE""]"
1T29,2.3,3152_30,4,P38398;Q9BX63,A,B,[14],"[""ISRSTSPTFNKQTK""]"
1T2W,1.8,25623_30,0,Q9S446,ABC,D,[5],"[""LPETG""]"
1TK2,1.54,1021_30,3,P29600,A,B,[10],"[""VALFPVALFP""]"
1TN8,2.25,2778_30,4,Q02293;Q04631,AB,C,[5],"[""GCVLS""]"
1TW6,1.713,13097_30,1,Q96CA5;Q9NR28,AB,CD,[9],"[""AVPIAQKSE""]"
1TWB,1.9,24354_30,1,P45206,AB,CD,[8],"[""ACNDENYA""]"
1U00,1.95,136139_30,3,P0A6Z1,A,P,[9],"[""ELPPVKIHC""]"
1U9L,1.9,2561_30,2,P0AFF6,AB,C,[7],"[""NRPILSL""]"
1UPK,1.85,4926_30,3,Q7RTN6;Q9Y376,A,B,[12],"[""NLEELEVDDWEF""]"
1VAI,1.8,3196_30,4,P0AFL3,AB,C,[6],"[""XAAPAX""]"
1WRZ,2.0,367_30,1,P0DP23;Q9UIK4,A,B,[19],"[""RRRWKLSFSIVSLCNHLTR""]"
1WS5,1.9,4384_30,0,P18670;P18673,ACEG,BDFH,[20],"[""DEQSGISQTVIVGPWGAKSA""]"
1Y7L,1.55,4054_30,2,P43886;P45040,A,P,[10],"[""GIDDGMNLNI""]"
1Y98,2.5,3152_30,4,P38398;Q99708,A,B,[12],"[""PTRVSSPVFGAT""]"
1YJM,2.2,8573_30,1,Q9JLV6,ABC,EFG,[13],"[""XYDESTDEESEKK""]"
1YUC,1.9,3636_30,2,O00482;Q15466,AB,CD,[14],"[""ASRPAILYALLSSS""]"
1YYP,2.5,53102_30,3,P08546;P16790,A,B,[22],"[""LPRRLHLEPAFLPYSVKAHECC""]"
1Z8G,1.55,6613_30,2,P05981,A,L,[6],"[""XKQLRX""]"
1Z9O,1.9,6205_30,0,Q8K4M9;Q9Z270,ABCDEF,GHIJKL,[10],"[""SEDEFYDALS""]"
1ZDT,2.1,3636_30,2,Q13285;Q15596,AB,PQ,[12],"[""ENALLRYLLDKD""]"
21AW,2.0,507_30,0,A1YUL8;P0C783,AB,CDEF,[17],"[""AKKQRRRSHKQNRRERG""]"
21EE,1.34,12576_30,1,A8MW92;Q16695,A,B,[15],"[""SAPATGGVKKPHRYR""]"
29KL,2.094,2410_30,3,P35222,A,B,[16],"[""XVTRVDVPPDSLLVFX""]"
2AK5,1.85,7280_30,0,O55043;Q13191,AB,D,[8],"[""RPPKPRPR""]"
2ARQ,1.85,1179_30,4,P05120,A,P,[15],"[""XTEAAAGDGGVMTGR""]"
2ARR,1.55,1179_30,4,P05120,A,P,[15],"[""XTEAAAGMGGVMTGR""]"
2ASU,1.85,1303_30,3,P26927,B,A,[19],"[""FEKCGKRVDRLDQRRSKLR""]"
2B2W,2.4,5483_30,4,O14646;P68431,ABC,D,[20],"[""ARTKQTARKSTGGKAPRKQY""]"
2B9H,1.55,2102_30,0,P16892,A,C,[14],"[""RRNLKGLNLNLHPD""]"
2CHN,1.95,6147_30,2,Q89ZI2,AB,CD,[12],"[""XXXXXXXXXXXX""]"
2CNY,1.9,12543_30,4,Q8ZRK4,A,B,[20],"[""GSFLPNSEQQKSVDAVFSSP""]"
2CO4,1.85,12543_30,4,Q8ZRK4,A,B,[20],"[""GSFLPNSEQQKSVDIVFSSP""]"
2D0N,1.57,8901_30,3,O89100,AC,BD,[9],"[""PSIDRSTKP""]"
2EGN,2.4,17122_30,1,Q8R4T5,A,B,[5],"[""SSSSL""]"
2F4O,2.26,12110_30,1,P54728;Q9JI78,AB,I,[5],"[""XVADX""]"
2FF4,1.9,20889_30,1,P14737;P9WGJ9,AB,EF,[9],"[""SLEVTEADT""]"
2FFF,2.23,5560_30,3,O70038;Q4TUQ1,B,A,[15],"[""ISEITYSDGTVIASI""]"
2FFU,1.64,3215_30,4,Q10471;Q63549,A,P,[13],"[""PTTDSTTPAPTTK""]"
2FGE,2.1,21081_30,3,Q9LJL3,AB,DE,[6],"[""AALTRA""]"
2FGR,1.5,52682_30,4,P24305,A,B,[8],"[""DNWQNGTS""]"
2FIV,2.0,21794_30,2,P16088,AB,IJ,[7],"[""XAVXEAX""]"
2FLW,2.0,1821_30,2,P07800;P0A2D5,A,B,[15],"[""ASQDQVDDLLDSLGF""]"
2FMH,2.001,1821_30,2,P07800;P0A2D5,A,B,[15],"[""ASQDQVDDLLDSLGF""]"
2FTS,2.41,2736_30,1,P20781;Q03555,A,P,[13],"[""FSIVGSLPRDFEL""]"
2G2L,2.35,10568_30,0,M0R9A7;Q62696,AB,CD,[18],"[""SIPCMSHSSGMPLGATGL""]"
2G30,1.6,2307_30,1,P63010;Q5SW96,A,P,[16],"[""DDGLDEAFSRLAQSRT""]"
2G58,0.98,356_30,3,P59071,A,B,[5],"[""XIARS""]"
2G9H,2.0,23036_30,1,P01903;P01911;P04664;Q52T95,ABD,C,[13],"[""PKYVKQNTLKLAT""]"
2GGM,2.35,1079_30,0,P41208;Q01831,AB,CD,[17],"[""NWKLLAKGLLIRERLKR""]"
2GHQ,2.05,8747_30,3,P24928;Q9GZU7,AB,CD,[9],"[""PSYSPTSPS""]"
2GHT,1.8,8747_30,3,P24928;Q9GZU7,AB,CD,[8],"[""SYSPTSPS""]"
2H54,1.8,1538_30,4,P29466,AB,C,[5],"[""XVADX""]"
2H5D,0.9,3657_30,0,P00778,A,B,[5],"[""XAAPV""]"
2H6M,1.4,26993_30,3,P08617,A,I,[6],"[""XLAAQX""]"
2HDX,2.35,27591_30,4,Q62120;Q91ZM2,ABCDEF,GHIJKL,[11],"[""TPDYELLTEND""]"
2HL3,2.03,5005_30,3,Q14203;Q15691,AB,C,[6],"[""EEQEEY""]"
2ICW,2.41,41841_30,0,A2NTY6;P01738;P01903;P01911;Q48898,ABDEGHIJKL,CF,[13],"[""PKYVKQNTLKLAT""]"
2IFR,1.95,22509_30,1,P15369,A,B,[9],"[""XFKFXALRX""]"
2J6O,2.23,9769_30,2,P06729;Q9Y5K6,A,C,[10],"[""KGPPLPRPRV""]"
2JAM,1.7,16139_30,2,Q96NX5,AB,DE,"[4, 6]","[""VSKF"", ""GVSKFA""]"
2JDL,2.2,1880_30,3,P05387;P09989,AB,CD,[11],"[""SDDDMGFGLFD""]"
2JGB,1.7,13709_30,2,O60573;Q13541,A,B,[17],"[""RIIYDRKFLMECRNSPV""]"
2JK9,1.79,8821_30,1,Q96BD6;Q96IZ0,A,B,[15],"[""NELNNNLPGGAPAAP""]"
2JKG,1.89,28720_30,4,Q8I2J4,A,P,[8],"[""PPPPPPPP""]"
2O88,1.75,1669_30,0,P00519,AB,CD,[11],"[""XAPSYSPPPPP""]"
2OJU,2.4,4677_30,3,Q9H2H8,AB,CD,[11],"[""ALLVTAGLVLA""]"
2OVR,2.5,15966_30,4,P63208;Q969H0,AB,C,[8],"[""SLIPTPDK""]"
2P1Q,1.91,4708_30,1,Q38825;Q39255;Q570C0,AB,C,[13],"[""QVVGWPPVRNYRK""]"
2P6B,2.3,1783_30,2,P63098;Q08209,ABCD,E,[15],"[""GPHPVIVITGPHEEX""]"
2PBK,1.73,14700_30,1,Q2HRB6,AB,CD,[7],"[""XPVYVQX""]"
2PC4,2.4,3550_30,2,A0A509AST0;P14223,ABCD,H,[6],"[""EDNDWN""]"
2PNX,1.8,42442_30,2,Q9UNL4,AC,BD,[12],"[""ARTKQTARKSTG""]"
2PQW,2.0,5475_30,4,Q9Y468,A,B,[9],"[""RHRKVLRDN""]"
2PUY,1.43,32498_30,1,Q6NXT2;Q96BD5,AB,E,[10],"[""ARTKQTARKS""]"
2Q6W,2.25,13131_30,4,P01903;P05106;P79483,ABDE,CF,[12],"[""AWRSDEALPLGS""]"
2QIC,2.1,4641_30,4,Q9UK53,A,B,[12],"[""ARTKQTARKSTG""]"
2R0Y,1.75,16807_30,3,Q02206,A,B,[13],"[""TARKSTGGKAPRK""]"
2R9Q,2.2,116735_30,4,A9CKA1,ABCD,XY,"[9, 7]","[""VEVPLAGAV"", ""SNPACVA""]"
2RDL,2.5,3756_30,0,O70164,AB,IJ,[6],"[""XAAPAX""]"
2REM,1.9,8512_30,0,Q9PDE3,ABC,T,[8],"[""XXXXXXXX""]"
2RHI,1.66,5475_30,4,P16401;Q9Y468,A,B,[5],"[""KATKK""]"
2RI7,1.45,4368_30,4,P68431;Q12830,A,P,[9],"[""ARTKQTARK""]"
2RKZ,2.0,2699_30,1,P02751;P14738,ABCDEF,MNOPQR,[23],"[""XETLTGQYDKNLVTTVEEEYDSX""]"
2V1R,2.1,31742_30,3,P53112;P80667,AB,PQR,[15],"[""XEAMPPTLPHRDWKD""]"
2V1T,1.92,1874_30,2,P11884;Q62760,AB,CD,[13],"[""GPRLSRLLSAAGC""]"
2V3S,1.7,7970_30,2,O95747;Q96J92,AB,CD,[6],"[""GRFQVT""]"
2V86,2.05,3899_30,3,P21784;P84228,AB,DE,[9],"[""ARTKQTARA""]"
2V89,1.1,3899_30,3,P21784;P68431,AB,DE,[10],"[""ARTKQTAAKA""]"
2V8X,2.3,1948_30,3,P06730;Q13541,AE,BF,[14],"[""RIIYDRKFLMECRN""]"
2VIF,1.45,30405_30,1,O14544;P10721,A,P,[11],"[""NGNNYVYIDPT""]"
2VNF,1.76,42442_30,2,P68431;Q9UNL4,AC,BD,[10],"[""ARTKQTARKS""]"
2VPE,1.7,17416_30,0,O00512;Q9Y3Y4,AC,PR,[7],"[""ARTKQTA""]"
2VZD,2.1,4610_30,1,P49023;Q9NVD7,AB,CD,[20],"[""MDDLDALLADLESTTSHISK""]"
2VZG,1.8,4610_30,1,P49023;Q9NVD7,B,A,[20],"[""NLSELDRLLLELNAVQHNPP""]"
2W0Z,1.7,11362_30,1,P62993;Q9UQC2,A,B,[9],"[""APPPRPPKP""]"
2WA8,2.15,1320_30,1,P0A8Q6,AC,BD,[10],"[""FRSKGEELFT""]"
2WHY,1.7,32511_30,2,P40409,A,B,[9],"[""XGTXGTXGT""]"
2WV4,2.5,40609_30,3,P03306,AB,CD,[11],"[""XAPAKQLLNFD""]"
2X6M,1.62,749_30,0,P37840,A,B,[9],"[""GYQDYEPEA""]"
2XPO,2.1,34154_30,4,Q8SRG7;Q8SUS7,AC,BD,[23],"[""GSHMFFEIFGTGEEYRYVLESDP""]"
2XXM,1.65,1909_30,4,P12497,AB,T,[11],"[""ITFEDLLDYYG""]"
2Y06,2.5,382_30,4,,HL,P,[12],"[""GDPRPSYISHLL""]"
2Y1L,1.8,3262_30,2,Q14790,ABCDEF,HI,"[5, 4]","[""XIETX"", ""IETD""]"
2YCH,2.2,110185_30,3,Q72IW7;Q72IW8,A,B,[15],"[""MIRLNLLPKNLRRRV""]"
2YKT,2.11,9423_30,1,C6UYL8;Q9UQB8,A,B,[13],"[""GTVQNPYADVKTX""]"
2YYR,2.5,17416_30,0,Q9D0P5,AB,P,[8],"[""ARTKQTAR""]"
2Z8P,1.8,10452_30,0,P0A2M9,A,B,[7],"[""GEATVYA""]"
2Z9I,2.0,32241_30,2,O53896,ABC,DEFGHI,"[4, 5]","[""GATV"", ""SVEQV""]"
2ZJD,1.56,2271_30,2,Q64337;Q9GZQ8,AC,BD,[11],"[""SGGDDDWTHLS""]"
2ZNE,2.2,8802_30,2,O75340;Q8WUM4,AB,CD,[16],"[""QGPPYPTYPGYPGYSQ""]"
31EE,1.81,80416_30,3,,AB,C,[12],"[""AALAPLGSVGSV""]"
3AL3,2.15,6189_30,0,Q92547;Q9BX63,A,B,[10],"[""SIYFTPELYD""]"
3AMB,2.25,15638_30,2,P17612;P61925,A,B,[20],"[""TTYADFIASGRTGRRNAIHD""]"
3AP2,2.4,6422_30,3,O60704,AB,ST,[9],"[""EDFEDYEFD""]"
3ASL,1.41,2420_30,4,P68431;Q96T88,A,B,[11],"[""ARTKQTARKST""]"
3AX5,2.2,1874_30,2,P11884;Q62760,AC,BD,[11],"[""GCRLCRLLSYA""]"
3AYU,2.0,3884_30,1,P05067;P08253,A,B,[10],"[""ISYGNDALMP""]"
3BFW,1.8,12283_30,3,P08189;P08190,AC,BD,[15],"[""ADSTITIRGYVRDNR""]"
3BOO,1.4,833_30,0,P0DPI1,A,B,[8],"[""XCRATKML""]"
3BU3,1.65,1283_30,3,P06213;P81122,A,B,[15],"[""AYNPYPEDYGDIEIG""]"
3C2G,2.5,59351_30,3,Q10666;Q9XVI2,AB,CD,[8],"[""GDEVKVFR""]"
3C3O,2.15,6644_30,3,Q8WUM4;Q9BY43,A,B,[13],"[""DEEALKQLAEWVS""]"
3C5I,2.2,35791_30,4,D0VWT1,ABCD,E,[6],"[""ENLYFQ""]"
3C6W,1.75,4641_30,4,Q8WYH8,AC,BD,[12],"[""ARTKQTARKSTG""]"
3C8B,1.47,833_30,0,P0DPI1,A,B,[5],"[""RRGIX""]"
3CD3,1.98,4862_30,1,P07332,A,B,[6],"[""XIYESL""]"
3CV0,2.0,11598_30,3,P13377;Q57W55,A,B,[7],"[""FNELSHL""]"
3CYY,2.4,8079_30,2,P08050;Q07157,AB,CD,[9],"[""RPRPDDLEI""]"
3D42,2.46,8126_30,3,P28482;P35236,A,B,[8],"[""LTEYVATR""]"
3D9M,1.75,15938_30,0,P24928;Q9UPN6,AB,YZ,[14],"[""YSPTSPSYSPTSPS""]"
3D9P,2.1,15938_30,0,P24928;Q9UPN6,AB,YZ,[14],"[""YSPTSPSYSPTSPS""]"
3D9T,1.5,4075_30,1,P55211;Q13490,AB,CD,[6],"[""ATPFQE""]"
3DAB,1.9,6897_30,4,O15151;P04637,ACEG,BDFH,[15],"[""SQETFSDLWKLLPEN""]"
3DAC,1.8,9727_30,2,P04637;Q7ZUW7,AM,BP,[21],"[""ETFSDLWKLLPENNVLSPLPS""]"
3DB3,2.4,2420_30,4,Q71DI3;Q96T88,A,B,[6],"[""TARKST""]"
3DD7,1.7,34641_30,3,Q06253;Q06259,AC,BD,[23],"[""ALDAEFASLFDTLDSTNKEMVNR""]"
3DNJ,1.15,21009_30,2,Q9A5I0,AB,CD,[10],"[""YLFVQRDSKE""]"
3DRF,1.3,15921_30,3,A2RJ53,A,B,[8],"[""ASNSIASG""]"
3DRH,1.7,15921_30,3,A2RJ53,A,B,[6],"[""AAAAAA""]"
3DVE,2.35,895_30,4,P0DP23;Q05152,A,B,[23],"[""HMGKVYAALMIFDFYKQNKTSRD""]"
3DVP,2.5,1225_30,0,Q13153;Q24117,AB,CD,[10],"[""TPTRDVATSP""]"
3E1I,2.3,3239_30,3,P02671;P02675;P02679,ABCDEF,GH,[5],"[""GHRPX""]"
3E2B,2.0,1225_30,0,P40688;Q24117,A,C,[16],"[""MYHIRSATSAKATQTD""]"
3ESK,2.05,3435_30,4,P11142;P31948,A,B,[12],"[""GASSGPTIEEVD""]"
3EU7,2.2,19084_30,3,P51587;Q86YC2,A,X,[19],"[""KADLGPISLNWFEELSSEA""]"
3F7O,2.2,609_30,0,Q01471,AB,XY,[5],"[""XAAPV""]"
3FG5,2.5,356_30,3,,A,C,[5],"[""FLSYK""]"
3FHV,1.9,63774_30,1,Q8Z1L1,AB,C,[10],"[""SYDPDNKEER""]"
3FIV,1.85,21794_30,2,P16088,AB,IJ,[8],"[""XAVLAEAX""]"
3FS1,2.2,10049_30,0,P41235,A,B,[9],"[""AALAALLAA""]"
3G2U,2.301,5059_30,0,Q99523;Q9UJY5,AB,CD,[13],"[""SGYHDDSDEDLLE""]"
3G2W,2.4,5059_30,0,Q9UJY5,AB,CD,[14],"[""SASVSLLDDELMSL""]"
3GOF,1.45,895_30,4,P29477;P62149,AB,CD,[16],"[""RRREIRFRVLVKVVFF""]"
3GQ1,1.496,21009_30,2,Q9A5I0,AB,CD,[10],"[""WLFVQRDSKE""]"
3H11,1.9,9496_30,3,O15519;Q14790,AB,C,[5],"[""AIETD""]"
3H1Z,1.83,2307_30,1,O60331;P62944,A,P,[15],"[""YFPTDERSWVYSPLH""]"
3HDA,2.131,5123_30,3,P16317,P,Z,[6],"[""AEAAQA""]"
3HDS,1.45,35034_30,4,C5MR76,ABCD,EF,[5],"[""ASWSA""]"
3HUF,2.15,34818_30,3,O43070;O74986,ABC,E,[13],"[""IQELDSTTDEDEI""]"
3HXG,2.1,10117_30,0,Q13541,A,C,[21],"[""SGSGRIIYDRKFLMECRNSPV""]"
3I5R,1.7,1902_30,2,P27986,A,B,[12],"[""HSKRPLPPLPSL""]"
3IIQ,2.0,11313_30,3,P00803,AB,CD,[6],"[""SAGGAY""]"
3IK5,2.05,4459_30,1,P20963;P31818,AC,BD,[18],"[""AYQQGQNQLYNELNLGRR""]"
3JR3,1.5,11307_30,2,Q9WYW0,A,D,[18],"[""KKGQSTSRHKKLRFKTEG""]"
3K05,1.33,25890_30,4,Q14676,AB,CD,[5],"[""SQEYX""]"
3KUS,1.4,11788_30,4,P11940;Q9BPZ3,AB,CD,[15],"[""SNLNPNAKEFVPGVK""]"
3KV4,2.19,8515_30,4,Q6NXT2;Q9UPP1,A,B,[24],"[""ARTKQTARKSTGGKAPRKQLATKA""]"
3L81,1.6,8990_30,4,O00189;P05067,A,B,[7],"[""TYKFFEQ""]"
3LGL,1.6,5227_30,0,Q12888,A,B,[11],"[""TSRHKKLMFKT""]"
3LL8,2.0,1783_30,2,P24588;P63098;Q08209,ABCD,E,[11],"[""EPIAIIITDTE""]"
3LNY,1.3,8597_30,2,Q12923;Q8TEU7,A,B,[6],"[""EQVSAV""]"
3M59,1.7,5298_30,0,Q12962;Q8WTS6,A,B,[11],"[""XSKSKDRKYTL""]"
3MET,2.0,13403_30,2,Q92133;Q96ES7,AB,CD,[11],"[""ARTKQTARKST""]"
3MEV,1.83,13403_30,2,Q92133;Q96ES7,AB,CD,[8],"[""AATKQTAR""]"
3MK4,2.42,19291_30,4,P40855;P56589,A,B,[20],"[""ADRELEELLESALDDFDKAK""]"
3N9O,2.309,19252_30,3,P08898;Q9GYI0,A,BC,"[17, 15]","[""ARTKQTARKSTGGKAPR"", ""ARTKQTARKSTGGKA""]"
3N9Q,2.3,19252_30,3,P08898;Q9GYI0,A,BC,"[17, 15]","[""QLATKAARKSAPASGGV"", ""ARTKQTARKSTGGKA""]"
3NIH,2.1,15524_30,1,P19812,A,B,[5],"[""RIAAA""]"
3NIN,2.1,15524_30,1,P19812,AB,DE,[5],"[""RLGES""]"
3NJF,2.47,21285_30,0,Q8EGA7,AC,BD,[9],"[""PQIINRPQN""]"
3NJJ,1.56,21285_30,0,Q8EGA7,A,B,[9],"[""PQIINRPQN""]"
3O2B,2.05,1320_30,1,P0A8Q6,AC,BD,[10],"[""FRSKGEELFT""]"
3O35,1.76,8037_30,1,O15164;P68431,AB,DE,[9],"[""KAARKSAPA""]"
3O41,1.95,382_30,4,P03420,ABHL,CP,[17],"[""XSTASNKNRGIIKTFSX""]"
3O7A,1.67,41380_30,1,Q86YI8;Q92133,A,B,[11],"[""ARTKQTARKST""]"
3OBU,1.6,5168_30,0,Q72497;Q99816,A,B,[9],"[""PEPTAPPEE""]"
3OMG,1.85,6427_30,3,Q7KZF4,AB,CD,[8],"[""RGRARGQE""]"
3P72,1.9,7187_30,0,P07359,A,B,[11],"[""CTERMALHNLC""]"
3P8F,2.0,2983_30,1,Q4GWU5;Q9Y5Y6,A,I,[14],"[""GRCTKSIPPICFPD""]"
3P9Y,2.1,4115_30,1,Q9VWE4,ABCD,EFGH,[7],"[""PTSPSYS""]"
3PLU,1.4,17182_30,3,Q12420;Q6Q546,AB,CD,[19],"[""NLSIEETNEIREKLGMKPI""]"
3PLV,1.9,17182_30,3,Q12420;Q6Q546,A,C,[21],"[""SLSIEETNELRASLGLKLIPP""]"
3Q8D,2.3,1243_30,2,P0A7H3;P0AGE0,AB,EF,[10],"[""YMDFDDDIPF""]"
3QJM,2.311,7773_30,3,Q9WV48,AB,CD,[5],"[""DETNL""]"
3QO2,2.49,17737_30,3,P68431;Q99549,ABCD,PQRS,[15],"[""ARTKQTARKSTGGKA""]"
3QXY,2.09,16950_30,2,Q04206;Q8TBK2,AB,PQ,[15],"[""RKRTYETFKSIMKKS""]"
3R42,1.866,19184_30,0,P25604;P40343,A,B,[9],"[""QVPSDPYNY""]"
3R6L,1.9,10558_30,2,P42575,ABCD,EF,[6],"[""XVDVAD""]"
3RC0,2.19,16950_30,2,Q04206;Q8TBK2,AB,PQ,[15],"[""RKRTYETFKSIMKKS""]"
3RO3,1.1,7523_30,2,Q3HNM7;Q8VDU0,A,B,[22],"[""RLHFMQVDSVQRWMEDLKLMTE""]"
3S1T,1.63,4830_30,3,P9WPX3,AB,C,[11],"[""EATVYAGTGRL""]"
3S3P,2.5,2208_30,4,P21980,A,B,[5],"[""XXQPL""]"
3S70,1.625,3034_30,4,P55212,AC,BD,[5],"[""XVEID""]"
3SI5,2.2,10270_30,2,O60566;Q8NG31,AB,XY,[24],"[""GPLGSSSENKIDFNDFIKRLKTGK""]"
3SM1,1.5,31338_30,1,Q9E7M1,AB,JM,[6],"[""XVVXAX""]"
3SO6,1.37,24162_30,4,D3ZAR1;P01130,A,Q,[14],"[""NSINFDNPVYQKTT""]"
3SOV,1.27,6097_30,1,O75581;Q9BQB4,A,Z,[9],"[""XLPNAIGRX""]"
3SPA,2.5,6271_30,2,O00411,A,B,[9],"[""XXXXXXXXX""]"
3SWC,2.332,6597_30,2,O88508;Q9H9B1,AB,PQ,[12],"[""SATARKVGRPGR""]"
3T6B,2.4,6425_30,3,Q9NY33,AB,CD,[5],"[""VVYPW""]"
3TDU,1.5,9036_30,1,P61081;Q13616;Q96GG9,ABCD,EF,[16],"[""XMIKLFSLKQQKKEEE""]"
3TO6,2.1,3869_30,1,P02309;Q08649,A,B,[12],"[""GKGGAKRHRKIL""]"
3TZD,1.81,20497_30,3,P10412;Q13185,A,T,[19],"[""YPVKKKARKSAGAAKRKAS""]"
3TZY,2.2,5110_30,2,O53579,AB,CD,[12],"[""SDKENFWGMAVA""]"
3TZZ,2.49,5110_30,2,O53579,AB,C,[12],"[""SDKENFWGMAVA""]"
3U6B,2.12,27_30,0,P0CE47;Q7M0J8,AB,CD,[12],"[""SCNCVCGFCCSX""]"
3UF7,1.2,1095_30,1,P0AGE0;P12295,A,BC,[9],"[""MDFDDDIPF""]"
3UIH,2.4,4402_30,1,O15392;Q9NR28,AB,PQ,[15],"[""AVPIAQKSEPHSLSS""]"
3UNN,1.7,23271_30,4,Q14676,A,B,[8],"[""MEDTQAID""]"
3UOT,1.8,23271_30,4,Q14676,AB,DE,[10],"[""MEDTQMIDWD""]"
3UP3,1.25,22171_30,2,H0USY8;Q15596,A,P,[14],"[""ENALLRYLLDKDDT""]"
3UXG,1.85,23020_30,0,O14593;P56524,A,B,[17],"[""LPLYTSPSLPNITLGLP""]"
3V2O,1.89,19726_30,4,P98158;Q9H9E1,A,B,[19],"[""HYRKTGSLLPTLPKLPSLS""]"
3V30,1.57,23020_30,0,O14593;P48382,A,B,[17],"[""KTLVSMPPLPGLDLKGS""]"
3VFJ,2.05,1054_30,1,P0AEX9,A,G,[7],"[""GYXGGYX""]"
3W6K,2.374,8840_30,3,Q5KXL1,BCEF,AD,[18],"[""ERALLFTKPPSDLSAYAD""]"
3WBN,2.45,17375_30,4,Q8U2X0,A,B,[19],"[""AFTFRYSPSLYTWFLFPCG""]"
3WDE,1.44,6889_30,0,P9WPC9,A,B,[7],"[""WLAFVLV""]"
3WG5,2.4,29963_30,2,O59179;O59180,AB,C,[10],"[""NVIVLMLPME""]"
3WMG,2.4,1220_30,0,M1VAN7,A,B,[19],"[""XWLDQIVWFNAPGDLHLCG""]"
3WOO,1.8,11813_30,0,P01019;V5YM14,AB,CD,[6],"[""VYIHPF""]"
3WXA,2.36,8802_30,2,O75340;O94979,AB,CD,[12],"[""NPPPPGFIMHGN""]"
3ZG6,2.2,4294_30,3,P68431;Q8N6T7,A,F,[12],"[""KQTARXSTGGWW""]"
3ZQI,1.5,2668_30,2,P04483;P0ACT4,AB,CD,[16],"[""DDSVLAARARMWMWHW""]"
3ZRZ,1.7,2699_30,1,P02751;Q711B0,AB,CD,[20],"[""XTGMSGFSETVTIVEDTRPX""]"
3ZZY,1.4,4270_30,0,P26599;Q9CW46,AB,CD,[16],"[""GAMGPGVSLLGAPPKD""]"
3ZZZ,1.55,4270_30,0,P26599;Q9CW46,AB,CD,[16],"[""GAMGSSEGLLGLGPGP""]"
4A2A,1.8,47630_30,3,O08398;Q9WZU0,AB,CD,[16],"[""EGDIPAIYRYGLEGLL""]"
4A5X,1.91,10845_30,3,Q8WV92;Q9HD42,AB,CD,[16],"[""SHMEDQLSRRLAALRN""]"
4A62,2.2,11236_30,0,P11904;P11906,AB,CD,[17],"[""EQKSDEETKKNAMKLIN""]"
4AEN,2.2,619_30,2,P01903;P01911;P04233,AB,C,[16],"[""MKMRMATPLLMQALPM""]"
4AOM,1.939,9892_30,2,Q8I4W8;Q8IDR3,A,T,[18],"[""KNIPSLLRVQAHIRKKMV""]"
4AW9,2.2,1634_30,2,Q99538,A,I,[6],"[""XYVADX""]"
4B60,1.83,15484_30,0,P02679;P14738,AB,CD,[17],"[""GEGQQHHLGGAKQAGDV""]"
4B9W,2.1,30619_30,4,Q8CDG1;Q99MV1,AB,PS,[13],"[""GRAGPAGRGLVFR""]"
4BJT,1.61,17798_30,4,P11938;P29539,ABC,DEF,[20],"[""ADISVLPEIRIPIFNSLKMQ""]"
4BOS,2.35,8192_30,3,P0CG48;Q5VVQ6,ABCE,F,[14],"[""FVKTLTGKTITLEV""]"
4BTB,1.899,2784_30,2,P13674,A,C,[9],"[""PPPPPPPPP""]"
4BXF,2.05,6763_30,0,P46776;Q8IUF8,AB,CD,[19],"[""RGNAGCLHHHRINFDKYHP""]"
4C1Q,2.3,92815_30,2,P68431;Q96EQ9,AB,C,[10],"[""ARTKQTARKY""]"
4CC3,1.97,14358_30,3,Q03173;Q6XZF7,ACEG,BDFH,[12],"[""PPPPLPSGPAYA""]"
4CCO,2.3,6763_30,0,P62917;Q9H6W3,AB,CD,[20],"[""NPVEHPFGGCNHQHIGKPST""]"
4CH9,1.84,10467_30,0,Q96J92;Q9UH77,AB,CD,[11],"[""EPEEPEADQHQ""]"
4CHB,1.56,10467_30,0,O95198;Q96J92,AB,CD,[11],"[""EPEEPEADQHQ""]"
4CIC,1.6,23157_30,1,D5X843,AB,Q,[6],"[""AAAAAA""]"
4CYD,1.82,11447_30,2,H7C677,ABCD,FH,[21],"[""AHHHHDYDIPTTENLYFQGHM""]"
4D0Z,2.2,3215_30,4,O00622;Q10471,ABCDEF,XY,[6],"[""STCPAA""]"
4DCB,2.033,14744_30,1,P00747;P17811,A,F,[11],"[""KCPGRVVGGCK""]"
4DOW,1.95,9094_30,2,P62806;Q9Z1N2,AB,CD,[12],"[""GAKRHRKVLRDN""]"
4ETO,1.54,7196_30,0,P26447;P35579,AB,P,[16],"[""DAMNREVSSLKNKLRR""]"
4EXT,1.9,5173_30,1,O60673;Q9UBZ9;Q9UI95,AC,B,[23],"[""RTANILKPLMSPPSREEIMATLL""]"
4EZQ,2.0,122_30,2,P0A6Y8;P37362,A,B,[9],"[""PPRPIYNRN""]"
4F14,1.2,4510_30,1,A4UGR9;O76041,A,B,[13],"[""PPPTLPKPKLPKH""]"
4F27,1.917,13865_30,1,P02671;Q6GDH2,A,Q,[13],"[""ASGSSGTGSTGNQ""]"
4GGN,2.29,9892_30,2,A0A384KCF1;Q7RQ71,ABC,DEF,[15],"[""SLMRVQAHIRKRMVA""]"
4GNE,1.47,7729_30,4,P84243;Q9BZ95,A,B,[7],"[""ARTKQTA""]"
4GNG,1.73,7729_30,4,P84243;Q9BZ95,AD,BF,[15],"[""ARTKQTARKSTGGKA""]"
4GVD,1.85,10680_30,1,P18827;Q13009,AB,CD,[8],"[""TKQEEFYA""]"
4GXL,2.023,1939_30,1,O00214;Q13137,A,B,[14],"[""ARQNPGLAYGNPYS""]"
4GYO,2.16,12135_30,4,O34327;Q6DL83,AB,CD,[5],"[""ERGMT""]"
4H0H,2.0,745_30,2,,B,D,[12],"[""DVFYPYPYASGS""]"
4HCZ,1.85,7046_30,3,O43189;Q6TXQ4,AB,CD,[10],"[""STGGVKKPHR""]"
4HH6,2.5,20170_30,3,D3GUW1,A,Z,[18],"[""KKWDSVYASLFEKINLKK""]"
4HHA,1.6,33_30,0,Q9YKI2,AB,P,[10],"[""ETIYNTTLKY""]"
4HRG,2.0001,9715_30,1,P60903;Q09666,AB,CD,[15],"[""QKVTFPKMKIPKFTF""]"
4HVA,2.074,3034_30,4,P55212,AB,CD,[5],"[""XVEIX""]"
4HY7,1.2,29413_30,3,Q93W25,A,B,[11],"[""ALLVTAGLVLA""]"
4IIO,1.7,11741_30,4,Q9NZM3,AB,C,[13],"[""XWRGSLSYLKGPL""]"
4J1V,1.95,5844_30,4,Q99IB8;Q9H8S9,AC,EFGH,[20],"[""ALPAWARPDYNPPLVESWRR""]"
4J2C,1.801,9411_30,0,O43752;Q9UID3,AC,BD,[17],"[""AHGMLKLYYGLSEGEAA""]"
4J2J,2.5,18604_30,4,P54253;Q96RK0,ABC,DEF,[21],"[""EPRSVAVFPWHSLVPFLAPSQ""]"
4J78,1.478,2322_30,1,P41811,A,B,[5],"[""KTKLL""]"
4J9I,2.2,1669_30,0,P00519,ACE,BDF,[11],"[""XAPTYSPPLPP""]"
4JDJ,2.3,4505_30,2,O96013,A,B,[15],"[""GGRRRRRTWYFGGGK""]"
4JL0,2.22,18435_30,2,O30528;Q840U9,AB,CD,[9],"[""TGVALTPPS""]"
4JMH,2.408,9833_30,3,P29353,A,B,[13],"[""PPDHQYYNDFPGK""]"
4JML,2.0,661_30,0,P09883;P0A855,A,E,[16],"[""GCSDGSGWSSENNPWG""]"
4JNA,2.0,39733_30,0,A4ZPY8,AB,HI,[5],"[""XVXTV""]"
4JO2,2.5,1842_30,3,Q9YXH5,HILM,PQ,[23],"[""NNTRKSIRIGPGQAFYATGDIIG""]"
4JOR,1.34,3807_30,2,P06463;Q9HD26,AB,CD,[10],"[""RLQRRRETQV""]"
4K6I,2.1,3429_30,4,P19793;Q15596,A,B,[13],"[""KHKILHRLLQDSS""]"
4KEL,1.148,2983_30,1,Q4GWU5;Q9Y5K2,A,B,[14],"[""GFCQRSIPPICFPN""]"
4KG9,1.7,1523_30,1,Q93009;Q9BTE3,A,B,[10],"[""RVSPSTSYTP""]"
4KMD,1.7,8649_30,4,P08151;Q9UMX1,A,B,[17],"[""SRCTSPGGSYGHLSIGT""]"
4L1U,2.424,9287_30,1,O00267;Q92541,ABCDEF,GHIJ,[13],"[""YGSGSRTPMYGSQ""]"
4L58,1.48,25420_30,0,P84243;Q8IZD2,A,B,[12],"[""ARTKQTARKSTG""]"
4L7X,1.35,27952_30,2,P68431;Q9BTC0,A,U,[12],"[""ARTKQTARKSTG""]"
4L9P,1.45,17092_30,3,Q4WP27;Q4WPS9,AB,C,[5],"[""KCVVM""]"
4LFD,2.49,16860_30,2,A0A0H2XI76,ABCD,EFGH,[5],"[""XNPQX""]"
4LKA,1.61,5186_30,1,P68431;Q92794,A,B,[21],"[""ARTKQTARKSTGGKAPRKQLA""]"
4LN2,1.0,14894_30,4,P18206;Q9BX66,A,B,[11],"[""ELAPPKPPLPE""]"
4LZF,1.72,10473_30,1,E7FCY1;Q8JGS1,A,B,[15],"[""DLSPRPSPNPHPVSQ""]"
4M1Z,2.25,10546_30,1,A0QNL1,AB,CD,[20],"[""RVKEVPPPVYIPPPDRGPIT""]"
4M38,2.2,25196_30,4,P62805;Q582G4,AB,EF,[21],"[""SGRGKGGKGLGKGGAKRHRKV""]"
4M5S,1.37,1624_30,2,P02511,A,B,[10],"[""GERTIPITRE""]"
4MFL,1.9,22635_30,0,Q70AY4,A,B,[7],"[""GYXGGYX""]"
4MFP,2.15,22635_30,0,Q70AY4,A,B,[7],"[""GYXGGYX""]"
4MS8,1.922,299_30,2,P01897,ACD,B,[9],"[""SPAEAGFFL""]"
4MVK,1.5,3297_30,4,P05067;P80188,A,B,[8],"[""XVFFAEDX""]"
4MZG,1.698,2740_30,0,Q71DI3;Q9Y657,BD,AC,[20],"[""ARTKQTARKSTGGKAPRKQL""]"
4N4F,1.83,5179_30,2,P62805;Q92793,A,C,[21],"[""KGGKGLGKGGAKRHRKVLRDN""]"
4N4I,1.999,13921_30,1,P84243;Q8R5C8,A,B,[24],"[""QLATKAARKSAPSTGGVKKPHRYR""]"
4NMP,1.3,3807_30,2,Q9HD26,AB,CD,[10],"[""ANSRWPKSII""]"
4NXR,1.9,44041_30,0,P58401;Q13009,A,B,[8],"[""NKDKEYYV""]"
4NY3,1.797,14726_30,4,P67775;Q15257,AB,CD,[6],"[""TPDYFL""]"
4ODM,1.75,12618_30,2,P0A7V0;Q5SLE7,ABCD,EFGHIJKLM,[16],"[""TRYANPKMKPFIFGAX""]"
4OUC,1.9,4728_30,4,Q71DI3;Q8TF76,A,B,[12],"[""ARTKQTARKSTY""]"
4OYK,2.0001,5048_30,2,Q96BN8;Q96EP0,AB,CD,[19],"[""AEHEEDMYRAADEIEKEKE""]"
4OZ1,1.74,7600_30,1,O75533;Q14498,AB,C,[10],"[""KRKSRWDETP""]"
4PD1,1.975,2736_30,1,P20781;Q03555,A,C,[15],"[""DFSIVGSLPRDFELS""]"
4PID,1.59,19708_30,0,P03252;P03274,A,B,[11],"[""GVQSLKRRRCF""]"
4PIQ,2.07,19708_30,0,B9A5B9;B9A5C1,A,B,[11],"[""GVKSLKRRRCY""]"
4PK2,1.35,9269_30,2,Q5SQI0,A,B,[6],"[""XSDXTX""]"
4PK3,1.347,9269_30,2,Q5SQI0,A,B,[6],"[""XSDKTX""]"
4PL6,1.681,8136_30,4,P59169;Q4V3E2,AB,CD,[11],"[""ARTKQTARKST""]"
4Q94,1.85,3447_30,4,Q9NQG5,AB,CD,[21],"[""XSPSYSPTSPSYSPTSPSYSX""]"
4QBS,1.8,3386_30,4,P68431;Q9Y6K1,A,P,[7],"[""ARTKQTA""]"
4QQI,2.03,19726_30,4,Q2KHR2;Q9H9E1,A,X,[17],"[""KAFVHMPTLPNLDFHKT""]"
4QWN,2.1,4492_30,4,P59997;P84228,ABCD,EF,[15],"[""APATGGVKKPHRYRP""]"
4R5I,1.9702,122_30,2,P0A6Y8,A,B,[7],"[""NRLLLTG""]"
4R6Q,1.6,4384_30,0,P18670;P18673,ACEG,BDFH,[19],"[""EQSGISQTVIVGPWGAKVS""]"
4RHG,1.581,4541_30,2,P26045;P42566,A,B,[9],"[""FSAYPSEED""]"
4RQI,2.4405,10392_30,3,Q15554;Q9NYB0,ABCD,EFGH,[18],"[""ENRERLELEAYRLGPASA""]"
4RQZ,2.4,5666_30,0,P0AEE3,ABC,DEF,[10],"[""DNRLGLVYQF""]"
4RRV,1.412,2309_30,2,O15530;Q16513,A,B,[15],"[""EEQEMFRDFDYIADW""]"
4RS9,1.95,9448_30,1,Q8W4J8;Q9FIP9,A,B,[22],"[""SVPQARKASLARFLEKRKERLM""]"
4RXZ,1.55,6897_30,4,O15151,AB,CD,[12],"[""TSFAEYWNLLSP""]"
4S2T,2.15,20182_30,3,O44750,PQ,AB,[5],"[""XPPAX""]"
4TR9,2.111,3550_30,2,Q76NM2;Q7KQL9,ABCD,EG,"[11, 10]","[""AAASLYEKKAA"", ""AASLYEKKAA""]"
4TZO,2.4,25618_30,4,G5EBG0;Q20305,ACEG,BDFH,[20],"[""SNARDSPYGLSQGITKKNKD""]"
4TZQ,2.3,25618_30,4,O01820;Q20305,AC,BD,[17],"[""STARYGVSNTSINRKKP""]"
4U1P,1.4,9195_30,3,P03079;P06241,A,B,[11],"[""EPQYEEIPIYL""]"
4UP0,1.28,68733_30,2,P68431;Q86UU0;Q9BRQ0,A,F,[15],"[""ARTKQTARKSTGGKA""]"
4UU5,1.23,5013_30,1,P82279;Q8N3R9,A,B,[17],"[""RVEMWNLMPPPAMERLI""]"
4V3I,1.499,112477_30,1,Q9KN50,A,B,[5],"[""DLTRP""]"
4W8H,1.14,62726_30,0,A6M946,A,D,[6],"[""HHHHHH""]"
4W8P,1.5,2139_30,3,P26039;Q8R5A3,A,B,[21],"[""NEDIDQMFSTLLGEMDLLTQS""]"
4WNN,1.8,64_30,2,P02293;P04911;P32558,ABCDEFGH,T,[20],"[""GIKKTDDEASDESEEEVSEY""]"
4WSF,1.501,10972_30,0,Q9VFS5;Q9VHP9,A,B,[19],"[""PDESSADVVFKKPLAPAPR""]"
4WVS,2.09,2781_30,2,P98170,A,B,[5],"[""AXPFX""]"
4X2O,1.85,19256_30,0,G0SET4;G0SG92;G0SGL4,AB,C,[21],"[""FASPAPSNQGSSVFGAPAQST""]"
4X3I,1.8,10230_30,2,P11798;Q63053,A,B,[7],"[""ATRNFSG""]"
4X3K,1.45,15835_30,0,P68431;Q8VDS3,AB,CD,[7],"[""KAARKSA""]"
4X3S,1.6,15835_30,0,Q15047;Q8VDS3,AB,CD,[10],"[""RGFALKSTHG""]"
4X8N,2.1,4740_30,0,Q15291;Q9UBL3,A,B,[10],"[""ERESEFDIED""]"
4X8P,2.2,4740_30,0,Q15291;Q9UBL3,A,B,[12],"[""EYEERESEFDIE""]"
4XBU,2.06,4505_30,2,O96013;Q96EL1,A,B,[24],"[""AEDWTAALLNRGRSRQPLVLGDNC""]"
4XI7,2.051,6784_30,1,P78504;Q86YT6,A,C,[11],"[""NQIKNPIEKHG""]"
4XIB,2.147,6784_30,1,P10041;Q86YT6,A,C,[11],"[""NIIKNTWDKSV""]"
4Y7Y,2.4,404_30,1,P21242;P21243;P22141;P23638;P23639;P23724;P25043;P25451;P30656;P30657;P32379;P38624;P40302;P40303,ABCDEFGHIJKLMNOPQRSTUVWXYZab,cdef,[5],"[""XLAXX""]"
4YEC,1.12,42988_30,3,A0A9Q4WVB1,AB,C,[5],"[""XVLTX""]"
4YJL,2.1,7580_30,2,P25054;Q5JTC6,ABCDEF,GHIJKL,[13],"[""PRDSYSGDALYEF""]"
4YK6,1.7,7580_30,2,P25054;Q5JTC6,A,B,[11],"[""YQGGGEEMALP""]"
4YNL,2.1,13947_30,3,O52748;P27709,ABMN,CDPR,[6],"[""ERGSGR""]"
4YOO,2.4,9451_30,1,P28749;Q52LA3,A,X,[20],"[""EASLLSFEKLDRASADLWPE""]"
4YOZ,2.245,9451_30,1,P03129;P28749,A,B,[9],"[""DLYCYEQLN""]"
4YZ6,1.95,9448_30,1,Q9FIP9;Q9LMA8,A,B,[22],"[""ELPIARRASLHRFLEKRKDRVT""]"
4YZH,2.0,21573_30,0,P0CJ48;P49599,A,B,[15],"[""RKTVAKPKGPSGSPW""]"
4Z0E,1.9,4327_30,4,A0A024UZE1;Q8IKV6,A,C,[13],"[""CWTTRMSPPQQIC""]"
4Z0F,2.3,4327_30,4,A0A024UZE1;Q8IKV6,A,C,[13],"[""CWTTRMSPPQQIC""]"
4Z0R,1.75,33966_30,4,P68431;Q504Y3,ABC,D,[16],"[""ARTKQTARKSTGGKAX""]"
4Z0Y,1.6,3238_30,0,A0A075DN54,ABCD,EFGH,[15],"[""DGVFTTPCDPEYAGG""]"
4Z0Z,1.6,3238_30,0,A0A075DN54,ABCD,EFGH,[15],"[""DGVFTTPCDPEYAGG""]"
4Z8J,0.95,15385_30,1,Q03431;Q8K4V4,A,B,[8],"[""QEEWETVM""]"
4ZIF,2.401,4497_30,1,O43521;Q07812,A,B,[20],"[""DMRPEIWIAQELRRIGDEFN""]"
4ZIH,2.5,4497_30,1,O43521;Q07812,A,B,[20],"[""DMRPEIWIAQELRRIGDEFN""]"
4ZNY,2.4,5168_30,0,P14078;Q99816,A,B,[10],"[""YVEPTAPQVL""]"
4ZU1,2.202,4054_30,2,P29847;P45040,X,A,[10],"[""HHTFEYGDGI""]"
4ZW2,1.86,3493_30,0,Q02789;Q8R3Z5,A,B,[20],"[""XQQLEEDLRGYMSWITQGEX""]"
5A2L,1.79,637_30,3,P01727;P01801,H,P,[6],"[""APDCRP""]"
5AER,2.19,1554_30,4,P14416;P62168,A,BC,[14],"[""NIEFRKAFLKILHS""]"
5AFW,1.6,5483_30,4,O14646;O60341,A,B,[12],"[""RRTSRRKRAKVE""]"
5AGV,1.93,8480_30,2,P9WNU1,AB,CD,[11],"[""XVPTLPLVPXG""]"
5AH2,2.129,8480_30,2,A0QND6,ABCD,EFGH,[11],"[""XVPTLPLVPXG""]"
5APR,2.1,13063_30,3,P06026,E,I,[8],"[""HPFCXLFX""]"
5AUL,1.1,1902_30,2,P10747;P27986,A,B,[8],"[""SDYMNMTP""]"
5AWV,1.93,14716_30,1,Q7WZ62,ABCD,IJKLMNOP,[7],"[""GYXGGYX""]"
5B1Z,2.15,1677_30,1,I3XMW8;Q07817,AB,CD,[23],"[""KDCVFKDWEELGEEIRLKVFVLG""]"
5B39,2.5,2048_30,1,P01834;P01889;P43629;P61769,ABG,C,[9],"[""LSSPVTKSF""]"
5B6C,1.55,12616_30,2,P55072;Q92890,A,B,[11],"[""FRAFSGSGNRL""]"
5BPU,2.4,7666_30,1,Q00604,ABCDEF,HI,"[4, 7]","[""EEEE"", ""EEEEEEE""]"
5C3G,2.45,1677_30,1,O43521;Q07817;Q64373,A,B,[22],"[""XIWIAQELRLIGDLFNAYYARR""]"
5CFA,1.45,20895_30,1,P02671;Q14U76,AB,CD,[15],"[""SKQFTSSTSYNRGDS""]"
5CGH,2.5,404_30,1,P21242;P21243;P22141;P23638;P23639;P23724;P25043;P25451;P30656;P30657;P32379;P38624;P40302;P40303,ABCDEFGHIJKLMNOPQRSTUVWXYZab,cg,[5],"[""XALFX""]"
5CQ2,1.4,4349_30,0,Q96J02;Q9H3M7,A,BC,[14],"[""XTPEAPPCYMDVIX""]"
5CQX,1.63,7790_30,1,P0AE70;P0AE72,AB,C,[15],"[""HENIDWGEPKDKEVW""]"
5CRV,2.001,11424_30,3,O75886;Q9H3S7,AB,CD,[21],"[""LNVKVLEALELYNKLVNEAPV""]"
5CRW,1.6,2371_30,3,P37840;P55059,A,B,[11],"[""GKTKEGVLYVG""]"
5CS2,1.65,97292_30,3,Q8IL97,A,B,[7],"[""WLAFVLV""]"
5D9G,2.15,9372_30,1,O75663,AB,CD,[6],"[""ENLYFQ""]"
5DKP,2.381,402_30,0,Q9JZ38,ABCDEFGHIJKLMNabcdefghijklmn,0123OPQRSTUVWXYZopqrstuvwxyz,[7],"[""XFSPAAP""]"
5E1D,1.45,6123_30,1,P18754;Q9BV86,AB,DE,[6],"[""YPKRIA""]"
5E2A,1.75,6123_30,1,P18754;Q9BV86,AB,DE,[6],"[""XPKRIA""]"
5E2Q,2.404,6425_30,3,P01019;Q9NY33,A,B,[8],"[""DRVYIHPF""]"
5E50,1.376,15565_30,2,Q13426;Q8IW19,AB,CD,[9],"[""AYDESTDEE""]"
5EEL,2.47,6222_30,0,Q14451,ABCDEF,LMNPQR,[9],"[""SFEGYDNXC""]"
5EG2,1.55,5298_30,0,Q12962;Q8WTS6,A,B,[10],"[""SKSKDRKYTL""]"
5ELQ,1.1,15385_30,1,Q13574;Q8K4V4,AB,CP,[8],"[""REDQETAV""]"
5EYZ,2.09,4541_30,2,P29074,ABCD,EFGH,[13],"[""SWESHKSGRETEV""]"
5F67,1.76,24042_30,0,P19334;Q24008,AB,CD,[19],"[""GPGSRGKSTVTGRMISGWL""]"
5FB1,2.1,1596_30,3,P23497;P68431,A,C,[15],"[""ARTKQTARKSTGGKA""]"
5FCD,2.1,158216_30,0,Q83Y56,AB,DE,"[6, 5]","[""XXXXMX"", ""XXXMX""]"
5FJX,2.45,3752_30,3,P35197;P43621,ABC,DE,[8],"[""DEDKWDDF""]"
5FJZ,1.9,3752_30,3,P43621;P53847,ABCD,PQRS,[9],"[""DDWNWEVED""]"
5FOS,1.35,2323_30,4,O74036,A,C,[17],"[""NLGTFMRADEYLKKRAX""]"
5FOU,1.5,2323_30,4,O74036,A,C,[6],"[""XFHPAX""]"
5FPX,1.5,21978_30,1,A1JMF7,AB,EF,[8],"[""GSSHHHHH""]"
5FVK,1.658,27595_30,1,P40080;P52917,AB,CD,[22],"[""ENYSNTDPEELLRKHVFPSVPK""]"
5GJX,2.06,16480_30,1,Q14U75;Q6I7L2;Q9Q0U8,AB,C,[9],"[""RLIQNSITI""]"
5GLF,2.25,12616_30,2,P55072;Q9BUN8,ACEG,BDFH,[12],"[""RHNWGQGFRLGD""]"
5GMV,2.25,2271_30,2,Q8IVP5;Q9GZQ8,AB,CD,[8],"[""DSYEVLDL""]"
5HGV,2.05,2046_30,2,O15294;P68400,AC,BD,[14],"[""YPGGSTPVSSANMM""]"
5HVZ,2.0,3528_30,2,P00514;Q9BSF0,AB,C,[24],"[""TVILEYAHRLSQDILCDALQQWAC""]"
5ID0,2.48,5_30,4,,ABCD,EF,[11],"[""QFDLSTRRLKX""]"
5IGO,1.6,5589_30,0,P43254;Q96RU8,ABCD,UVWX,[8],"[""SDQIVPEY""]"
5IH2,1.8,4352_30,2,P00520;Q64010,AB,MN,[12],"[""XYEKPALPRKRX""]"
5IOK,2.22,10326_30,0,P35189;P61830,A,C,[8],"[""XQTARXST""]"
5IQO,1.302,12283_30,3,P08189;P08190,AC,BD,[15],"[""ADSRIRIRGYVRNNG""]"
5J7U,2.44,19684_30,1,A0A0H3TLP8,ABCDEFGHIJKL,MNOPQRSTUVWX,[21],"[""XXXXXXXXXXXXXXXXXXXXX""]"
5JA5,2.0,5206_30,3,Q2RBP2;Q5NBT9,A,B,[15],"[""DNLIYLDLNLQDWDD""]"
5JBQ,2.006,27_30,0,P0CE47,A,B,[13],"[""SCNCFCYPCCSCX""]"
5JEL,1.6,12530_30,2,Q14653;Q8IUC6,A,B,[21],"[""SPASLASNLEISQSPTMPFWS""]"
5JEO,1.719,12530_30,2,Q14653;Q99FX5,A,B,[19],"[""STLTEEFELLISNSEDDWE""]"
5JR6,2.3,38651_30,1,A0A144A2H0,AB,F,[5],"[""XPPAX""]"
5JTH,1.84,367_30,1,P0DP23;Q15746,A,B,[22],"[""XRRKWQKTGNAVRAIGRLSSMX""]"
5K99,1.5,10500_30,3,A0A6L8PEJ7,AB,CD,[7],"[""MRTGNAN""]"
5KSA,2.0,5510_30,3,A0A0B4J274;A0A0U5Q247;A0A580;A0A5B9;P01848;P01909;P08079,ABCD,J,[11],"[""QPQQSFPEQEA""]"
5KSV,2.195,5329_30,2,P01909;P04233;Q5Y7D3,AB,C,[15],"[""MATPLLMQALPMGAL""]"
5L20,1.45,42988_30,3,Q8A9T8,AB,C,[5],"[""XVLTX""]"
5L23,1.77,4352_30,2,Q13905;Q64010,A,B,[17],"[""XDNSPPPALPKKRQSYX""]"
5L83,1.9,1841_30,2,M1C146,AB,CD,[5],"[""DWEIV""]"
5LEO,1.6,14321_30,2,P10547,AB,GH,[5],"[""GGGGG""]"
5LF0,2.41,679_30,2,O14818;P20618;P25786;P25787;P25788;P25789;P28066;P28070;P28072;P28074;P49720;P49721;P60900;Q99436,ABCDEFGHIJKLMNOPQRSTUVWXYZab,cdefgh,[5],"[""XIITX""]"
5LMF,2.15,17142_30,0,P25644;P53550,AB,CD,[17],"[""TAHSNSQALLDLLKKPT""]"
5LMG,1.89,17142_30,0,P25644;P53550,AB,CD,[14],"[""TSGSNELLSILHRK""]"
5LSO,2.22,21274_30,1,Q96I25,AB,CD,[6],"[""KSRWDE""]"
5LSW,2.15,10111_30,3,Q92600;Q9VV48,AC,BD,[21],"[""EGGIDSGMMLQLEKNLVDIVD""]"
5LU8,1.95,1634_30,2,Q99538,A,C,[6],"[""XYVADX""]"
5LUG,1.7,6946_30,1,P68431;Q9BPZ2,ABCD,EFGH,[10],"[""ARTKQTARKS""]"
5LVP,2.5,2309_30,2,O15530,ABCD,EFGH,[15],"[""KGAGGGGFPQFSYSA""]"
5M5G,2.27,19471_30,4,G0RYC6;G0S8H7;G0SDW4;P68431,AB,DE,"[9, 11]","[""VMLPGRGVP"", ""TKAARKSAPAT""]"
5M9N,1.95,30619_30,4,Q01094;Q9BXT4,AB,C,[17],"[""SSGPARGRGRHPGKGVK""]"
5M9O,1.45,6427_30,3,Q01094;Q7KZF4,A,B,[9],"[""ARGRGRHPG""]"
5MFH,2.0,5396_30,4,,ABCD,EF,[10],"[""RRRRRRRRRR""]"
5MFI,1.45,5396_30,4,,AB,CD,[8],"[""KRKRKRKR""]"
5MHM,2.12,2208_30,4,P00488,AB,HO,[8],"[""XXLILPWX""]"
5MK2,1.7,11424_30,3,Q9H3S7;Q9H444,AB,C,[20],"[""KKKEEEDDDMKELENWAGSM""]"
5MKJ,2.5,3429_30,4,P19793,A,B,[9],"[""KILHRLLQD""]"
5MR8,1.74,9588_30,1,Q5TEC6;Q9UPN9,A,C,[9],"[""ARTKQTARK""]"
5MTW,1.84,65649_30,2,P95257;P9WJA7,ABCD,EFG,[13],"[""EVPTWHRLSSYRG""]"
5N9P,1.8,7798_30,2,Q8N8S7,AB,CDE,[6],"[""XXPPXX""]"
5NFT,2.3,3931_30,2,P04150;Q15596,A,B,[14],"[""KENALLRYLLDKDD""]"
5NJC,1.35,11212_30,0,P0AFK0;P0AGG8,ABCD,EF,[6],"[""VLEDRI""]"
5NJF,1.42,11212_30,0,P0AFK0;P0AGG8,ABCD,EF,[5],"[""AAAAA""]"
5NQV,1.95,5206_30,3,Q94AI7;Q9ZSY8,ABCD,EFGH,[11],"[""TELRLGLPGSE""]"
5NWI,2.35,1142_30,4,P93343;Q39128,A,P,[5],"[""YFSSN""]"
5O4Y,2.3,2245_30,0,Q9NZQ7,BCE,ADF,[16],"[""FANPHLSWSWXXRCGX""]"
5OB0,1.172,5250_30,4,P00523,A,B,[13],"[""XAPPLPPRNRPRL""]"
5OB1,1.172,5250_30,4,P00523,A,B,[13],"[""XAPPLPPRNRPRL""]"
5OK6,1.3,78476_30,4,P51784,AB,CD,[14],"[""AEGEFYKLKIRTPR""]"
5OU8,2.5,6124_30,2,P02452;Q9HCN6,AB,CDE,[15],"[""GPPGPPGPPGPPGPP""]"
5OY3,2.136,15953_30,2,O15054;P68431,A,B,[17],"[""RKQLMTKAARKSAPATG""]"
5QU2,1.04,19565_30,3,P07766;P16333,AB,DE,[11],"[""XPPPVPNPDYX""]"
5SVI,1.613,16527_30,1,Q14149,AB,CD,[8],"[""ARTKQTAR""]"
5SVY,1.05,16527_30,1,P68431;Q14149,A,B,[11],"[""ARTKQTARKST""]"
5SZC,1.193,17899_30,4,P68431;Q92784,A,H,[18],"[""ARTKQTARKSTGGKAPRK""]"
5T1I,1.6,5839_30,2,P68431;Q13185,AB,C,[15],"[""PHRYRPGTVALREIR""]"
5T2S,2.4,74713_30,4,P06243;P22216;P32325,AC,BD,[12],"[""DGESTDEDDVVS""]"
5T5L,1.17,994_30,4,P86993,AB,ab,[5],"[""XSSVG""]"
5T5P,1.66,994_30,4,P86993,AB,ab,[5],"[""XSTVG""]"
5T6J,1.752,18173_30,3,P40014;P40568;Q04477,AB,C,[13],"[""QQLLKGLSLSFSK""]"
5TDR,1.42,63843_30,1,P36124;P68431,A,B,[11],"[""ARTKQTARKST""]"
5TDW,1.7,63843_30,1,P36124;P68431,A,B,[11],"[""ARTKQTARKST""]"
5TWH,2.5,5844_30,4,Q13043;Q9H8S9,A,E,[17],"[""DDTLPSQLGTMVINAED""]"
5U1Q,2.1,6222_30,0,Q14451,ABCD,LMNP,[9],"[""KFEGYDNEX""]"
5U2J,1.6,5186_30,1,P68431;Q8WYB5,AB,CD,[16],"[""ARTKQTARKSTGGXAP""]"
5UN8,2.13,5147_30,2,O60502;P04637,ABCD,EFGH,[11],"[""QLWVDSTPPPG""]"
5UUP,1.726,6050_30,2,Q16548,A,B,[24],"[""XGVREIAYGLRRAADDVNAQVERX""]"
5UWW,2.152,1282_30,3,O75398;P30822;P41920;P62826,ABC,D,[21],"[""GGSSWLYLEEMVNSLLNTAQQ""]"
5V1U,2.052,68550_30,1,D1CIY7;D1CIZ5,ABCD,EFGH,[20],"[""MTKTYTAPTLVEYGGLERLT""]"
5V1Z,2.0,5417_30,0,P0CG47;Q16186;Q99460,ABCD,EF,[22],"[""GPKIEEEEQEPEPPEPFEYIDD""]"
5VAC,1.949,10797_30,3,B9RU15;Q71DI3,A,C,[19],"[""KQLATKAARKSAPATGGVK""]"
5VAP,1.85,16549_30,0,O72142;Q77DJ5,AB,CD,[12],"[""TPTVAPPAPVYR""]"
5VB9,1.7,4852_30,0,Q16552,AB,CD,[15],"[""CWVLEYDMFGALHCR""]"
5VBC,2.1,10797_30,3,B9RU15;P59226,AB,CD,[14],"[""KAARKSAPATGGVK""]"
5VTB,2.4,1143_30,2,Q09028;Q9H165,A,B,[15],"[""SRRKQGKPQHLSKRE""]"
5VYO,2.49,8512_30,0,Q63RY4;Q63Y08,ABCD,EFGH,[6],"[""GFSCGF""]"
5W18,2.44,402_30,0,Q2G036,ABCDEFGIKLMNST,HJOPQRUVXYZabc,[7],"[""XFSPXAP""]"
5WA1,1.868,6644_30,3,Q8WUM4;Q96CF2,A,B,[18],"[""QRAEEEDDDIKQLAAWTT""]"
5WHH,2.38,6050_30,2,Q16548,A,B,[16],"[""XTXLRRFGDLINFRQX""]"
5WJE,1.765,43986_30,0,Q59DX8,A,B,[5],"[""DDDIX""]"
5WLE,1.952,64891_30,4,P68431;Q9VG78,A,C,[12],"[""ARTKQTARKSTG""]"
5WOU,1.55,3977_30,1,Q7KRY7;Q9VE13,A,V,[8],"[""LPSFETAL""]"
5WRI,1.6,6422_30,3,O60507,AB,DE,[8],"[""DFEDYEFD""]"
5XCT,1.17,981_30,1,,AB,C,[8],"[""PRGYPGQV""]"
5XHZ,1.319,9769_30,2,Q4LDD4;Q8R550,AB,CD,[11],"[""RPVPMKRHIFR""]"
5XOQ,1.87,1714_30,1,D5STP0,AB,CD,[8],"[""GFSGGDGI""]"
5XPU,2.304,5173_30,1,Q96JM3;Q9UI95,A,B,[21],"[""MSNPSASSGPWKPAKPAPSVS""]"
5XTZ,2.105,6526_30,1,O95619;P68431,ABCD,E,[10],"[""TKAARKSAPA""]"
5Y1U,2.141,1143_30,2,Q09028;Q6ZN18,AB,CD,[12],"[""KRRKLKNKRRRS""]"
5Y20,2.409,2998_30,1,P68431;Q9FFF5,A,P,[7],"[""ARTKQTA""]"
5Y21,1.769,2998_30,1,Q9FKW0;Q9SRM4,AB,CD,[14],"[""EVRQKKRRKRSTSR""]"
5Y7W,2.25,5000_30,1,P70365,AB,CD,[16],"[""LLPPTEQDLLKLALYX""]"
5YBE,2.111,19816_30,1,Q6AXG6;Q9QXL2,A,B,[19],"[""PKNKARRRTTTQMELLYAD""]"
5YBV,2.12,13634_30,1,Q63ZY3;Q7Z4S6,AB,CD,[22],"[""EVKPKNKARRRTTTQMELLYAD""]"
5YGF,1.698,34678_30,0,Q9VKM1;Q9VQ91,A,D,[9],"[""DQGRGRRRP""]"
5YT0,1.89,4275_30,0,Q9Y9B3;Q9Y9W9,A,B,[21],"[""KKKKKKEEEVDLSGLSGMFGF""]"
5YV5,2.1,2696_30,3,I6V0C7;Q8TZJ7,A,B,[18],"[""EEEVSEEEALAGLSALFG""]"
5YVX,1.591,43753_30,2,P59226;Q2LAE1,A,C,[9],"[""ARTKQTARK""]"
5Z8L,2.005,59182_30,2,F4JL28;P59226,A,P,[16],"[""LATKAARKSAPATGGV""]"
5ZJY,1.59,1948_30,3,P06730,A,B,[14],"[""XKKRYSRXQLLXFX""]"
5ZOO,1.85,5945_30,1,P56524;Q9Y618,G,A,[14],"[""HIRGSITQGIPRSY""]"
5ZS3,2.001,19158_30,0,B2HF11,A,U,[5],"[""GRLLP""]"
5ZVW,2.292,9805_30,1,P0DOE3,A,B,[6],"[""SAIRGA""]"
5ZYS,1.78,7787_30,0,Q6RHR9,A,B,[10],"[""LPFELRGHLV""]"
6A9U,2.4,6995_30,0,P40051,A,B,[5],"[""XPPAX""]"
6ACL,1.92,3533_30,3,P04908;Q9NXA8,A,B,[10],"[""ELNXLLGRVT""]"
6APR,2.5,13063_30,3,P06026,E,I,[6],"[""XVVXAX""]"
6AR2,1.55,21664_30,0,Q13188;Q14BN4,AB,CD,[10],"[""EEEDGTMKRN""]"
6ATI,1.98,13131_30,4,A0A0A1I7H6;P01903;P08670,ABDE,CF,[13],"[""GVYATRSSAVRLR""]"
6AXJ,2.379,9652_30,2,P53930;P68431,ABCD,EFGH,[11],"[""ATKAARKSAPA""]"
6B3X,2.3,10084_30,3,Q05048;Q12996,A,B,[20],"[""YPKPDTQQMIPFQPRHLAPP""]"
6B5M,1.79,36_30,2,P02893,HL,A,[15],"[""NPDPNANPNVDPNAN""]"
6BHD,1.25,5517_30,2,P68431;Q15047,A,B,[18],"[""XKQTARKSTGGKAPRKQX""]"
6BHG,1.45,5517_30,2,P68431;Q15047,A,B,[18],"[""XKQTARKSTGGKAPRKQX""]"
6BZ9,1.796,1538_30,4,P29466,AB,C,[6],"[""XFLTDX""]"
6C0Y,1.66,64455_30,1,A0A3F2YLX1;A0A3F2YLX2,ABCDEFGH,IJKLMNOP,[19],"[""CKQACAFGPFXFVCDGNXK""]"
6CQN,2.5,867_30,2,A0A0B4J272;A0A0G2JMB4;P01903;P01911;P04585,ABDE,C,[13],"[""RFYKTLRAEQASQ""]"
6CWP,1.92,23582_30,3,A5FCJ5,AB,F,[6],"[""VEYTKH""]"
6D07,2.1,35805_30,4,P68431;P83916,AB,CD,[16],"[""ARTKQTARKSTGGKAX""]"
6D40,1.43,1303_30,3,P00747;Q4GWU5,A,C,[14],"[""GRCYKSIPPICFPD""]"
6D78,2.347,44_30,1,K7N5M3;K7N5M4;P04439;P61769;Q16655,ABDE,C,[9],"[""AAGIGILTV""]"
6DAT,2.35002638783,4260_30,1,P27577,ABCD,EF,[17],"[""PSFDSFDFEDFPAALWX""]"
6DJ8,2.05,100316_30,3,P33761,AB,CD,[11],"[""XVPTLPLVPXG""]"
6DN5,2.4,12958_30,0,Q99619,A,B,[7],"[""WDINNNX""]"
6DN7,1.4,8821_30,1,Q96A44,AC,BD,[7],"[""WDINNNX""]"
6DO4,2.2,9852_30,4,Q9BQE4;Q9Y2U9,AB,CD,[6],"[""GPSSGG""]"
6DO5,2.5,9852_30,4,O94782;Q9Y2U9,AB,CD,[6],"[""IGLLGG""]"
6DQU,1.65,8568_30,4,Q4QLH0,A,B,[6],"[""GIINTL""]"
6DTG,1.9,8568_30,4,Q4QLH0,A,B,[6],"[""YLGANG""]"
6DUB,1.2,25348_30,2,P18754;Q5VVY1,AB,EF,[6],"[""XPKRIA""]"
6E4Z,2.202,3_30,4,A0A097PUG4;Q8NBP7,HL,P,[22],"[""EDEDGDYEELVLALRSEEDGLA""]"
6E5X,1.5,16549_30,0,Q77DJ5;Q7Z6E9,A,B,[15],"[""PVFVPVPPPPLYPPP""]"
6E8K,1.71,50554_30,4,D3HJY4;P14784,A,B,[13],"[""YFTYDPYSEEDPD""]"
6E8M,1.61,50554_30,4,D3HJY4;P31689,A,B,[13],"[""HYNGEAYEDDEHH""]"
6ECE,2.0,37589_30,0,Q1PSF3,AB,CD,[12],"[""VVXVVVXVVVXV""]"
6EJC,2.057,7249_30,3,P02760;Q86Y38,A,B,[12],"[""QEEEGSGVGQGG""]"
6EJE,2.43,7249_30,3,P18827;Q86Y38,A,B,[12],"[""PAAEGSGEQDFT""]"
6EL9,2.19,3931_30,2,P04150;Q15596,A,B,[14],"[""KENALLRYLLDKDD""]"
6EVP,1.68,2784_30,2,O15460,A,C,[9],"[""PPGPEGPPG""]"
6F0W,1.301,33513_30,0,B3RXX2;I6QVT6,A,S,[21],"[""EKEDYDDLAPFVPPPSFDNRL""]"
6F4R,1.3,5790_30,1,A6NED2;Q8N371,A,B,[5],"[""CARAY""]"
6F4T,1.22,5790_30,1,A6NED2;Q8N371,A,B,[5],"[""CARAY""]"
6FBT,2.5,11716_30,1,Q9HZI6,A,E,[5],"[""AEKAA""]"
6FNZ,2.23,5061_30,4,O43602,ABCD,EFG,[6],"[""PESSEG""]"
6FRX,1.88,15638_30,2,P17612;P61925,A,B,[20],"[""TTYADFIASGRTGRRNAIHD""]"
6FZQ,1.7,637_30,3,P15941,H,P,[6],"[""APDTRP""]"
6G0Y,2.42,14118_30,2,P03421;P04545,ACEF,GHIJ,[21],"[""DPTPSDNPFSKLYKETIETFD""]"
6G84,2.47,26332_30,3,P53894;Q00684,AB,CD,"[17, 16]","[""AFTDVPALNYPATPPPH"", ""FTDVPALNYPATPPPH""]"
6G86,1.74,26332_30,3,P38634;Q00684,AB,CD,[16],"[""PSTTKSFKNAPLLAPP""]"
6GJH,2.1,10271_30,3,P04792,ABCDEFGH,IJKL,"[4, 4, 5]","[""ALSR"", ""LSGV"", ""ALSRQ""]"
6GMG,2.25,36395_30,4,M3C567;P86242,AB,CD,[9],"[""DIPIGSKMT""]"
6GP7,1.95001799213,2165_30,1,P0CI74;P39793,AB,D,[17],"[""MSDQFNSREARRKANSK""]"
6GQN,1.8,2165_30,1,Q8DR57,AB,CG,[14],"[""TILRRSRSDRKKLA""]"
6H0B,1.8,5420_30,4,Q8N4A0,AB,F,[16],"[""GATGAGAGAGTTPGPG""]"
6H1E,1.9,5322_30,1,Q9UI30;Q9Y5N5,AB,S,[21],"[""SGRGKGGKGLGKGGAKRHRKV""]"
6H7B,1.89,34004_30,3,E9AFX7;Q4Q7R3,AC,BD,[14],"[""HHMNPNATEFMPGR""]"
6HC0,1.87,62732_30,2,Q6MPU8,BCDE,A,[7],"[""KTSIVAS""]"
6HIP,1.2,21274_30,1,P04618;Q96I25,AB,C,[9],"[""RRRRWRERQ""]"
6HM4,1.77018592355,27718_30,2,O14079;P32372,A,B,[15],"[""GVMTVPNTPQKPNLQ""]"
6HM5,2.33003812226,6189_30,0,A0A1D5P3M9;Q99638,A,B,[11],"[""SPVLAEDSEGE""]"
6HOI,1.14,2147_30,3,Q14457;Q9H0R8,AB,FG,[10],"[""SANSFTLIGE""]"
6HOS,2.15,57237_30,4,A0A1B2JGH2,AB,C,[11],"[""MGSSHHHHHHS""]"
6I68,1.85,2215_30,4,O43791;Q15059,ACEG,BDFH,[9],"[""KADTTTPTT""]"
6IBO,2.17,2046_30,2,O15294,A,C,[9],"[""KKVAVSRAA""]"
6IC8,1.929,24921_30,0,P24928;Q92576,AB,CD,[14],"[""YSPTSPSYSPTSPS""]"
6ICV,2.15,5457_30,4,P60709;Q86TU7,AB,CD,[23],"[""TLKYPIEHGIVTNWDDMEKIWHH""]"
6IEU,1.787,8037_30,1,O15016;P68431,A,C,[12],"[""ARTKQTARKSTG""]"
6ITU,2.17,29235_30,0,P05067;Q9UBP9,A,B,[12],"[""NGYENPTYKFFE""]"
6J0X,2.31,24359_30,4,P38850;Q06164,ABCD,EFGH,[16],"[""SIIYEPEFNENYLWAE""]"
6J8Y,2.4,12857_30,1,O60671;O60921;Q99638;Q9BSD3,ABC,D,[20],"[""SKPIDHSTITSWVSPDFDTA""]"
6J9J,1.78,4924_30,0,P84243;Q9BYW2,A,B,[14],"[""APSTGGVMKPHRYR""]"
6JJY,2.298,9705_30,0,Q14118;Q5SXA9,A,U,[21],"[""GPGSRPKNMTPYRSPPPYVPP""]"
6JUE,1.549,8912_30,3,Q9JK83;Q9Z340,L,A,[10],"[""LEEDGTIITL""]"
6JWN,1.61,12958_30,0,P35228;Q99619,AC,BD,[9],"[""RGDINNNVE""]"
6JX3,1.7,127814_30,2,A0A5H1ZR43;Q47QT5,B,A,[22],"[""MEKKKYTAPQLAKVGEFKEATG""]"
6KKG,2.15,15636_30,1,Q80TS7;Q9WVQ1,AB,CD,[24],"[""GPGSDRPPPYVAPPSYEGPHRTLG""]"
6KPB,2.4,5387_30,0,Q700D2;Q9LPR8,C,B,[17],"[""SPMSATALLQKAAQMGS""]"
6KZQ,1.7,12000_30,3,P43378;P46459,A,F,[9],"[""EVSLYTFDK""]"
6L03,2.084,12000_30,3,P43378;P61764,A,F,[9],"[""ESQVYSLDS""]"
6LJN,1.8,3533_30,3,Q9NXA8,A,B,[5],"[""XHFSX""]"
6LS6,2.2,4022_30,2,P42568;P68431,AB,CD,[8],"[""TKQTARKS""]"
6LSD,2.05,22272_30,0,P68431;Q9ULM3,AB,CD,[9],"[""XAARKSAPA""]"
6LYC,1.36,6399_30,1,,A,B,[17],"[""XYRYSAVYSIHPSWCGX""]"
6MHA,1.497,32963_30,4,P02299;P05205,A,B,[6],"[""QTARKS""]"
6MIL,1.93,4022_30,2,P42568;P68431,AC,BD,[19],"[""ARTKQTARXSTGGKAPRKQ""]"
6MIQ,1.75,10326_30,0,P35189;P68431,A,C,[8],"[""XQTARXST""]"
6MLC,1.8,35689_30,4,P62805;Q8NEZ4,ABCD,EF,[20],"[""SGRGKGGKGLGKGGAKRHRK""]"
6N9J,2.17,33596_30,2,Q8A866,AB,CD,[5],"[""XVLTX""]"
6NID,1.86,3333_30,3,O14936;Q9ULB1,ABC,DEF,[10],"[""KKNKDKEYYV""]"
6NJG,2.35,487_30,0,J3QS39;P40343,C,B,[24],"[""YPEDEEELIRKAIELSLKESRNSA""]"
6NK2,2.2,1049_30,1,P29317,AB,CD,[14],"[""XWLAYPDSVPYRPK""]"
6NKP,2.033,1049_30,1,P29317,AB,CD,[13],"[""XWLAYPDSVPYSK""]"
6NPW,2.486,8299_30,2,P04050;Q8MSU4;Q9VWE4,ABCD,E,[19],"[""SPSYSPTSPSYSPTSPSYS""]"
6NSX,2.0,12347_30,3,O43719,A,B,[6],"[""SRWDVK""]"
6NWL,1.595,9409_30,2,Q9UBK2,A,B,[12],"[""PSLLKKLLLAPA""]"
6O3W,2.1,13667_30,3,P53617;Q00416,AB,CD,[14],"[""EQEDDYKLPMEYIT""]"
6O3X,1.994,13667_30,3,P53617;Q00416,ABC,DEF,[12],"[""DDEDDYTPSISD""]"
6O5O,1.75,22593_30,2,P98082,AB,CD,[18],"[""XQNGFDNPNYQPQENMQA""]"
6OCP,2.35,7385_30,3,O75899;Q68DU8,ABCDEFGHIJKLMNO,PQR,[15],"[""QLPILHHAYLPSIGG""]"
6OCX,1.9,4423_30,2,Q99828,ABCD,FHJL,[15],"[""DGGSFWYRAMKALYG""]"
6OD0,2.15,4423_30,2,Q99828,AB,DE,[12],"[""SFWYGAMKALYG""]"
6OI4,1.76,5417_30,0,P0CG48;Q16186;Q99460,ABCD,EF,[14],"[""PQEPEPPEPFEYID""]"
6OX4,2.294,5457_30,4,P60709;Q86TU7,AB,YZ,[15],"[""TLKYPIEHGIVTNWD""]"
6PEU,1.95,31426_30,0,Q58256;Q58494,ABCD,MNPQ,[12],"[""GRLGFYGYDLQD""]"
6PJ8,2.4,1915_30,4,P09391;P42287,A,B,[5],"[""AVRMA""]"
6Q0U,1.89,11249_30,1,Q96RT1,AB,CD,[7],"[""YYESGWL""]"
6Q3Q,2.0,9350_30,1,F4KCL7;O03986,AB,ab,[8],"[""GSKMEEVD""]"
6QFK,2.0,12673_30,4,Q3T552,A,B,[15],"[""PKSIRIGPGQAFYAP""]"
6QMQ,2.5,12168_30,0,P23511;P25208;Q13952,BC,A,[21],"[""XVNAKQXHRIXKRRQARAKLX""]"
6QTQ,1.3,5589_30,0,P43254;Q9FN03,A,B,[9],"[""XRYAVVPDE""]"
6R0E,1.91,299_30,2,P01903;P01911;P03435,AAABBBDDDEEE,CCC,[13],"[""PKYVKQNTLKLAT""]"
6R4X,1.831,7475_30,1,Q183R7,AB,CD,[8],"[""XEVNPAVP""]"
6R5B,2.06,7475_30,1,Q183R7,AB,CE,[8],"[""XEVNPPVP""]"
6R8I,1.517,10972_30,0,Q6IN85,A,B,[19],"[""SLPFTFKVPAPPPSLPPSW""]"
6RXP,1.8,3077_30,1,P02309;P75960,AB,CD,[11],"[""KGGAXRHRKIL""]"
6RXQ,1.7,3077_30,1,P02309;P75960,ABCD,EFGH,[11],"[""KGGAKRHRKIL""]"
6RYO,1.924,3118_30,2,Q6GHN9,A,B,[5],"[""LISTX""]"
6S0Y,1.81,449_30,4,B2VLW8,AB,CD,[23],"[""MSLLTEVETPIRNEWGCRCNDSS""]"
6S1U,1.9,9013_30,4,P07572,AB,I,[7],"[""PYVFAMT""]"
6S24,2.12,5420_30,4,H0ZAB5,A,F,[14],"[""ATGAGAGAGTTPGP""]"
6SAT,1.6,7821_30,2,P94337;Q8NNN6,AB,PQ,[10],"[""DDLDVPSFLQ""]"
6SH9,2.4,12673_30,4,P05877;Q3T552,B,E,[14],"[""KRIHIGPGRAFYTT""]"
6SYF,1.9,2050_30,0,P63279,ABCD,EFGHIJKL,"[5, 7]","[""XIKQE"", ""XLRLRGC""]"
6T89,2.0,351_30,2,P00734;P09945,H,I,[12],"[""GDFEEIPEEYLQ""]"
6TJ1,2.4,70717_30,0,,ABC,D,[6],"[""AALAAA""]"
6TNO,1.9,10230_30,2,A0ABM3NXA6;Q9Y698,ACE,BDF,[8],"[""RIPSYRYR""]"
6TQU,2.4,23557_30,4,Q14849;Q8NHP6,AB,CD,[21],"[""CLFSGALSEGQFYSPPESFAG""]"
6TS3,1.28,2707_30,2,P11798;P35609,AB,CD,[22],"[""NARRKLKGAILTTMLATRNFSG""]"
6TTK,2.383,7501_30,1,O14640;Q53G59,ABCD,EFGH,[15],"[""AYTVVGGPPGGPPVR""]"
6TYV,1.92611100742,2566_30,4,Q14191;Q6DDS9,A,B,[16],"[""TTAQQRKCPEWMNVQN""]"
6UYX,1.7,2387_30,2,P63165,AC,BD,[17],"[""GSGEAEERIIVLSDSDY""]"
6UYY,1.599,2387_30,2,P63165,A,B,[17],"[""GSGEAEERIIVLSDSDY""]"
6V2D,2.1,20925_30,0,Q8N8U2,ACEGIK,BDFHJL,[6],"[""XFALXX""]"
6V2S,1.6,17737_30,3,Q99549,AB,CD,[6],"[""XFALXX""]"
6V3J,1.98,2048_30,1,I3ZN84;P43629;P61769,ABG,C,[9],"[""LSSPVTKSF""]"
6V4E,1.62,9727_30,2,Q7ZUW7,AB,CD,[17],"[""QSQQTFXNLWRLLLQNX""]"
6V7K,2.5,2965_30,0,P15692,AB,X,[19],"[""XEXNCDIHVLWEWECFXRX""]"
6VJN,2.0,5_30,4,A1EAI1,HL,FG,[19],"[""DIVPLEEERKGNSSKYRLI""]"
6WAU,1.75,7046_30,3,Q16695;Q5T6S3,ABCDEF,GHIJKL,[12],"[""ATKVARKSAPAT""]"
6WHO,2.2,2034_30,3,Q92769,ABC,FGH,[8],"[""XNPEQKWG""]"
6WI3,2.35,2034_30,3,Q92769,ABC,FGH,[9],"[""XWTDNSMDK""]"
6WZZ,1.6,5958_30,4,Q8IVV7,A,B,[6],"[""VGLWKS""]"
6X1W,1.95,208_30,1,,HL,A,[9],"[""AGAGXAGAG""]"
6X2S,2.496,1282_30,3,P30822;P41920;P62826;Q02750,ABC,D,[16],"[""NLEALQKKLEELELNQ""]"
6X6H,1.88,9764_30,0,A9ZMR8;Q7DJJ2,A1BCDEF,P,[6],"[""GFGLFD""]"
6XFK,1.85,32586_30,2,P0CL43;P35672,A,B,[16],"[""DDKLQKWVRVYLDRGQ""]"
6XIF,1.774,1691_30,3,Q8NBP7,AB,I,[9],"[""XAAXXXTYX""]"
6XKB,1.6,44381_30,3,O95104;P24928,ABCDE,FGIJK,[20],"[""XSPSYSPTSPSYSPTSPSYS""]"
6XQI,2.34,14240_30,2,P12520;P54725,ABCD,HI,[6],"[""NPLEFL""]"
6XRO,2.3,1915_30,4,P09391,A,B,[10],"[""KRFRSMQYSA""]"
6XS8,1.95009854987,2459_30,4,G0RZB5,A,B,[13],"[""XYGYDPLGLKYFA""]"
6XTM,1.25,4032_30,2,D1A7C3;D1ADF2,A,C,[14],"[""ATTPLCGPSRASIL""]"
6XTP,1.8,4032_30,2,D1A7C3;D1ADF2,A,C,[14],"[""ATTPLCGPSRASIL""]"
6XVT,1.4,7798_30,2,Q8N8S7,AB,GH,[6],"[""XXPPPX""]"
6Y0X,2.425,3076_30,4,A0A0S4TLR1,ABCDEF,IJKLMOQR,"[13, 12]","[""KYKKALKKLAKLX"", ""KYKKALKKLAKL""]"
6Y8K,2.011,10334_30,1,Q07011,AAA,PPP,[15],"[""CIEEGQYCFADPYLC""]"
6Y9Q,1.315,12339_30,3,Q4KMQ1;Q80VW5,B,D,[17],"[""GLPVTFIDEVDSEEAPQ""]"
6YN0,2.4,8721_30,2,P02919;P29131,A,B,[19],"[""LPPKPEERWRYIKELESRQ""]"
6YSX,1.48,351_30,2,P00734;P09945,H,I,[12],"[""GDFEEIPEEYLQ""]"
6YVR,2.458,2492_30,2,P20789,AAABBB,CCCDDD,[8],"[""GGRRPYIL""]"
6Z13,1.8,2965_30,0,P15692,VW,P,[15],"[""CDIHVLWEWECFEKL""]"
6ZWK,1.55,481_30,0,P16104,ABCDEF,GHIJKL,[10],"[""CKATQASQEY""]"
7A00,1.78,7773_30,3,Q9Y566,AB,CD,[7],"[""XEAQTRF""]"
7A2W,0.99,4034_30,4,P06241,A,B,[13],"[""XVSLARRPLPPLP""]"
7AA4,1.68,6889_30,0,P9WPC9,A,B,[7],"[""WXAFVLI""]"
7AA9,1.72,2147_30,3,Q9H0R8,ACEGIK,BDFHJL,[12],"[""EDSTFTNISLAD""]"
7AAM,2.15,21115_30,1,O43586;Q9Y2R2,AB,C,[21],"[""GFANRFSKPKGPRNPPPTWNI""]"
7AGB,1.7,5997_30,3,P32951,ABCD,IJKL,[7],"[""XVVFAFA""]"
7AGD,1.8,5997_30,3,P32951,ABCD,IJKL,[7],"[""XVVFAFA""]"
7B4T,1.95,10424_30,4,,A,B,[15],"[""KSIRIGPGQAFYAPP""]"
7BEE,1.939,9658_30,0,A0A8I3N7V2;Q96A83,AB,CDEFGH,[22],"[""XPPGPPGPPGPRGFPGPPGPPG""]"
7BFI,2.44,9658_30,0,A0A8I3N7V2;Q96A83,ABCD,EFGHIJ,[17],"[""XPPGPPGPRGPPGPPGX""]"
7BGT,1.93,9013_30,4,P07572,ABCD,FG,[7],"[""PYVFAMH""]"
7BP6,1.58,1826_30,2,Q9CA59;Q9LD28;Q9LQQ4,CD,A,[7],"[""DADEEDF""]"
7BPH,1.57,606_30,1,P63092,A,B,[16],"[""XYFESVYAIWGTLCGX""]"
7C5D,2.151,10392_30,3,Q15554;Q8NEM0,AB,CD,[21],"[""SQETFEEKYRLSPTLSSTKGH""]"
7CCE,2.404,23088_30,0,P59226;Q8RXT5,A,P,[18],"[""LATKAARKSAPATGGVKK""]"
7CZM,2.0,9408_30,4,Q8TDY2;Q96CV9,AB,CD,[13],"[""SSEDSFVEIRMAE""]"
7D3D,1.45,2215_30,4,O43791,AB,ab,[12],"[""EVSIIQGADSTT""]"
7D8D,1.05,11463_30,0,P38340;Q3E792,A,D,[6],"[""PPKQQL""]"
7DFC,2.49,384_30,1,P17870;P30518,AHL,V,[22],"[""RTPPSLGPQDESCTTASSSLRK""]"
7DNE,1.9,2492_30,2,,AB,CD,[16],"[""KRIHIGPGRAFYTTPP""]"
7DU4,2.18,49590_30,3,P0CL62;P9WJ85,AB,Q,[15],"[""DEDREWEGTVGDGLG""]"
7EF0,1.5,26533_30,0,B7ZYP9;P69246,AB,P,[19],"[""ARTKQTARMSTGGKAPRKQ""]"
7EV6,2.1,9535_30,4,C9DRU9,A,S,[5],"[""EAVYA""]"
7F2I,2.35,4941_30,1,P15455;P93026,A,B,[5],"[""RVAAA""]"
7F3S,1.4,23346_30,1,P32597;P61830,A,B,[18],"[""TARKSTGGKAPRKQLASY""]"
7F5M,2.4,85556_30,4,P61830;Q99314,AB,C,[20],"[""KQLASKAARKSAPSTGGVKY""]"
7JVS,2.3,20410_30,1,Q2FXS9;Q2FXT0,BD,C,[14],"[""XKLNLQFFASKKGX""]"
7JYA,2.46,3127_30,2,P04618;Q96JP0,ABC,DEF,[11],"[""NRRRRWRERQR""]"
7KLD,2.25,20410_30,1,Q2FXS9,ABD,CEQ,[7],"[""KLNLQFF""]"
7LBO,2.5,4402_30,1,O15392;P68431,AB,CF,[12],"[""ARTKQTARKSTG""]"
7LWH,1.606,2380_30,2,O95835;P35240,A,B,[23],"[""PKFGTHHKALQEIRNSLLPFANE""]"
7M10,1.15,8515_30,4,O75151;Q99986,A,B,[12],"[""PRVKAAQAGRQS""]"
7MGV,2.44,45509_30,3,A0A8I3AZW2,AB,TUV,"[11, 12]","[""TLKYPSDSDEG"", ""KEPFFAAFLEKQ""]"
7N27,1.85,12401_30,4,Q9Y232,ABCDEF,GHIJKL,[6],"[""XFAFXA""]"
7NTJ,1.74,5013_30,1,P59637;Q8N3R9,AB,CG,[8],"[""EGVPDLLV""]"
7NUF,2.00040159011,3851_30,0,P17356;P42224,A,C,[21],"[""MWSVFIHGHDGSNKGSKTYTS""]"
7NXE,2.1,4055_30,4,P19174;Q9QR69,A,CD,[12],"[""DDLYEEVLFPRN""]"
7NZF,1.9,789_30,0,,AAABBB,CCC,[13],"[""AGFAGEQGPAGEP""]"
7O54,1.63,13215_30,1,P27134;Q03513,A,B,[17],"[""GWLAPEQQQRIYRGNAS""]"
7OHI,1.41,2638_30,0,O14526;P17427,A,B,[23],"[""QSEEQVSKNLFGPPLESAFDHED""]"
7OXJ,1.85,12618_30,2,P0A7V0;Q5SLE7,A,D,[15],"[""TRYWNAKALPFAFGA""]"
7P70,2.0,6323_30,1,P07355;P27228;Q13884,A,C,[13],"[""TDDSKPTRRETEV""]"
7P74,1.9,6323_30,1,P07355;P57105;Q15418,A,B,[15],"[""TDDSRRVRKLPSTTL""]"
7P8X,1.4,2848_30,4,P41597;Q2FXB0,A,M,[6],"[""XDYDYG""]"
7PCJ,1.91,15296_30,2,P62937,AD,BCEF,"[7, 11]","[""XXXXXXX"", ""ALLVTAGLVLA""]"
7PVT,1.6,4034_30,4,P63185,AC,BD,[12],"[""VSLARRPLPPLP""]"
7Q44,2.20007772782,21398_30,1,O95714;Q9P2H5,ACE,BDF,[15],"[""GFDEDKDEDEGSPGG""]"
7Q46,2.46002538066,21398_30,1,O95714;Q15154,ACE,BDF,[15],"[""DEDKDKDETETVKQT""]"
7Q4I,2.4,23197_30,4,P15941;Q7K237,AB,FG,[6],"[""APDTRP""]"
7Q51,2.22,51011_30,1,P53242,A,B,[8],"[""FWLPANLW""]"
7Q8G,2.06,1038_30,4,O60911,AABA,PA,[6],"[""ALAASS""]"
7Q9C,1.4,1038_30,4,,AABA,PAAPACPBA,[8],"[""XRLSAKPX""]"
7QFV,1.56,2310_30,3,Q92876,AB,CD,[5],"[""XFSXX""]"
7QPB,2.342,6747_30,3,Q05086,ABCD,HI,[15],"[""XXXXGFWRYVYQKCX""]"
7QTP,1.9,3977_30,1,Q14160;Q6B3P2,A,B,[10],"[""KMARTIESKV""]"
7QWV,2.26,27647_30,0,J3QMY9;Q9CWH4,A,B,[18],"[""EDLWLQEVSNLSEWLNPG""]"
7R1O,2.202,5792_30,4,Q13501,AAABBBCCCDDD,EEEFFF,[5],"[""RIVPA""]"
7R8W,1.9,35635_30,2,O09039,A,B,[5],"[""YELLT""]"
7RNV,2.15,5716_30,0,P52735;P68133,A,B,[9],"[""KDSYVGDEA""]"
7RUP,1.23,29825_30,0,Q6Y7W6;Q8NDV7,A,B,[16],"[""GPLGSAPSRPPPGLTG""]"
7S5G,2.041,1691_30,3,Q8NBP7,AB,C,[9],"[""XAAFWPTYX""]"
7S7J,1.15,5973_30,1,P53990;Q9UBP0,A,B,[23],"[""TSASEDIDFDDLSRRFEELKKKT""]"
7T1L,1.35,4862_30,1,P07332;P15311,AB,CD,[7],"[""PPVYEPV""]"
7T6I,2.3,9164_30,1,P06725;Q95HB9;S6B6U4,AB,C,[17],"[""LPVADAVIHASGKQMWQ""]"
7T8Y,1.8,8369_30,1,Q99ZN4,A,BD,"[6, 7]","[""XAXKAA"", ""XLPATAA""]"
7TMX,2.3,507_30,0,P52293;Q96FI4,I,AB,[20],"[""RRKGRCAASGHCRPRKVKAD""]"
7TSQ,2.11,42525_30,2,A0A9Y2YA67;P0DSP4,AB,CD,[12],"[""KPAEPQKTGRFA""]"
7TSX,1.77,42525_30,2,A0A9Y2YA68;P0DSP4,AB,CD,[12],"[""KPAEPQKTGRFA""]"
7U8C,1.74,208_30,1,Q13421,HL,BA2,[17],"[""IPNGYLVLDLSMQEALS""]"
7UDL,2.15,43762_30,0,,A,BD,[21],"[""PLPPLPPLPPLPPLPPLPPLP""]"
7UO3,1.8,49571_30,2,H9L4J5,A,B,[7],"[""EHHHHHH""]"
7UVA,1.98,4492_30,4,P59997;Q71DI3,ABDE,CF,[13],"[""APATGGVCKPHRY""]"
7UVE,2.3,69260_30,1,B4I1C5;Q32KD2,A,B,[17],"[""TKQTARKSTGGKAPRKQ""]"
7UWI,2.32,2410_30,3,P35222,A,F,[16],"[""ATHRCEWAALHCELVX""]"
7V1A,1.845,2139_30,3,P26039;Q8R5A3,A,B,[19],"[""DIDQMFSTLLGELDLLLQS""]"
7VHE,1.9,9764_30,0,A7UQX3;Q7DI68,ABCDEF,G,[5],"[""RRRAX""]"
7VLZ,1.6,29060_30,0,A0A8B3DGT3,A,BC,"[12, 14]","[""DYAPTKLLPQQP"", ""EPSQQVTEIYQHHA""]"
7VMW,1.93,12964_30,2,,AB,C,[7],"[""XGAHTIX""]"
7VYW,1.6,29032_30,0,Q946J8,A,B,[6],"[""QTARKS""]"
7W5M,2.15,23532_30,4,P84243;Q94K88,A,B,[20],"[""RVTIMPKDIQLARRIRGERA""]"
7W64,2.3,39865_30,0,P0C6Q5;P23476,ABCDEF,GHIJKL,[15],"[""FNDNYSSTSTVYATS""]"
7WEG,2.0,24000_30,4,E9Q9W7;Q3USJ8,AB,CD,[16],"[""GPGSTEKMEDVEITLV""]"
7WFY,2.449,5716_30,0,P05067;P52735,C,A,[8],"[""QNGYENPT""]"
7WMH,1.97,3999_30,1,P10828;Q15596,A,B,[11],"[""ENALLRYLLDK""]"
7XJO,2.0,3884_30,1,P08253,AB,CD,[9],"[""XXEDALXXX""]"
7YBF,2.15,2181_30,4,P04910;P04913;Q09825,AB,C,[17],"[""ESDGDDEEFVNEEYENS""]"
7YF2,1.691,10998_30,2,Q6ZMH5;Q9H1A3,AB,CD,[13],"[""GHQGHSHGHQGGY""]"
7YH8,2.2,149341_30,4,,AC,BD,[19],"[""DEHELLETAARWFYEIAKR""]"
7YKH,2.5,15636_30,1,Q9D415;Q9WVQ1,AC,BD,[14],"[""ARRESYLKATQPSL""]"
7YTA,2.31,38719_30,2,A0A1S4CD29;P59226,ABC,PQR,[15],"[""ARTKQTARKSTGGKA""]"
7YXC,2.25,9409_30,2,A0A1X8XLE9;Q15466,A,R,[11],"[""RPAILYALLSS""]"
7YXW,2.5,10305_30,2,P13498;P14598,A,D,[18],"[""PPSNPPPRPPAEARKKPS""]"
7Z7C,1.22,3262_30,2,Q9Q714,A,B,[22],"[""KSVHLGPGQAFYATDGIIGEIR""]"
7ZDD,1.625,9588_30,1,P0DPK5;Q9UPN9,A,D,[10],"[""ARTKQTARKK""]"
7ZX4,2.08,1844_30,2,Q00610;Q15398,AB,CDE,[21],"[""YRHISFGGNLITFSPLQPGEF""]"
8ACK,1.784,7445_30,0,Q9HZQ8,AB,CP,[9],"[""ERWGHDFIK""]"
8AGY,1.5,92265_30,1,,A,B,[10],"[""XXXFGVSVLS""]"
8AI5,2.15,29752_30,3,Q45595;Q45596,AB,CD,[11],"[""KENRWILGSGH""]"
8ALX,1.1,2245_30,0,Q9NZQ7,A,B,[16],"[""YANPALPWAWXXLCGX""]"
8B4J,1.58,4161_30,0,P22336;Q04377,O,P,[21],"[""ETVGEFSSDDDDDILLELGTR""]"
8B9P,2.11,325_30,4,Q9BYF1,AB,CD,[18],"[""ACGRQFCHTLMPRHLCAX""]"
8B9V,2.16,3_30,4,P37840,HL,A,[11],"[""AEGILEDMPVD""]"
8BP4,1.15,9953_30,3,,ABC,DEF,[8],"[""NPNPETSV""]"
8BRH,2.4,52004_30,1,P19524;Q6CMY7,A,B,[7],"[""KFIVSHY""]"
8BV7,1.8,67566_30,1,,A,B,[8],"[""NPNPETSV""]"
8BVA,2.19,6307_30,3,A0A2H1V327;Q3UKX1,A,B,[13],"[""NSYGGGRPYNRNN""]"
8BYJ,2.07,325_30,4,Q9BYF1,AB,CD,[18],"[""ACVRSHCSSLLPRIHCAX""]"
8BZL,2.14,48_30,0,O14818;P20618;P25786;P25787;P25788;P25789;P28066;P28070;P28072;P28074;P49720;P49721;P60900;Q99436,3ABCDEFGHIJKLMNOPQRSTUVXYZab,cdefgh,[14],"[""KYFTGSKDWRSYYS""]"
8C1J,2.0,6307_30,3,A0A2H1V327;Q3UKX1,A,B,[13],"[""KKEDLEREFDKYG""]"
8C1L,2.0,10049_30,0,P41235;Q15596,AB,DE,[9],"[""HKILHRLLQ""]"
8CME,2.26,789_30,0,D7RIG0;P01903;P0DTC5,ABDEGH,CFI,[15],"[""LSYYKLGASQRVAGD""]"
8COY,1.507,12260_30,2,E6Y8B9,AB,CD,[7],"[""XITAXDE""]"
8CZK,1.91,6489_30,4,O43813,AB,CD,[6],"[""GFLTEY""]"
8DS8,1.84,57155_30,3,O15417;P68431,AB,CD,[23],"[""ARTKQTARKSTGGKAPRKQLATW""]"
8DTU,2.447,749_30,0,Q9H165,A,B,[6],"[""QVQLVK""]"
8DZV,1.2,1462_30,0,P19429,A,C,[13],"[""KISASRKLQLKTL""]"
8EI4,2.43,4349_30,0,Q9H0M0,A,B,[19],"[""XDPASMRCHRAAHICSVLX""]"
8F9T,1.85,33_30,0,P19597,ABHL,CP,[16],"[""NPDPNANPNVDPNANP""]"
8FG6,2.3,157474_30,0,,B,A,[8],"[""GQRIRVRI""]"
8FSQ,1.76,8692_30,4,P33913;Q47505,A,B,[7],"[""MRTGNAX""]"
8FUD,1.68,2459_30,4,G0SH11;Q9QZ88,AB,CD,[10],"[""EDDPLGPLGA""]"
8GJF,2.0,9945_30,1,A0A229Y5V5;P38936,ABC,DEF,[15],"[""KRRQTSMTDFYHSKR""]"
8GNN,2.119,12857_30,1,O60671;O60921;O75943;Q99638,ABC,D,[11],"[""TDWVDPSFDDF""]"
8GQA,2.29,29145_30,0,A0A101S2Y0;P85078,A,B,[20],"[""CLGVGSCNDFAGCGYAIVCF""]"
8GTX,1.8,2740_30,0,Q69607;Q9Y657,A,B,[20],"[""AARMCCKLDPARDVLCLRPI""]"
8HLO,1.168,9809_30,2,Q8TDZ2;Q9QWY8,A,C,[13],"[""GPGSEPPPKPPRS""]"
8I82,1.95,15544_30,4,D2B3F1,AB,D,[6],"[""XAXXAS""]"
8I8H,2.02,15544_30,4,D2B3F1,AB,D,[6],"[""XASSXX""]"
8IJ0,1.52,6526_30,1,O95619;P68431,AB,CD,[11],"[""ARTKQTARKST""]"
8IR4,1.62,32274_30,3,Q9BQI6;Q9NS91,AB,CD,[17],"[""SDSCNSSSSDIIRDLLE""]"
8J5U,1.98,19690_30,1,P9WGU5,A,B,[9],"[""ASPFSPDPP""]"
8JG4,2.3,21121_30,0,P59226;Q9FH40,AB,CD,[8],"[""AARXSAPA""]"
8JJV,1.23,449_30,4,P37840,A,B,[14],"[""KTKEGVVHGVATVA""]"
8JYQ,1.75,981_30,1,P04626,ABDE,CF,[8],"[""MPIWKFPD""]"
8JZW,1.8,5839_30,2,O15016;Q13185,ABCD,EF,[18],"[""NSEHKIPYVRLERLKICA""]"
8KCV,2.39,16480_30,1,Q14U75;Q6I7L1;Q9Q0U9,ABDE,CF,[9],"[""CAAMDDFQL""]"
8KDX,1.01,9972_30,4,P06241;P10636,A,B,[15],"[""GSRSRTPSLPTPPTR""]"
8OKF,1.85,17492_30,1,O54943;P08515;P61965,A,B,[15],"[""YTGGLPTAIDVTGCV""]"
8P6J,2.324,71574_30,4,A0A0H2UWN1,BBBCCCFFFGGG,AAADDDEEEHHHIIIJJJ,[24],"[""GPPGPPGPPGVPGEAGPPGPPGPP""]"
8P9R,1.52,6160_30,4,P02929;P0ABV2,AB,C,[23],"[""KKAQPISVTMVTPADLEPPQAKK""]"
8PFE,1.35,3347_30,2,O14786,AC,BD,[6],"[""KDKPPR""]"
8PN5,1.72,61941_30,0,,ABCDEFGH,IJKLMNOP,[15],"[""AEAAATTTTPAPAKX""]"
8PUU,2.1,16518_30,0,V6TQ27,AB,C,[8],"[""XXXXXXXX""]"
8Q7I,1.95,9945_30,1,G0S2B5;G0SF70,A,P,[15],"[""GAQQARIEGFFKVIP""]"
8QCI,2.2,7657_30,2,Q9Y6R7,B,A,[10],"[""APATCWLWGD""]"
8QLM,1.66,13178_30,1,P0A4G1,AB,CD,[11],"[""PIVGGHEGAGV""]"
8QLV,1.49,13178_30,1,P0A4G1,A,B,[10],"[""VMVKGPGPGR""]"
8QTT,2.35,1142_30,4,Q01525,ABCDEFGHIJ,KLMNOPQRST,[6],"[""ELFSAP""]"
8R58,2.31,2150_30,2,P51812;Q96LC9,A,B,[19],"[""MEPSQCVEELEDDVFQPED""]"
8R7U,1.2,9855_30,3,A0A125YL73,AB,CD,[11],"[""ALLVTAGLVLA""]"
8R8B,1.808,2322_30,1,O75012;P41811,AAABBBCCCDDDEEEFFFGGGHHHIIIJJJKKKLLLMMMNNNOOOPPPQQQRRRSSSTTTUUUVVVWWWXXX,aaabbbcccdddeeefffggghhhiiijjjkkklllmmmnnnooopppqqqrrrssstttuuuvvvwwwxxx,[6],"[""LKIKKP""]"
8RBH,1.88,7501_30,1,Q53G59;Q9UBV8,AB,CD,[11],"[""GQAPGAPPGSY""]"
8RTE,2.4,67764_30,4,D6R410,AB,DE,[6],"[""ERPVGT""]"
8S6O,2.4,54103_30,4,A0A0D1DWZ5,ACDFIKMO,BEGHJLNP,[6],"[""DEFIYP""]"
8S6U,2.0,11788_30,4,A0A0D1E015;Q4P8R9,AQ,CD,[15],"[""STLSPNASVFKPSRS""]"
8SKJ,2.01,13017_30,4,,ABDG,CEFH,[14],"[""GKPIPNPLLGLDST""]"
8SP6,1.45,20925_30,0,Q8N8U2,ABCDEF,GHIJKL,[6],"[""XFALKX""]"
8SRU,1.5,1714_30,1,Q2G0Q8,ABCD,EFGH,[10],"[""NGEIQDDYII""]"
8T0P,1.73,14479_30,0,P36012;P38313;P53298,AB,C,[18],"[""QSINDRALSLLQRTRATK""]"
8TG7,1.775,30855_30,4,P03698;P0AGE0,AB,CD,[10],"[""WMDFDDDIPF""]"
8TG8,1.576,30855_30,4,P03698;P0AGE0,A,B,[10],"[""WMDFDDDIPF""]"
8TH6,2.34,6639_30,3,Q13283;Q14694,ABCD,EFGH,[24],"[""GALHSPQYIFGDFSPDEFNQFFVT""]"
8TI7,2.397,773_30,3,A0A2L0EBJ5,ACEGIKMO,BDFHJLNP,[12],"[""PPPPPPPPPPPP""]"
8TM9,2.05,60546_30,4,,AB,D,[8],"[""APLFAPLF""]"
8TTT,2.35,11619_30,3,Q641Q2;Q96L92,A,B,[17],"[""RGEADLFDSGDIFSTGT""]"
8TTV,2.0,11619_30,3,Q641Q2;Q96L92,A,B,[14],"[""SIFDDDMDDIFSSG""]"
8V3O,2.3,11749_30,0,Q13885;Q8NDL9,A,I,[15],"[""DEQGEFEEEXGEDEA""]"
8V3P,2.36,11749_30,0,Q13885;Q8NDL9,A,I,[15],"[""DEQGXFEEEEGEDEA""]"
8V4X,2.486,6768_30,4,Q9UDY8,ABCDEF,GHIJKL,[6],"[""XVRPRX""]"
8V5Y,2.059,773_30,3,A0A1B2YLJ4,AB,C,[6],"[""PPPPPP""]"
8VJW,2.491,4648_30,3,Q9BYT8,AB,CDEF,"[6, 4]","[""IHPFHL"", ""DRVY""]"
8VLD,1.92,34205_30,4,Q6NXT2;Q9NR48,AB,PT,[11],"[""ARTKQTARKST""]"
8VP4,1.51,10558_30,2,P42575,AB,CD,[6],"[""XVDVAD""]"
8Y47,2.0,8908_30,4,O48791;Q9CAI5,A,B,[21],"[""GGSDPAISKDVVLSSSSFLRA""]"
8YE8,1.90001382876,31644_30,2,P62805;Q3UHR0,AB,C,[12],"[""GAKRHRKVLRDN""]"
9B0A,1.87,481_30,0,,AB,CD,[18],"[""CGPIPVLDENGLFAPGPC""]"
9BT3,2.5,21252_30,4,P9WIB9,ABCDEFGH,abcdefgh,[14],"[""XYLWTYYELIFKPC""]"
9BTN,2.04,6240_30,2,Q9UQ13,A,L,[15],"[""FKDWYGEIWFDGVCX""]"
9D34,1.42,9408_30,4,Q15025;Q8TDY2,A,C,[13],"[""GTSSEFEVVTPEE""]"
9DPF,1.9,3378_30,4,O60235,AC,BD,[18],"[""LINECGAGPDLITLSEQR""]"
9DXB,1.74,13021_30,3,Q96SZ5,A,B,[16],"[""XYIVKTFWSGSHRQCX""]"
9E0V,1.635,7666_30,1,P57764,A,B,[11],"[""GCIKKAVWFKC""]"
9EAF,1.41,14158_30,0,A7VSG2,AB,CD,[8],"[""HHHSSGLV""]"
9EBY,2.03,16534_30,3,A0A224AU14,A,B,[5],"[""MRYLH""]"
9EJG,2.2,867_30,2,O19712;P01909,ABDE,C,[11],"[""QPFPQPEQPFP""]"
9FJ3,1.4,116_30,3,P0CG48,AD,BCEF,"[20, 20]","[""EQEIEELEIEIAILLSEIEG"", ""KQKIAALKYKIAALKQKIQG""]"
9FKU,1.9,9805_30,1,O31927,AB,CD,[6],"[""GVVRGA""]"
9FM5,1.597,12260_30,2,A5KB03,AB,DE,[8],"[""XXITAXDE""]"
9G13,1.8,13017_30,4,P10636,ACEG,BDFH,[13],"[""KKIETHKLTFREN""]"
9G4A,1.653,4924_30,0,P84243;Q9BYW2,A,B,[15],"[""APSTGGVMKPHRYRP""]"
9G7U,2.1,97400_30,2,Q9VBX4;Q9VK58,A,B,[20],"[""DDVESRPRTPSPPRNIDWHS""]"
9G8H,2.1,8225_30,3,A0A024GZ97,A,Q,[6],"[""SHSSGA""]"
9GHK,1.42,9972_30,4,P06241;P10636,AB,Q,[10],"[""RTPSLPTPPT""]"
9GVU,2.1,466_30,1,P51159,AB,DF,[14],"[""LVGSRHTIAINXYR""]"
9H3D,1.92,41883_30,1,A0A9X6F2S5;A0A9X7GJJ5,DEFJKL,ABCGHI,[21],"[""IEPENIGPTFSALPPIYIPTG""]"
9I0E,1.65,101933_30,3,Q74CB3,A,B,[17],"[""MLAAAAAAAVSGVAATG""]"
9IA3,1.11,36_30,2,B2Y6K4,AB,E,[23],"[""MQWNSTAFHQALQDPRVRGLYFP""]"
9J5E,1.9,24998_30,2,P32480;Q01448,A,B,[21],"[""KEPSILIDVPLYQADTNDYLD""]"
9JNM,2.2,7304_30,2,Q6ZN04;Q92600,A,B,[24],"[""HMWETLDDQRALQLALDQLSLLGL""]"
9JUI,2.05,6205_30,0,O35954;Q9QY76,A,B,[10],"[""SEEEFFDAHE""]"
9JVJ,2.0,16534_30,3,A0A891LWT6,A,B,[5],"[""MRYYH""]"
9LXG,2.46,2222_30,3,P21333;Q8BWW4,A,B,[13],"[""ARIKAINTFFAKN""]"
9M4R,1.7,14889_30,0,P59226;Q9LIQ6,A,P,[10],"[""ARTKQTARKS""]"
9M4S,1.601,14889_30,0,B3H615;P59226,A,P,[10],"[""ARTKQTARKS""]"
9N28,2.1,8147_30,0,D6N7U3,A,B,[13],"[""EGSLLLKLLRAPV""]"
9NLO,2.32,11313_30,3,P00803,AB,CD,[6],"[""SAGGAY""]"
9NMW,2.11,5510_30,3,A5I8L1;P15309;P61769,ABDE,C,[9],"[""TLMSAMTNL""]"
9OJ3,1.43,61578_30,1,Q8G9G1,AC,BD,[15],"[""RGVPHIVMVDAYKRY""]"
9P48,1.87,64093_30,2,Q73NT1,AC,BD,"[6, 6]","[""SAKASA"", ""LSLNSS""]"
9P49,2.0,64093_30,2,Q73NT1,AC,BD,"[6, 6]","[""TSGDAA"", ""AAASTA""]"
9P4B,2.44,3960_30,1,P20585;P40692,AB,CDE,[9],"[""QAVLSRFFQ""]"
9P4H,1.55,20622_30,0,A0ABX0YZE6,A,B,[7],"[""XLAFVLV""]"
9PFD,2.008,11856_30,4,Q96E14;Q9H9A7,AB,C,[15],"[""SSHFKLYWPPFLGSX""]"
9PLW,2.19,19721_30,3,A0AAW7WJM4,A,G,[5],"[""TSTTS""]"
9QHL,1.93,41883_30,1,A0A9X7GDM5,AEG,DFH,[15],"[""FDPNLVGPTLPPIPP""]"
9QM9,1.55,11194_30,3,Q5EBL4;Q86T03,AB,D,[13],"[""GYTEQGQEALQHL""]"
9R4D,1.7,10540_30,1,P23511;P25208;Q13952,BC,A,[21],"[""XVNAKQXHRIXKRRQARXKLX""]"
9R9B,2.146,1844_30,2,P11442,A,B,[21],"[""KESALRKLELLLEFDPLFRDS""]"
9RA5,1.625,1165_30,1,P03420,A,D,[22],"[""XEXINLSLAFILKSDLLLHNVX""]"
9S1S,1.62,17249_30,4,Q6GQT0,AB,E,[6],"[""ASPRRR""]"
9S57,1.569,3347_30,2,O14786;O15240,A,B,[21],"[""TLQPPSALRRRHYHHALPPSR""]"
9SVZ,2.4,5925_30,3,P09616,AB,CD,[18],"[""ACPTLNYCWNPFMSVCAA""]"
9TA5,2.1,5941_30,3,Q00169,A,B,[6],"[""XLTVPX""]"
9TDZ,1.346,7118_30,1,Q9HAW4;Q9Y297,A,B,[12],"[""SPSDSGQGSYET""]"
9TG7,1.684,7118_30,1,P30291;Q9Y297,A,B,[12],"[""TGEDSAFQEPDS""]"
9TL4,2.0,22171_30,2,A0A7I4Z2W0;Q15596,A,B,[13],"[""KHKILHRLLQDSS""]"
9UF9,1.78,82077_30,0,A0A9P6W3R0,A,I,[6],"[""XVVXAX""]"
9UPI,1.7,1105_30,3,N9TCE9,AB,CD,[11],"[""ALLVTAGLVLA""]"
9UPK,1.6,1105_30,3,N9TCE9,AB,CD,[11],"[""TAXXVLAALLV""]"
9VFL,2.4,4055_30,4,P04629;P19174,ACEGIKMOQSUW,BDFHJLNPRTVX,[16],"[""SRDIYSTDYYRVGGRT""]"
9VNO,1.5,24967_30,4,Q2RAD9;Q6ZJM9,A,B,[12],"[""ARTKQTARKSTG""]"
9VPQ,2.28,10998_30,2,Q6ZMH5;Q9H1A3,AB,CD,[12],"[""GHQGHSHGHQGG""]"
9VXG,2.302,2002_30,3,Q8ZP43,A,B,[16],"[""GRNDPCPCGSGKKFKK""]"
9WOY,2.28,3960_30,1,P40692;Q9Y2M0,AB,CD,[18],"[""RSVKVICLGSLASKLSRK""]"
9YBQ,2.5,31159_30,4,A0A0H3AMP4,ABEGIK,MNOPQR,[5],"[""AGYTD""]"
9ZIQ,1.2,1021_30,3,,AS,BC,[7],"[""QEEISAM""]"
