pdb,status,n_points,n_pos,n_cands,seconds
10QV,ok,2686.0,783.0,30.0,2.3
12GS,ok,1034.0,139.0,30.0,1.0
13TC,ok,1674.0,65.0,30.0,0.6
13YB,ok,1347.0,0.0,30.0,0.7
13YH,ok,1347.0,81.0,30.0,0.8
13ZL,ok,1330.0,22.0,30.0,0.8
1A28,ok,1574.0,363.0,30.0,1.2
1A7D,no_protein_or_ligand,,,,
1AE1,ok,1397.0,512.0,30.0,0.8
1AL6,ok,1166.0,164.0,30.0,1.1
1AOG,ok,2157.0,531.0,30.0,1.4
1AP9,ok,1446.0,121.0,30.0,0.6
1ATL,ok,930.0,150.0,30.0,0.9
1B0P,ok,3765.0,128.0,30.0,4.3
1B5P,ok,1474.0,75.0,30.0,1.6
1B8N,ok,1535.0,91.0,30.0,0.7
1BL4,ok,1784.0,347.0,30.0,0.7
1C1X,ok,1613.0,497.0,30.0,1.0
1C4V,ok,1422.0,129.0,30.0,0.7
1C80,ok,1464.0,364.0,30.0,0.6
1CNT,no_protein_or_ligand,,,,
1CU0,ok,1397.0,15.0,30.0,0.6
1CZC,ok,1051.0,63.0,30.0,0.7
1DHJ,ok,1360.0,321.0,30.0,0.6
1DJX,ok,1904.0,101.0,30.0,2.9
1DK0,ok,1418.0,358.0,30.0,1.1
1DOR,ok,1610.0,323.0,30.0,1.2
1E1L,ok,1551.0,563.0,30.0,1.0
1E92,ok,2538.0,1319.0,30.0,1.6
1EL5,ok,2058.0,516.0,30.0,1.1
1EVL,ok,2541.0,307.0,30.0,2.7
1EWH,ok,1559.0,455.0,30.0,2.0
1EZ1,ok,1810.0,609.0,30.0,1.7
1EZ4,ok,2672.0,298.0,30.0,1.9
1F3L,ok,1372.0,148.0,30.0,0.8
1F5F,ok,1639.0,184.0,30.0,0.8
1F9W,ok,1564.0,151.0,30.0,1.0
1FCY,ok,1789.0,266.0,30.0,0.7
1FDD,ok,1118.0,28.0,30.0,0.4
1FJ6,ok,1171.0,70.0,30.0,0.6
1FKJ,ok,1603.0,140.0,30.0,0.5
1FOL,ok,2351.0,566.0,30.0,1.3
1FPE,ok,1383.0,341.0,30.0,0.9
1FZU,ok,1145.0,53.0,30.0,0.4
1G0K,ok,1684.0,41.0,30.0,0.7
1G2N,ok,1547.0,412.0,30.0,0.7
1G3E,ok,1916.0,84.0,30.0,0.8
1GFI,ok,1762.0,143.0,30.0,0.9
1GP2,ok,1983.0,133.0,30.0,1.9
1GQK,ok,1985.0,91.0,30.0,2.3
1GS5,ok,1552.0,223.0,30.0,0.6
1GUA,ok,1717.0,159.0,30.0,0.8
1GZR,ok,1222.0,32.0,27.0,0.5
1H6H,ok,1701.0,79.0,30.0,1.0
1H74,ok,2196.0,541.0,30.0,1.8
1H7Q,ok,1817.0,115.0,30.0,0.7
1H8I,ok,1448.0,125.0,30.0,0.8
1HK4,ok,2486.0,144.0,30.0,1.6
1HW8,ok,2385.0,367.0,30.0,2.1
1HYB,ok,1675.0,103.0,30.0,0.5
1I19,ok,2146.0,678.0,30.0,2.0
1I5S,ok,1677.0,64.0,30.0,0.9
1IG0,ok,1815.0,219.0,30.0,1.4
1II7,ok,1256.0,49.0,30.0,1.6
1IIH,ok,880.0,48.0,30.0,0.7
1IM8,ok,1234.0,277.0,30.0,0.6
1IO3,ok,1339.0,187.0,30.0,0.5
1IUU,ok,1249.0,316.0,30.0,0.7
1JAF,ok,1982.0,496.0,30.0,0.8
1JDO,ok,1782.0,208.0,30.0,0.6
1JEU,no_protein_or_ligand,,,,
1JG7,ok,1028.0,166.0,30.0,0.5
1JHA,ok,1724.0,90.0,30.0,0.8
1JP4,ok,1908.0,177.0,30.0,0.7
1JS2,ok,1092.0,121.0,30.0,1.0
1JXM,ok,892.0,10.0,30.0,0.7
1K0G,ok,1733.0,152.0,30.0,1.9
1K1I,ok,1684.0,68.0,30.0,0.8
1K4D,ok,1319.0,0.0,30.0,1.3
1KAH,ok,2287.0,75.0,30.0,1.2
1KAV,ok,1235.0,54.0,30.0,0.6
1KEC,ok,1327.0,45.0,30.0,1.0
1KHE,ok,1266.0,133.0,30.0,1.0
1KI4,ok,1309.0,227.0,30.0,1.0
1KWU,ok,1387.0,0.0,30.0,1.2
1L6Y,ok,1656.0,108.0,30.0,1.1
1L8P,ok,2017.0,151.0,30.0,4.2
1LGT,ok,1323.0,105.0,30.0,1.4
1LH1,ok,1817.0,260.0,30.0,0.6
1LOY,ok,1381.0,62.0,30.0,0.5
1LWL,ok,1246.0,508.0,30.0,0.7
1LXY,ok,1380.0,46.0,30.0,1.0
1MJ7,ok,1220.0,78.0,30.0,1.0
1ML4,ok,1294.0,62.0,30.0,0.8
1MMZ,ok,1384.0,100.0,30.0,1.1
1N2B,ok,1711.0,367.0,30.0,1.0
1N7M,ok,1134.0,81.0,30.0,0.8
1N83,ok,1693.0,274.0,30.0,0.8
1NDY,ok,1510.0,159.0,30.0,0.6
1NGJ,ok,1127.0,164.0,30.0,0.7
1NHJ,ok,1037.0,172.0,30.0,0.9
1NHX,ok,1326.0,156.0,30.0,1.5
1NJJ,ok,2718.0,434.0,30.0,7.9
1NOJ,ok,1740.0,143.0,30.0,3.0
1O03,ok,1408.0,78.0,30.0,1.1
1O0M,ok,1370.0,141.0,30.0,0.9
1O5B,ok,1775.0,58.0,30.0,0.8
1O6L,ok,1162.0,209.0,30.0,0.9
1OE7,ok,1463.0,120.0,30.0,1.3
1OIN,ok,1415.0,53.0,30.0,1.9
1OJ6,ok,2246.0,908.0,30.0,1.3
1OKC,ok,1979.0,161.0,30.0,1.3
1OWO,ok,1407.0,333.0,30.0,1.3
1OXO,ok,2113.0,224.0,30.0,1.5
1P3U,ok,1678.0,184.0,30.0,0.8
1PHE,ok,1096.0,291.0,30.0,1.0
1PSC,ok,1417.0,27.0,30.0,1.4
1Q4S,ok,1737.0,289.0,30.0,0.9
1QBV,ok,1512.0,129.0,30.0,0.8
1QJ8,ok,1763.0,62.0,30.0,0.8
1RAF,ok,1710.0,155.0,30.0,2.3
1RE1,ok,1750.0,40.0,30.0,1.2
1REF,ok,1551.0,74.0,30.0,0.6
1REQ,ok,3333.0,168.0,30.0,10.3
1RGA,ok,1169.0,135.0,29.0,0.5
1RMQ,no_protein_or_ligand,,,,
1RW8,ok,968.0,153.0,30.0,1.5
1S5N,ok,1010.0,52.0,30.0,1.5
1SNM,ok,1577.0,86.0,30.0,1.3
1T1R,ok,1626.0,188.0,30.0,1.5
1TA8,ok,1079.0,57.0,30.0,0.6
1TRB,ok,1196.0,287.0,30.0,0.8
1TSN,ok,1733.0,310.0,30.0,0.9
1TZJ,ok,2023.0,76.0,30.0,2.3
1U1I,ok,2737.0,858.0,30.0,2.2
1U30,ok,1203.0,189.0,30.0,0.8
1U32,ok,1392.0,151.0,30.0,0.8
1U9M,ok,2149.0,827.0,30.0,1.4
1UBM,ok,1280.0,62.0,30.0,0.9
1UEU,ok,1052.0,117.0,30.0,1.3
1UHE,ok,1717.0,41.0,30.0,0.9
1UHJ,ok,1162.0,356.0,30.0,1.5
1UIW,ok,2792.0,1102.0,30.0,2.6
1UMA,ok,1693.0,111.0,30.0,0.6
1UMB,ok,1656.0,174.0,30.0,1.8
1UX9,ok,1285.0,430.0,30.0,0.7
1UZ4,ok,930.0,45.0,30.0,0.6
1V0M,ok,1820.0,16.0,30.0,0.7
1V5Y,ok,1486.0,455.0,30.0,0.7
1V9N,ok,908.0,173.0,30.0,0.7
1VP4,ok,1817.0,79.0,30.0,1.3
1WAD,ok,1853.0,702.0,30.0,0.6
1WC0,ok,1254.0,301.0,30.0,0.9
1WCQ,ok,2490.0,263.0,30.0,7.5
1WTC,ok,1774.0,67.0,30.0,1.7
1WUA,ok,1640.0,166.0,30.0,1.8
1XGI,ok,1526.0,95.0,30.0,1.3
1XJM,ok,2064.0,396.0,30.0,1.8
1XK3,ok,1385.0,346.0,30.0,0.8
1XQ3,ok,1734.0,145.0,30.0,0.6
1XXN,ok,1858.0,47.0,30.0,0.6
1Y30,ok,1852.0,101.0,30.0,0.9
1Y8J,ok,1748.0,69.0,30.0,1.2
1YBQ,ok,1273.0,201.0,30.0,1.2
1YEA,ok,1496.0,192.0,30.0,0.5
1YNU,ok,1043.0,93.0,30.0,0.6
1YWA,ok,1551.0,243.0,30.0,0.6
1YWB,ok,1570.0,243.0,30.0,0.6
1YWQ,ok,1719.0,68.0,30.0,0.6
1YZN,ok,1669.0,122.0,30.0,0.7
1Z84,ok,1571.0,177.0,30.0,1.0
1ZEJ,ok,1431.0,9.0,30.0,0.8
1ZPZ,ok,1470.0,74.0,30.0,0.5
1ZZ1,ok,1695.0,175.0,30.0,3.3
24AQ,ok,1605.0,7.0,30.0,1.7
2A2S,ok,1051.0,130.0,30.0,0.6
2A3A,ok,1282.0,148.0,30.0,1.3
2A4R,ok,1287.0,43.0,30.0,0.7
2A7X,ok,1495.0,135.0,30.0,0.7
2A8T,ok,1208.0,246.0,30.0,0.7
2ABK,ok,1924.0,31.0,30.0,0.7
2AG4,ok,1443.0,301.0,30.0,1.0
2AL1,ok,1459.0,20.0,30.0,1.1
2AL5,ok,1398.0,170.0,30.0,1.0
2AN9,ok,1451.0,261.0,30.0,1.0
2AUQ,ok,1668.0,688.0,30.0,0.9
2AVN,ok,1475.0,307.0,30.0,1.2
2AX0,ok,2239.0,201.0,30.0,1.7
2B00,ok,1898.0,295.0,30.0,0.6
2BGU,ok,1060.0,171.0,30.0,0.7
2BIA,ok,1590.0,65.0,30.0,1.1
2BIG,ok,1572.0,67.0,30.0,1.5
2BKL,ok,2355.0,68.0,30.0,2.3
2BKS,ok,1312.0,250.0,30.0,1.1
2BT6,ok,1241.0,53.0,30.0,0.7
2C27,ok,2119.0,673.0,30.0,1.2
2C29,ok,1659.0,760.0,30.0,1.4
2C2N,ok,1119.0,66.0,30.0,1.2
2C2Z,ok,1818.0,61.0,30.0,0.6
2C4M,ok,3595.0,398.0,30.0,6.0
2CDC,ok,3348.0,538.0,30.0,3.0
2CDV,ok,1668.0,656.0,30.0,0.5
2CES,ok,1409.0,99.0,30.0,1.3
2CFI,ok,1605.0,64.0,30.0,0.8
2CHX,ok,2091.0,136.0,30.0,1.5
2CJE,ok,1638.0,91.0,30.0,0.8
2CJZ,ok,1907.0,35.0,30.0,1.0
2CLM,ok,1281.0,208.0,30.0,1.2
2CZC,ok,2114.0,695.0,30.0,2.8
2D06,ok,1453.0,611.0,30.0,1.7
2DD7,ok,852.0,0.0,30.0,1.5
2DE3,ok,1375.0,178.0,30.0,1.8
2DRE,ok,1522.0,620.0,30.0,1.8
2DV7,ok,1386.0,140.0,30.0,1.0
2E1T,ok,2468.0,361.0,30.0,1.4
2ECU,ok,1345.0,51.0,30.0,1.1
2F07,ok,1255.0,170.0,30.0,1.4
2F6V,ok,1202.0,44.0,30.0,1.1
2F8P,ok,1733.0,194.0,30.0,1.2
2FDU,ok,2445.0,1132.0,30.0,5.6
2FEQ,ok,1381.0,134.0,30.0,1.4
2FS9,ok,1381.0,263.0,30.0,1.9
2FSZ,ok,1711.0,403.0,30.0,1.0
2G19,ok,1930.0,113.0,30.0,0.8
2GC3,ok,1076.0,180.0,30.0,0.8
2GFJ,ok,1201.0,134.0,30.0,0.9
2GJL,ok,1799.0,170.0,30.0,0.8
2GXS,ok,823.0,60.0,30.0,1.1
2HA6,ok,2117.0,439.0,30.0,2.0
2HNV,ok,1411.0,255.0,30.0,1.1
2HUW,ok,1436.0,103.0,30.0,0.5
2HVO,ok,1257.0,315.0,30.0,0.6
2HY8,ok,1619.0,199.0,30.0,0.8
2HZA,ok,2063.0,86.0,30.0,1.0
2I6B,ok,1613.0,195.0,30.0,2.2
2I7O,ok,1353.0,20.0,30.0,0.8
2I9V,ok,1386.0,39.0,30.0,0.5
2IDO,ok,1304.0,224.0,30.0,0.9
2IO6,ok,1725.0,167.0,30.0,0.6
2ISK,ok,2442.0,963.0,30.0,3.8
2IXC,ok,1707.0,589.0,30.0,2.5
2IYF,ok,1856.0,333.0,30.0,1.7
2J9X,ok,1155.0,119.0,30.0,0.8
2JCJ,ok,1427.0,122.0,30.0,0.7
2JDZ,ok,1707.0,31.0,30.0,0.6
2JGS,ok,1376.0,368.0,30.0,1.0
2JI8,ok,2309.0,934.0,30.0,1.6
2MYE,ok,1537.0,182.0,30.0,0.5
2O06,ok,1221.0,210.0,30.0,1.1
2OBM,ok,960.0,33.0,30.0,0.6
2OLC,ok,1746.0,266.0,30.0,1.0
2OLN,ok,1003.0,280.0,30.0,0.5
2OS1,ok,1842.0,117.0,30.0,0.6
2P9A,ok,1875.0,87.0,30.0,0.7
2P9T,ok,1344.0,45.0,30.0,1.0
2PCG,ok,1379.0,128.0,30.0,0.8
2PD6,ok,2219.0,861.0,30.0,1.8
2PMP,ok,1942.0,36.0,30.0,1.0
2PQB,ok,1522.0,101.0,30.0,0.8
2PR5,ok,1930.0,292.0,30.0,1.1
2PUT,ok,3319.0,284.0,30.0,2.4
2PV7,ok,1488.0,531.0,30.0,0.9
2PZF,ok,1426.0,244.0,30.0,0.9
2Q0C,ok,1622.0,168.0,30.0,1.4
2Q0O,ok,1601.0,199.0,30.0,1.4
2Q7A,ok,1292.0,261.0,30.0,0.9
2QBT,ok,1155.0,88.0,30.0,0.7
2QEO,ok,1089.0,65.0,30.0,0.7
2QNY,ok,1370.0,132.0,30.0,0.8
2QQ0,ok,1357.0,254.0,30.0,1.0
2QSZ,ok,1374.0,98.0,30.0,0.6
2QWL,ok,1864.0,311.0,30.0,1.7
2R0C,ok,1662.0,244.0,30.0,1.1
2R0T,ok,1432.0,214.0,30.0,1.1
2R4Z,ok,1826.0,643.0,30.0,0.8
2R9R,ok,1657.0,391.0,30.0,7.6
2REH,ok,2786.0,847.0,30.0,4.5
2RFB,ok,1856.0,759.0,30.0,2.9
2RJ4,ok,1751.0,216.0,30.0,1.4
2RKU,ok,1275.0,237.0,30.0,1.2
2RTE,ok,1686.0,195.0,30.0,1.1
2UV2,ok,1530.0,152.0,30.0,1.2
2UV7,ok,1398.0,61.0,30.0,1.1
2V0L,ok,1103.0,77.0,30.0,1.7
2V34,ok,1422.0,183.0,30.0,1.1
2V4J,ok,3243.0,750.0,30.0,4.5
2VCZ,ok,1922.0,232.0,30.0,2.3
2VD8,ok,1528.0,110.0,30.0,1.2
2VIA,ok,1513.0,53.0,30.0,1.2
2VIO,ok,1751.0,67.0,30.0,1.4
2VNV,ok,1039.0,147.0,30.0,2.7
2VRX,ok,1829.0,274.0,30.0,3.6
2W2T,ok,1918.0,91.0,30.0,0.8
2W3L,ok,1952.0,284.0,30.0,1.1
2W70,ok,1719.0,136.0,30.0,3.3
2W7J,ok,1344.0,53.0,30.0,1.6
2WGH,ok,2617.0,256.0,30.0,4.4
2WHQ,ok,2167.0,144.0,30.0,3.1
2WKH,ok,1270.0,152.0,30.0,1.0
2WKP,ok,959.0,275.0,30.0,0.9
2WKU,ok,1677.0,0.0,30.0,4.6
2WLG,ok,1751.0,498.0,30.0,3.1
2WR8,ok,1519.0,23.0,30.0,1.5
2X13,ok,984.0,183.0,30.0,1.0
2X1L,ok,2031.0,212.0,30.0,8.4
2X4D,no_protein_or_ligand,,,,
2X7C,ok,1617.0,312.0,30.0,4.0
2X7E,ok,1593.0,393.0,30.0,2.2
2X9I,ok,1676.0,891.0,30.0,4.2
2XAN,ok,2282.0,482.0,30.0,3.5
2XDA,ok,1722.0,113.0,30.0,1.7
2XIM,ok,2468.0,103.0,30.0,4.4
2Y1D,ok,1709.0,61.0,30.0,2.9
2Y1W,ok,2343.0,1099.0,30.0,4.1
2Y59,ok,1564.0,224.0,30.0,12.6
2Y60,ok,1817.0,202.0,30.0,2.5
2Y6B,ok,1857.0,286.0,30.0,2.2
2YCF,ok,1443.0,165.0,30.0,1.4
2YCP,ok,2245.0,482.0,30.0,3.1
2YFO,ok,1134.0,32.0,30.0,2.0
2YGX,ok,3120.0,684.0,30.0,4.2
2YMV,ok,1099.0,155.0,30.0,1.0
2YQH,ok,1997.0,136.0,30.0,2.8
2YQS,ok,1379.0,208.0,30.0,1.3
2YV5,ok,1295.0,44.0,30.0,1.0
2Z6J,ok,1687.0,681.0,30.0,1.4
2Z73,ok,1435.0,396.0,30.0,1.7
2ZFN,ok,1258.0,168.0,30.0,1.2
2ZHQ,ok,1459.0,140.0,30.0,0.9
2ZHZ,ok,1412.0,127.0,30.0,1.0
2ZVJ,ok,1950.0,146.0,30.0,1.0
2ZYW,ok,1642.0,128.0,30.0,1.1
3A1S,ok,1701.0,103.0,30.0,2.0
3AH5,ok,2901.0,1479.0,30.0,3.7
3ASZ,ok,1068.0,137.0,30.0,1.0
3AV7,ok,1951.0,357.0,30.0,2.1
3B0H,ok,2011.0,48.0,30.0,2.0
3B3P,ok,2305.0,831.0,30.0,1.6
3B82,ok,2735.0,131.0,30.0,19.3
3BHH,ok,2461.0,268.0,30.0,4.1
3BTO,ok,2608.0,1222.0,30.0,5.0
3C2C,ok,1377.0,203.0,30.0,1.1
3C41,ok,1295.0,164.0,30.0,1.2
3C78,ok,1590.0,212.0,30.0,1.1
3CCZ,ok,2574.0,330.0,30.0,2.2
3CDB,ok,2596.0,418.0,30.0,2.4
3CEA,ok,2535.0,916.0,30.0,1.6
3CFD,ok,1684.0,189.0,30.0,1.2
3CKL,ok,1642.0,428.0,30.0,1.0
3CKN,ok,1440.0,168.0,30.0,0.7
3CKU,ok,1793.0,30.0,30.0,0.8
3CN8,ok,2141.0,474.0,30.0,1.8
3CNS,ok,2195.0,706.0,30.0,1.9
3CPJ,ok,1374.0,66.0,30.0,1.2
3CTL,ok,2139.0,317.0,30.0,1.8
3CW8,ok,1277.0,126.0,30.0,0.6
3D4B,ok,1756.0,229.0,30.0,0.9
3DHF,ok,1872.0,294.0,30.0,1.3
3DOD,ok,1558.0,92.0,30.0,1.1
3DPK,ok,875.0,175.0,30.0,0.6
3DV3,ok,1322.0,384.0,30.0,1.0
3DYS,ok,1377.0,216.0,30.0,1.3
3E16,ok,1539.0,140.0,30.0,0.7
3ECN,ok,1687.0,169.0,30.0,1.0
3EDO,ok,1530.0,222.0,30.0,0.7
3EFW,ok,1480.0,498.0,30.0,1.4
3EHG,ok,1623.0,121.0,30.0,0.6
3EHW,ok,1840.0,576.0,30.0,1.6
3EKU,ok,1636.0,333.0,30.0,0.8
3EMM,ok,1766.0,177.0,30.0,0.8
3EPW,ok,1051.0,149.0,30.0,1.0
3EQI,ok,1311.0,170.0,30.0,0.8
3ESC,ok,1506.0,47.0,30.0,0.8
3ETJ,ok,1725.0,285.0,30.0,1.4
3EZ2,ok,1779.0,372.0,30.0,1.4
3F68,ok,1536.0,145.0,30.0,0.7
3F9B,ok,1515.0,49.0,30.0,0.8
3F9M,ok,1067.0,121.0,30.0,0.9
3FDY,ok,1688.0,312.0,30.0,1.1
3FJZ,ok,1654.0,76.0,30.0,0.7
3FNM,ok,1598.0,45.0,30.0,1.3
3FU0,ok,1707.0,85.0,30.0,1.1
3FUG,ok,1634.0,188.0,30.0,0.6
3FW3,ok,1386.0,162.0,30.0,0.8
3G5F,ok,1371.0,270.0,30.0,0.8
3GAL,ok,1780.0,24.0,30.0,1.2
3GG4,ok,1952.0,100.0,30.0,2.0
3GPO,ok,1676.0,642.0,30.0,1.1
3GSM,ok,1066.0,84.0,30.0,0.7
3GWT,ok,1149.0,173.0,30.0,0.7
3H18,ok,1642.0,131.0,30.0,0.9
3H73,ok,1905.0,165.0,30.0,1.4
3HCN,ok,2006.0,577.0,30.0,1.2
3HHI,ok,1273.0,243.0,30.0,0.9
3HXN,ok,2128.0,721.0,30.0,0.9
3IBQ,ok,1687.0,213.0,30.0,0.8
3IEI,ok,2832.0,574.0,30.0,4.5
3IG6,ok,1702.0,428.0,30.0,1.6
3IR5,ok,2718.0,795.0,30.0,3.4
3IUQ,ok,1263.0,51.0,30.0,1.1
3JV7,ok,3060.0,608.0,30.0,2.3
3K6P,ok,1619.0,137.0,30.0,1.1
3KAR,ok,871.0,83.0,30.0,0.7
3KEC,ok,1336.0,386.0,30.0,1.0
3KJN,ok,1913.0,132.0,30.0,1.1
3KMT,ok,1130.0,370.0,30.0,1.0
3KZN,ok,1761.0,71.0,30.0,0.9
3L0D,ok,1327.0,327.0,30.0,1.5
3LBK,ok,1387.0,121.0,30.0,0.7
3LKK,ok,1157.0,334.0,30.0,1.2
3LSC,ok,1553.0,75.0,30.0,1.8
3LXN,ok,1311.0,142.0,30.0,0.9
3M28,ok,1935.0,250.0,30.0,1.1
3M55,ok,1467.0,98.0,30.0,0.8
3M5D,ok,1491.0,83.0,30.0,1.1
3M5E,ok,1646.0,92.0,30.0,1.1
3MB9,ok,1449.0,311.0,30.0,2.3
3MBH,ok,3143.0,0.0,30.0,6.3
3MBI,ok,1756.0,469.0,30.0,2.9
3MDT,ok,2421.0,818.0,30.0,4.6
3MMJ,ok,1507.0,138.0,30.0,2.3
3MPN,ok,1152.0,21.0,30.0,1.1
3MYR,ok,2467.0,0.0,30.0,12.6
3N1S,ok,2087.0,814.0,30.0,6.2
3N8I,ok,1757.0,32.0,30.0,1.2
3NBS,ok,1774.0,927.0,30.0,1.5
3NDC,ok,1219.0,298.0,30.0,1.2
3NJU,ok,1684.0,80.0,30.0,0.7
3OOI,ok,1401.0,144.0,30.0,1.0
3OUZ,ok,2088.0,351.0,30.0,3.1
3OWM,ok,2917.0,2095.0,30.0,4.2
3P6M,ok,1152.0,484.0,30.0,1.1
3P76,ok,1621.0,167.0,30.0,0.8
3P7Y,ok,1432.0,269.0,30.0,1.3
3P8X,ok,1449.0,241.0,30.0,0.9
3PC0,ok,1384.0,200.0,30.0,1.4
3PD8,ok,1772.0,137.0,30.0,1.8
3PEN,ok,1000.0,122.0,30.0,1.3
3PXW,ok,2411.0,545.0,30.0,5.0
3PZC,ok,1642.0,277.0,30.0,2.4
3Q11,ok,1288.0,303.0,30.0,1.6
3Q2Z,ok,1961.0,229.0,30.0,1.4
3Q78,ok,2092.0,163.0,30.0,2.0
3Q7P,ok,1388.0,80.0,30.0,1.1
3Q86,ok,1346.0,229.0,30.0,1.0
3Q8G,ok,1486.0,472.0,30.0,1.3
3QE8,ok,2025.0,77.0,30.0,1.0
3QTC,ok,1449.0,281.0,30.0,1.5
3QVI,ok,2751.0,328.0,30.0,3.4
3QWV,ok,1425.0,123.0,30.0,1.1
3QXJ,ok,1437.0,60.0,30.0,1.1
3R56,ok,1634.0,5.0,30.0,1.6
3R88,ok,1640.0,351.0,30.0,3.8
3RHJ,ok,3414.0,76.0,30.0,4.9
3RIY,ok,1712.0,443.0,30.0,1.7
3RN6,ok,1202.0,103.0,30.0,1.3
3RNO,ok,1564.0,151.0,30.0,1.3
3RTA,ok,1380.0,203.0,30.0,2.2
3RUA,ok,3210.0,736.0,30.0,3.4
3RWG,ok,1135.0,15.0,30.0,0.7
3RYK,ok,1290.0,115.0,30.0,0.7
3S3Q,ok,1438.0,124.0,30.0,0.9
3S66,ok,1380.0,399.0,30.0,1.1
3SJ1,ok,1588.0,528.0,30.0,0.8
3ST6,ok,2363.0,141.0,30.0,5.3
3T2D,ok,1017.0,70.0,30.0,2.4
3T2Z,ok,2042.0,718.0,30.0,1.8
3T70,ok,1781.0,311.0,30.0,1.5
3TFZ,ok,2940.0,816.0,30.0,3.5
3TK1,ok,1660.0,30.0,30.0,1.9
3TL1,ok,1204.0,210.0,30.0,0.9
3TSK,ok,1621.0,189.0,30.0,0.9
3TTU,ok,3849.0,654.0,30.0,6.7
3TTW,ok,3811.0,350.0,30.0,5.6
3TUC,ok,1492.0,232.0,30.0,0.9
3TVC,ok,1788.0,144.0,30.0,1.3
3TWB,ok,2430.0,158.0,30.0,7.8
3TXG,no_protein_or_ligand,,,,
3U91,ok,755.0,16.0,22.0,0.8
3UAZ,ok,1878.0,84.0,30.0,2.4
3UKD,ok,1643.0,194.0,30.0,1.1
3V1H,ok,1348.0,63.0,30.0,1.1
3V70,ok,1088.0,78.0,30.0,1.0
3V7Z,ok,1970.0,70.0,30.0,1.5
3VBI,ok,1740.0,993.0,30.0,2.1
3VEG,ok,2204.0,804.0,30.0,2.2
3VKX,ok,1658.0,57.0,30.0,1.1
3VQP,ok,1424.0,55.0,30.0,1.2
3VRI,ok,1344.0,128.0,30.0,1.0
3VRY,ok,2451.0,232.0,30.0,3.7
3W1B,no_protein_or_ligand,,,,
3WCI,ok,3114.0,520.0,30.0,7.0
3WDL,ok,2389.0,590.0,30.0,2.9
3WF2,ok,2570.0,314.0,30.0,8.9
3WJP,ok,1254.0,149.0,30.0,2.4
3X01,ok,1512.0,102.0,30.0,2.9
3ZCP,ok,1851.0,263.0,30.0,1.7
3ZSY,ok,1555.0,236.0,30.0,1.1
3ZUP,ok,1488.0,247.0,30.0,1.8
4AA4,ok,1234.0,190.0,30.0,1.2
4ACC,ok,2177.0,196.0,30.0,3.3
4AHG,ok,1515.0,18.0,30.0,1.5
4AOU,ok,1740.0,149.0,30.0,2.3
4AVK,ok,1458.0,105.0,30.0,1.7
4AWI,ok,1168.0,218.0,30.0,1.5
4AZK,ok,1532.0,63.0,30.0,2.9
4B2W,ok,2822.0,345.0,30.0,4.2
4B52,ok,1188.0,328.0,30.0,1.8
4B6S,ok,987.0,360.0,30.0,2.4
4BAM,ok,1094.0,142.0,30.0,1.5
4BBV,ok,1421.0,45.0,30.0,1.4
4BGK,ok,924.0,56.0,30.0,1.9
4BHG,ok,1004.0,57.0,30.0,1.4
4BK1,ok,1788.0,505.0,30.0,1.9
4BM4,ok,1481.0,246.0,30.0,2.2
4BRH,ok,2089.0,188.0,30.0,3.0
4BVB,ok,1574.0,275.0,30.0,1.6
4C2Z,ok,2279.0,423.0,30.0,3.5
4C72,ok,1693.0,763.0,30.0,2.8
4C7X,ok,1154.0,67.0,30.0,2.7
4C9X,ok,1910.0,168.0,30.0,1.9
4CES,ok,1504.0,252.0,30.0,1.5
4CF0,ok,1684.0,275.0,30.0,1.4
4CIP,ok,1493.0,313.0,30.0,1.2
4CNG,ok,1442.0,328.0,30.0,1.0
4CPF,ok,1551.0,75.0,30.0,1.2
4CQ6,ok,1563.0,219.0,30.0,1.3
4CQE,ok,1410.0,338.0,30.0,1.7
4CT7,ok,1182.0,0.0,30.0,1.3
4CVQ,ok,1615.0,69.0,30.0,1.4
4CYH,ok,1741.0,20.0,30.0,0.8
4CZJ,ok,1812.0,385.0,30.0,1.6
4D05,ok,1122.0,246.0,30.0,2.0
4DDN,ok,1055.0,113.0,30.0,1.2
4DH1,ok,1081.0,142.0,30.0,1.9
4DJD,ok,2540.0,0.0,30.0,5.6
4DN5,ok,1846.0,330.0,30.0,1.9
4E1K,ok,1681.0,124.0,30.0,1.9
4E2P,ok,1104.0,254.0,30.0,1.0
4E3K,ok,1609.0,159.0,30.0,1.7
4ED9,ok,1470.0,0.0,30.0,1.3
4EDG,ok,1402.0,98.0,30.0,0.9
4EEJ,ok,1488.0,321.0,30.0,1.1
4EF1,no_protein_or_ligand,,,,
4EFB,ok,1149.0,238.0,30.0,1.4
4EID,ok,1257.0,203.0,30.0,0.5
4EJ7,ok,2324.0,507.0,30.0,4.8
4ENR,ok,3785.0,504.0,30.0,6.1
4ER3,ok,1162.0,188.0,30.0,1.0
4F28,no_protein_or_ligand,,,,
4FOC,ok,1538.0,168.0,30.0,1.2
4FOD,ok,1374.0,180.0,30.0,1.2
4FPF,ok,1323.0,83.0,30.0,1.8
4FT3,ok,1095.0,117.0,30.0,0.9
4FV0,ok,1190.0,144.0,30.0,1.1
4FX8,ok,933.0,272.0,30.0,1.0
4G05,ok,1818.0,282.0,30.0,1.2
4G10,ok,1866.0,70.0,30.0,1.2
4G38,ok,1153.0,35.0,30.0,1.0
4G5F,ok,1476.0,189.0,30.0,1.5
4GBM,ok,1480.0,143.0,30.0,1.1
4GCH,ok,1739.0,63.0,30.0,1.4
4GCI,ok,1298.0,187.0,30.0,1.4
4GH5,ok,2563.0,914.0,30.0,2.5
4GOJ,ok,1712.0,214.0,30.0,2.3
4GQR,ok,1215.0,105.0,30.0,1.4
4GTT,ok,1572.0,148.0,30.0,1.6
4GV2,ok,1043.0,187.0,30.0,1.3
4GYD,ok,2281.0,910.0,30.0,1.9
4H2S,ok,1888.0,668.0,30.0,2.5
4HJL,ok,1336.0,81.0,30.0,2.0
4HMN,ok,1324.0,359.0,30.0,1.0
4HO5,ok,1522.0,533.0,30.0,1.3
4I08,ok,1364.0,468.0,30.0,1.3
4IB7,ok,1695.0,113.0,30.0,0.8
4IJH,ok,1739.0,103.0,30.0,1.0
4IKL,ok,1372.0,128.0,30.0,1.2
4IMR,ok,1490.0,508.0,30.0,1.7
4IVK,ok,1232.0,133.0,30.0,0.9
4J31,ok,2202.0,733.0,30.0,1.8
4J5S,ok,1897.0,635.0,30.0,2.0
4JAO,ok,2211.0,251.0,30.0,4.3
4JI9,ok,1614.0,359.0,30.0,2.2
4JIB,ok,2649.0,601.0,30.0,3.8
4JIQ,ok,1768.0,246.0,30.0,1.1
4JL6,ok,1700.0,594.0,30.0,1.4
4JQA,ok,2019.0,635.0,30.0,1.3
4K46,ok,1584.0,250.0,30.0,1.1
4K4O,ok,1705.0,110.0,30.0,1.0
4K7Y,ok,931.0,172.0,30.0,0.7
4K93,ok,1598.0,225.0,30.0,1.8
4KBC,ok,1470.0,224.0,30.0,1.8
4KCX,ok,1680.0,173.0,30.0,1.3
4KEY,ok,2513.0,924.0,30.0,2.8
4KFO,ok,2259.0,332.0,30.0,2.1
4KPD,ok,1041.0,187.0,30.0,1.0
4KPR,ok,3186.0,439.0,30.0,6.2
4KRV,ok,1398.0,370.0,30.0,2.7
4KTR,ok,3908.0,272.0,30.0,24.0
4L3G,ok,2591.0,603.0,30.0,8.1
4L4M,ok,2235.0,320.0,30.0,1.7
4L8W,ok,2033.0,4.0,30.0,3.4
4LCW,ok,2585.0,192.0,30.0,5.9
4LFG,ok,1372.0,366.0,30.0,0.9
4M3P,ok,2800.0,0.0,30.0,1.9
4M5J,ok,1837.0,252.0,30.0,0.7
4MBC,ok,1798.0,75.0,30.0,1.0
4MBG,ok,1999.0,117.0,30.0,1.8
4MKA,ok,2618.0,354.0,30.0,2.2
4MMW,ok,2296.0,116.0,30.0,2.2
4MOE,ok,3618.0,981.0,30.0,5.3
4MRH,ok,1575.0,68.0,30.0,1.1
4MUB,ok,1048.0,229.0,30.0,0.7
4MZN,ok,1367.0,87.0,30.0,1.0
4N4V,ok,1753.0,413.0,30.0,1.5
4N7B,no_protein_or_ligand,,,,
4N94,ok,1318.0,35.0,30.0,2.1
4NHV,ok,1120.0,0.0,30.0,1.6
4NRB,ok,1531.0,55.0,30.0,0.9
4NT0,ok,1046.0,266.0,30.0,0.9
4NZO,ok,1223.0,190.0,30.0,1.4
4O59,ok,2339.0,811.0,30.0,1.6
4OBA,ok,1558.0,365.0,30.0,0.8
4OG1,ok,1090.0,16.0,30.0,0.7
4OH4,ok,1641.0,377.0,30.0,1.3
4OK1,ok,1522.0,178.0,30.0,0.8
4OTE,no_protein_or_ligand,,,,
4OU4,ok,1665.0,26.0,30.0,0.9
4OUG,ok,1544.0,335.0,30.0,1.1
4OVT,ok,1366.0,116.0,30.0,1.0
4P8E,ok,1013.0,103.0,30.0,0.6
4P8L,ok,2259.0,657.0,30.0,2.0
4PE0,ok,1470.0,65.0,30.0,0.9
4PF7,ok,2919.0,0.0,30.0,3.7
4PKV,ok,1641.0,190.0,30.0,1.4
4PWC,ok,1179.0,241.0,30.0,0.7
4PYN,ok,1650.0,108.0,30.0,0.7
4PYR,ok,1396.0,107.0,30.0,0.8
4Q3S,ok,1478.0,300.0,30.0,3.8
4Q9M,ok,1402.0,636.0,30.0,1.5
4QA2,ok,1483.0,297.0,30.0,1.2
4QB2,ok,1188.0,62.0,30.0,0.7
4QJW,ok,2091.0,480.0,30.0,2.3
4QNB,ok,1529.0,76.0,30.0,1.0
4QPM,ok,1846.0,300.0,30.0,1.4
4QQ6,ok,1017.0,18.0,23.0,0.3
4R37,ok,1077.0,34.0,30.0,1.0
4R82,ok,1464.0,382.0,30.0,0.8
4RFL,ok,2442.0,510.0,30.0,2.9
4RFM,ok,1545.0,172.0,30.0,1.3
4RMG,ok,1367.0,388.0,30.0,0.7
4RXT,ok,1550.0,28.0,30.0,0.7
4S3C,ok,960.0,55.0,30.0,1.1
4TKU,ok,3170.0,582.0,30.0,2.9
4TRO,ok,1684.0,261.0,30.0,0.6
4TZ8,ok,1623.0,66.0,30.0,0.6
4U0I,ok,1583.0,228.0,30.0,1.1
4U41,ok,1757.0,159.0,30.0,1.0
4U69,ok,1515.0,62.0,30.0,0.7
4U79,ok,1116.0,247.0,30.0,0.8
4U7H,ok,1548.0,716.0,30.0,0.9
4U9J,ok,1602.0,585.0,30.0,1.3
4U9R,ok,1611.0,0.0,30.0,0.6
4UHG,ok,1247.0,187.0,30.0,1.5
4UMC,ok,1702.0,176.0,30.0,2.8
4UND,ok,1988.0,291.0,30.0,1.3
4UOB,ok,1800.0,37.0,30.0,1.3
4UU0,ok,2300.0,170.0,30.0,2.7
4UUW,ok,1992.0,39.0,30.0,1.2
4UXH,ok,1143.0,287.0,30.0,0.7
4UXM,ok,1451.0,29.0,30.0,0.6
4W66,ok,1417.0,161.0,30.0,1.1
4WCU,ok,2396.0,731.0,30.0,2.4
4WDF,ok,1548.0,74.0,30.0,0.7
4WFR,ok,1510.0,74.0,30.0,0.7
4WG4,ok,1686.0,203.0,30.0,0.8
4WKN,ok,1790.0,111.0,30.0,0.7
4X45,ok,1266.0,88.0,30.0,0.8
4XJ4,ok,977.0,213.0,30.0,0.8
4XY8,ok,1822.0,89.0,30.0,0.6
4XZI,ok,1084.0,316.0,30.0,0.6
4Y4S,ok,1753.0,38.0,30.0,0.7
4YRO,ok,1077.0,95.0,30.0,1.2
4YV1,ok,2016.0,646.0,30.0,1.9
4Z04,ok,1737.0,96.0,30.0,0.5
4Z6U,ok,2350.0,0.0,30.0,2.1
4Z83,ok,1149.0,218.0,30.0,0.6
4ZAB,ok,1294.0,300.0,30.0,1.0
4ZOJ,ok,1581.0,568.0,30.0,1.6
4ZZX,ok,1761.0,251.0,30.0,2.5
5A89,ok,1997.0,543.0,30.0,0.9
5ABN,ok,1833.0,294.0,30.0,0.9
5AEN,ok,1670.0,104.0,30.0,1.1
5AJQ,ok,1558.0,358.0,30.0,1.4
5AJT,ok,1555.0,201.0,30.0,1.6
5ALN,ok,1593.0,152.0,30.0,1.1
5ALX,ok,1482.0,106.0,30.0,1.0
5AZ3,ok,1298.0,174.0,30.0,0.6
5B6H,ok,2004.0,85.0,30.0,1.0
5BJ3,ok,2088.0,174.0,30.0,3.2
5BTX,ok,1610.0,96.0,30.0,1.1
5BZE,ok,1529.0,53.0,30.0,0.6
5C3D,ok,1793.0,80.0,30.0,0.7
5C5L,ok,1898.0,85.0,30.0,0.8
5C66,no_protein_or_ligand,,,,
5C7N,ok,1459.0,187.0,30.0,1.0
5C88,ok,1650.0,413.0,30.0,1.1
5CGB,ok,1667.0,97.0,30.0,1.1
5CNG,ok,1522.0,187.0,30.0,1.0
5CPN,ok,1465.0,493.0,30.0,2.0
5CW2,ok,2950.0,358.0,30.0,3.1
5D21,ok,714.0,70.0,30.0,0.6
5DCZ,ok,1605.0,140.0,30.0,0.8
5DII,ok,1446.0,112.0,30.0,3.4
5DTK,ok,2081.0,246.0,30.0,2.2
5DWQ,ok,2302.0,426.0,30.0,3.4
5E26,ok,2902.0,982.0,30.0,6.3
5E95,ok,1885.0,100.0,30.0,1.1
5E9O,ok,2017.0,38.0,30.0,0.9
5EAG,ok,1762.0,448.0,30.0,1.5
5EH0,ok,1613.0,165.0,30.0,1.1
5EJ2,ok,2296.0,796.0,30.0,1.8
5EOB,ok,1432.0,148.0,30.0,0.7
5EQ1,ok,1494.0,73.0,30.0,0.6
5EQD,ok,2146.0,715.0,30.0,1.9
5EQE,ok,1684.0,155.0,30.0,1.5
5EZ6,ok,1693.0,54.0,30.0,0.6
5F3D,ok,1415.0,121.0,30.0,0.7
5F5E,ok,1531.0,83.0,30.0,0.6
5FE6,ok,1894.0,92.0,30.0,0.7
5FEN,ok,1852.0,398.0,30.0,1.1
5FJO,ok,1678.0,192.0,30.0,1.2
5FUT,ok,1026.0,94.0,30.0,0.7
5FVE,ok,858.0,37.0,30.0,0.7
5FZ0,ok,1507.0,116.0,30.0,0.8
5GLG,ok,1164.0,244.0,30.0,0.9
5GQJ,ok,1724.0,15.0,30.0,0.9
5GT4,ok,1526.0,280.0,30.0,0.8
5GZ3,ok,1368.0,237.0,30.0,1.2
5GZP,ok,1132.0,56.0,30.0,0.7
5H3E,ok,1920.0,120.0,30.0,1.3
5HNB,ok,2078.0,163.0,30.0,1.3
5HW4,ok,1559.0,370.0,30.0,1.6
5HXP,ok,1168.0,218.0,30.0,1.0
5I0J,ok,1695.0,273.0,30.0,1.0
5I5S,ok,1499.0,217.0,30.0,1.1
5I5X,ok,1506.0,326.0,30.0,1.3
5I7A,ok,1964.0,530.0,30.0,2.2
5I7S,ok,1690.0,362.0,30.0,0.7
5I89,ok,1736.0,144.0,30.0,0.6
5II1,ok,1952.0,163.0,30.0,1.3
5IT1,ok,3091.0,1280.0,30.0,2.5
5IVC,ok,1513.0,134.0,30.0,0.7
5IXZ,ok,1388.0,547.0,30.0,0.7
5IZZ,ok,1724.0,53.0,30.0,0.7
5J1Q,ok,1677.0,67.0,30.0,0.7
5JA0,ok,1713.0,159.0,30.0,0.8
5JE0,ok,1332.0,330.0,30.0,0.7
5JOV,ok,1607.0,39.0,30.0,1.8
5JVE,ok,1433.0,151.0,30.0,0.8
5K8Z,ok,2233.0,1118.0,30.0,1.4
5KA7,ok,1202.0,43.0,30.0,0.6
5KCM,ok,2653.0,601.0,30.0,2.2
5KPZ,ok,1404.0,184.0,30.0,0.9
5KQ2,ok,3193.0,454.0,30.0,3.0
5KSY,ok,1685.0,51.0,30.0,0.7
5KVA,ok,1210.0,237.0,30.0,0.8
5L0T,ok,1214.0,169.0,30.0,1.0
5L9I,ok,1242.0,197.0,30.0,1.3
5LCK,ok,1208.0,189.0,30.0,0.7
5LHA,ok,2756.0,215.0,30.0,2.7
5LHT,ok,1333.0,0.0,30.0,1.5
5LPT,ok,1486.0,369.0,30.0,0.9
5LPZ,ok,1302.0,168.0,30.0,0.7
5LQS,ok,1377.0,88.0,30.0,0.9
5LSE,ok,2127.0,637.0,30.0,1.7
5LXC,ok,1804.0,306.0,30.0,1.5
5M0P,ok,2238.0,927.0,30.0,1.7
5M1R,ok,1057.0,133.0,30.0,0.8
5M53,ok,1495.0,94.0,30.0,0.6
5MAA,ok,2631.0,105.0,30.0,1.4
5MAG,ok,1217.0,153.0,30.0,0.7
5MJI,ok,1254.0,67.0,30.0,0.7
5MTP,ok,3630.0,2656.0,30.0,5.9
5MUL,ok,1102.0,66.0,30.0,1.0
5MY8,ok,1220.0,234.0,30.0,1.6
5N93,ok,1000.0,169.0,30.0,0.6
5NAK,ok,2727.0,653.0,30.0,1.8
5NCZ,ok,2041.0,101.0,30.0,1.4
5NFX,ok,1088.0,251.0,30.0,0.7
5NRW,ok,1937.0,112.0,30.0,0.7
5NTQ,ok,2047.0,500.0,30.0,1.0
5O08,ok,1759.0,946.0,30.0,1.0
5O48,ok,2589.0,415.0,30.0,2.8
5OBK,ok,1822.0,95.0,30.0,1.0
5ONZ,ok,1862.0,108.0,30.0,1.3
5OO9,ok,1487.0,86.0,30.0,0.6
5OP6,ok,1151.0,157.0,30.0,0.8
5OR6,ok,1035.0,156.0,30.0,0.9
5OT9,ok,1081.0,101.0,30.0,1.1
5OTH,ok,1875.0,426.0,30.0,1.9
5P9E,ok,1834.0,131.0,30.0,0.9
5Q1Q,no_protein_or_ligand,,,,
5QG0,no_protein_or_ligand,,,,
5QGD,no_protein_or_ligand,,,,
5QHX,ok,1639.0,26.0,30.0,0.6
5QIW,ok,1548.0,19.0,30.0,1.3
5QJP,ok,1493.0,219.0,30.0,1.8
5QQM,ok,1655.0,41.0,30.0,1.4
5QRO,ok,1593.0,69.0,30.0,1.0
5QS0,ok,1635.0,0.0,30.0,1.3
5QTM,ok,1569.0,160.0,30.0,1.9
5QXV,ok,1513.0,11.0,30.0,0.8
5QY8,no_protein_or_ligand,,,,
5R1Z,ok,1772.0,0.0,30.0,1.1
5R26,ok,1901.0,138.0,30.0,1.1
5R54,ok,1363.0,87.0,30.0,1.0
5RJX,ok,1743.0,77.0,30.0,0.8
5RMD,ok,2438.0,128.0,30.0,3.4
5RWP,ok,1228.0,25.0,30.0,1.6
5RZ8,ok,923.0,39.0,30.0,0.8
5RZQ,ok,1133.0,33.0,30.0,1.2
5RZU,ok,1179.0,32.0,30.0,1.3
5S7Y,ok,1608.0,357.0,30.0,2.0
5S8E,no_protein_or_ligand,,,,
5S9U,ok,2148.0,514.0,30.0,2.3
5SES,ok,2503.0,431.0,30.0,3.5
5SFS,ok,2455.0,213.0,30.0,3.2
5SGI,ok,2592.0,225.0,30.0,2.3
5T5Q,ok,2024.0,789.0,30.0,1.3
5TA6,ok,1065.0,184.0,30.0,0.8
5TC4,ok,1259.0,301.0,30.0,0.7
5TEG,ok,1028.0,215.0,30.0,0.9
5TF9,ok,1952.0,638.0,30.0,1.4
5TH5,ok,2441.0,600.0,30.0,1.5
5THH,ok,1090.0,58.0,30.0,0.6
5TK9,ok,1483.0,98.0,30.0,0.6
5TKN,ok,1218.0,107.0,30.0,0.9
5TPR,ok,2313.0,526.0,30.0,1.2
5TR6,ok,1558.0,135.0,30.0,0.6
5TUE,ok,2318.0,662.0,30.0,1.4
5TUF,ok,2434.0,844.0,30.0,1.4
5TV6,ok,1568.0,132.0,30.0,1.0
5TZG,ok,1558.0,91.0,30.0,0.6
5U08,ok,2029.0,53.0,30.0,1.2
5UG2,ok,1924.0,332.0,30.0,0.9
5UGH,ok,2385.0,366.0,30.0,3.1
5UID,ok,2013.0,148.0,30.0,3.4
5UL0,ok,1778.0,570.0,30.0,1.4
5UOY,ok,968.0,167.0,30.0,0.5
5UQU,ok,1744.0,193.0,30.0,1.5
5UXE,ok,2986.0,910.0,30.0,2.5
5V5N,ok,1241.0,138.0,30.0,0.8
5VAR,ok,1517.0,46.0,30.0,0.9
5VCZ,ok,1221.0,170.0,30.0,0.9
5VIJ,ok,1623.0,115.0,30.0,1.1
5VJP,ok,1671.0,185.0,30.0,0.8
5VOG,ok,1647.0,108.0,30.0,0.6
5VUA,ok,1348.0,165.0,30.0,0.7
5VUB,ok,1095.0,170.0,30.0,0.6
5VUY,ok,2250.0,699.0,30.0,1.3
5VW8,ok,1711.0,231.0,30.0,0.8
5VYQ,ok,1257.0,397.0,30.0,1.0
5VYR,ok,1686.0,230.0,30.0,0.9
5W27,ok,1921.0,382.0,30.0,0.7
5WA9,ok,1516.0,120.0,30.0,0.8
5WC4,ok,1550.0,422.0,30.0,1.4
5WDE,ok,1325.0,35.0,30.0,0.9
5WDH,ok,1915.0,47.0,30.0,1.2
5WFP,ok,1953.0,192.0,30.0,1.7
5WGS,ok,1572.0,493.0,30.0,1.2
5WM7,ok,1382.0,116.0,30.0,0.9
5WQR,ok,1344.0,29.0,26.0,0.5
5X7Z,ok,1729.0,52.0,30.0,0.8
5XD6,ok,1591.0,419.0,30.0,1.3
5XDE,ok,2972.0,588.0,30.0,3.4
5XDV,ok,1548.0,288.0,30.0,1.3
5XHR,ok,1021.0,115.0,30.0,0.7
5XXS,ok,2065.0,252.0,30.0,0.7
5XZF,ok,1915.0,316.0,30.0,1.1
5YG3,ok,1967.0,620.0,30.0,3.5
5YHE,ok,1942.0,238.0,30.0,1.8
5YSP,ok,1333.0,216.0,30.0,1.1
5YSS,ok,2365.0,488.0,30.0,1.2
5Z2V,ok,931.0,14.0,30.0,0.8
5ZA9,ok,1868.0,115.0,30.0,0.7
5ZHT,ok,1525.0,104.0,30.0,0.7
5ZRH,ok,1794.0,87.0,30.0,0.6
5ZRK,ok,2181.0,203.0,30.0,0.9
6AE9,ok,1316.0,49.0,30.0,0.8
6AFD,ok,1481.0,50.0,30.0,0.6
6AFJ,ok,1405.0,64.0,30.0,0.8
6AFT,ok,1884.0,80.0,30.0,1.6
6AQS,ok,1556.0,114.0,30.0,0.6
6ASM,ok,1010.0,148.0,30.0,0.8
6AUX,ok,2284.0,729.0,30.0,1.2
6AYR,ok,1930.0,487.0,30.0,1.2
6B3B,ok,1816.0,167.0,30.0,1.1
6BK3,ok,1053.0,112.0,30.0,0.6
6BME,ok,1652.0,433.0,30.0,1.1
6BMU,ok,1881.0,423.0,30.0,2.1
6BNN,ok,1759.0,91.0,30.0,1.0
6C8P,ok,1519.0,77.0,30.0,1.2
6CDR,ok,1349.0,222.0,30.0,1.4
6CHH,ok,2206.0,759.0,30.0,4.2
6CIF,ok,3058.0,1334.0,30.0,8.3
6CXK,ok,1798.0,139.0,30.0,1.0
6D2E,ok,1240.0,401.0,30.0,1.0
6DB2,ok,944.0,51.0,30.0,0.8
6DDP,ok,2549.0,1316.0,30.0,2.3
6DF4,ok,1640.0,120.0,30.0,1.0
6DQ8,ok,1242.0,128.0,30.0,1.3
6DSP,ok,1422.0,60.0,30.0,2.0
6DWA,ok,1657.0,97.0,30.0,2.0
6E1Z,ok,1485.0,118.0,30.0,1.3
6E2O,ok,1134.0,251.0,30.0,0.9
6EK3,ok,1417.0,105.0,30.0,1.0
6ELA,ok,1582.0,442.0,30.0,1.1
6ETD,ok,1005.0,67.0,30.0,1.0
6EUW,ok,1673.0,119.0,30.0,0.8
6EZ6,ok,2057.0,128.0,30.0,1.6
6F5Q,ok,1004.0,129.0,30.0,0.6
6F66,ok,1756.0,450.0,30.0,0.9
6F67,ok,1641.0,216.0,30.0,1.0
6F71,ok,2323.0,411.0,30.0,1.8
6FAC,ok,2081.0,158.0,30.0,1.3
6FCK,ok,1281.0,122.0,30.0,0.7
6FMD,ok,1208.0,363.0,30.0,0.7
6FOK,ok,2746.0,12.0,30.0,2.7
6FQ7,ok,1111.0,152.0,30.0,1.4
6FT2,ok,1661.0,26.0,30.0,0.6
6FYP,ok,1037.0,169.0,30.0,0.6
6G0Z,ok,1347.0,92.0,30.0,1.2
6G3Z,ok,1259.0,129.0,30.0,1.1
6G8B,ok,2268.0,72.0,30.0,1.4
6GA7,ok,1826.0,566.0,30.0,0.8
6GK0,ok,1184.0,391.0,30.0,0.6
6GLR,ok,1724.0,204.0,30.0,0.7
6GNA,ok,1638.0,210.0,30.0,0.8
6GO2,ok,1898.0,70.0,30.0,0.8
6GUR,ok,1365.0,98.0,30.0,0.7
6GXQ,ok,1437.0,192.0,30.0,1.1
6GXY,ok,1229.0,238.0,30.0,1.0
6H65,ok,2673.0,140.0,30.0,4.2
6H6L,ok,1930.0,419.0,30.0,4.1
6HAI,ok,2284.0,838.0,30.0,1.4
6HDP,ok,1022.0,145.0,30.0,0.9
6HE2,ok,1659.0,260.0,30.0,1.5
6HEY,ok,961.0,216.0,30.0,0.7
6HJK,ok,1315.0,280.0,30.0,0.6
6HL1,ok,1480.0,238.0,30.0,0.8
6HLE,ok,907.0,1.0,30.0,0.8
6HTO,ok,1502.0,255.0,30.0,1.3
6HWV,ok,1306.0,143.0,30.0,0.7
6I0R,ok,1475.0,81.0,30.0,0.7
6I4K,ok,1172.0,167.0,30.0,0.8
6I5M,ok,1217.0,92.0,30.0,0.8
6I7I,ok,1341.0,234.0,30.0,1.2
6IMO,ok,1527.0,228.0,30.0,1.3
6INF,ok,1337.0,143.0,30.0,0.9
6IRI,no_protein_or_ligand,,,,
6ISN,ok,1306.0,77.0,30.0,1.1
6ITJ,ok,1552.0,333.0,30.0,1.1
6IWI,ok,1381.0,122.0,30.0,0.9
6J1T,ok,1301.0,92.0,30.0,1.0
6J3C,ok,1146.0,375.0,30.0,0.7
6J5L,ok,1047.0,176.0,30.0,0.7
6JF7,ok,1403.0,263.0,30.0,0.6
6JI6,ok,1633.0,159.0,30.0,0.7
6JR2,ok,1114.0,332.0,30.0,1.1
6JSB,ok,1668.0,237.0,30.0,1.8
6K1M,ok,1956.0,87.0,30.0,2.4
6KGO,ok,1544.0,357.0,30.0,2.7
6KXH,ok,2400.0,530.0,30.0,2.3
6L1B,ok,2587.0,787.0,30.0,1.7
6LBL,ok,1616.0,94.0,30.0,0.6
6LOP,ok,2081.0,324.0,30.0,1.7
6LZJ,ok,1475.0,84.0,30.0,0.9
6M1T,ok,1412.0,225.0,30.0,0.8
6M74,ok,1220.0,143.0,30.0,0.7
6M8B,ok,1987.0,102.0,30.0,0.7
6M8V,ok,1941.0,88.0,30.0,0.7
6M93,ok,762.0,31.0,30.0,0.8
6MGB,ok,1240.0,105.0,30.0,0.9
6MT9,ok,1527.0,125.0,30.0,1.0
6MTF,ok,1706.0,328.0,30.0,1.2
6MVP,ok,2480.0,369.0,30.0,2.6
6MW7,ok,2706.0,602.0,30.0,3.7
6MWA,ok,1762.0,194.0,30.0,0.9
6N5F,ok,1888.0,178.0,30.0,0.8
6NA4,ok,3351.0,1007.0,30.0,2.7
6NLX,ok,2162.0,595.0,30.0,2.1
6NMQ,ok,1610.0,91.0,30.0,0.6
6NWG,ok,1938.0,378.0,30.0,2.6
6O49,ok,1099.0,138.0,30.0,0.9
6OP1,ok,3131.0,490.0,30.0,3.0
6P3T,ok,1334.0,142.0,30.0,1.0
6P6M,ok,1324.0,160.0,30.0,0.6
6P86,ok,1974.0,233.0,30.0,1.8
6PNN,ok,1355.0,132.0,30.0,0.9
6PPZ,ok,1811.0,124.0,30.0,1.2
6PQ8,ok,1407.0,54.0,30.0,0.9
6PRU,ok,1355.0,324.0,30.0,1.1
6Q0Y,ok,1805.0,291.0,30.0,1.8
6Q8Z,ok,2949.0,411.0,30.0,3.2
6Q96,ok,1731.0,349.0,30.0,0.9
6QGW,ok,987.0,0.0,30.0,0.8
6QOP,ok,1365.0,95.0,30.0,1.2
6QQJ,ok,1906.0,158.0,30.0,0.8
6QVT,ok,1430.0,200.0,30.0,1.3
6QZZ,ok,1611.0,199.0,30.0,1.1
6R1D,ok,1909.0,173.0,30.0,1.0
6R4B,ok,1599.0,196.0,30.0,1.0
6R5N,ok,2495.0,103.0,30.0,3.2
6R73,ok,1345.0,273.0,30.0,1.4
6RB3,ok,1778.0,327.0,30.0,2.3
6RF4,ok,2470.0,532.0,30.0,2.3
6RG8,ok,1393.0,104.0,30.0,0.9
6RMA,ok,2234.0,161.0,30.0,1.8
6RR1,ok,1752.0,513.0,30.0,1.3
6SBD,ok,1407.0,257.0,30.0,1.1
6SCH,ok,2955.0,870.0,30.0,2.0
6SK1,ok,1639.0,230.0,30.0,0.6
6SK9,ok,1865.0,91.0,30.0,0.8
6SPZ,ok,1633.0,7.0,30.0,0.7
6SQZ,ok,2061.0,72.0,30.0,1.2
6SR6,ok,2400.0,317.0,30.0,2.8
6T0D,ok,1526.0,140.0,30.0,1.2
6T3W,ok,1699.0,113.0,30.0,0.7
6T4S,ok,1185.0,0.0,30.0,0.6
6T6Z,ok,1743.0,188.0,30.0,0.6
6T9W,ok,2772.0,717.0,30.0,3.4
6TBO,ok,1073.0,19.0,30.0,1.3
6TI9,ok,1824.0,34.0,30.0,0.7
6TOR,ok,1891.0,165.0,30.0,1.5
6TS6,ok,1748.0,149.0,30.0,0.8
6TUG,ok,2115.0,183.0,30.0,10.5
6TXL,ok,2351.0,721.0,30.0,4.7
6U13,ok,1679.0,144.0,30.0,0.6
6U2X,ok,3977.0,0.0,30.0,5.7
6U32,ok,1844.0,135.0,30.0,1.2
6UH2,ok,1749.0,366.0,30.0,1.1
6UL0,ok,1919.0,183.0,30.0,0.9
6UQY,ok,1172.0,107.0,30.0,2.2
6UZX,ok,1758.0,151.0,30.0,1.6
6V59,ok,2013.0,830.0,30.0,1.7
6VD4,ok,1179.0,451.0,30.0,0.8
6VHE,ok,1975.0,258.0,30.0,1.9
6VIA,ok,1740.0,77.0,30.0,1.0
6VKZ,ok,879.0,143.0,30.0,1.0
6VLC,ok,2657.0,420.0,30.0,5.8
6VLG,ok,3023.0,507.0,30.0,5.1
6VOT,ok,1124.0,192.0,30.0,1.7
6VQL,ok,3190.0,264.0,30.0,3.2
6VZB,ok,1344.0,491.0,30.0,1.1
6W0N,ok,1751.0,275.0,30.0,1.8
6W26,ok,1781.0,62.0,30.0,1.9
6W3Z,ok,2650.0,812.0,30.0,2.9
6W5K,ok,1576.0,289.0,30.0,1.6
6WPR,ok,1230.0,431.0,30.0,2.2
6WUW,ok,3315.0,62.0,30.0,5.3
6WYC,ok,2392.0,840.0,30.0,3.7
6X0P,ok,2150.0,586.0,30.0,3.2
6X21,ok,1659.0,115.0,30.0,1.8
6X7Z,no_protein_or_ligand,,,,
6XAF,ok,1264.0,90.0,30.0,1.5
6XEW,ok,1650.0,258.0,30.0,1.7
6XF3,ok,1450.0,386.0,30.0,1.0
6XFV,ok,1837.0,614.0,30.0,1.7
6XSC,ok,1595.0,93.0,30.0,0.8
6XVA,ok,2001.0,443.0,30.0,2.1
6Y91,ok,2790.0,534.0,30.0,3.8
6YF4,ok,2294.0,129.0,30.0,3.0
6YTW,ok,1472.0,261.0,30.0,2.8
6YVS,ok,1974.0,572.0,30.0,3.8
6YWT,ok,1495.0,102.0,30.0,0.8
6YXI,ok,977.0,125.0,30.0,0.9
6Z52,ok,1856.0,392.0,30.0,2.2
6Z6A,ok,1653.0,179.0,30.0,1.7
6ZU8,ok,1704.0,21.0,30.0,0.9
6ZUH,ok,1490.0,105.0,30.0,1.1
6ZXW,ok,1050.0,131.0,30.0,1.1
7A16,ok,921.0,114.0,30.0,0.8
7A1P,ok,1555.0,66.0,30.0,1.2
7A3W,ok,1289.0,462.0,30.0,1.5
7AAW,ok,1996.0,652.0,30.0,2.4
7AC8,ok,2039.0,339.0,30.0,4.3
7AN5,ok,1325.0,133.0,30.0,1.4
7AQ9,ok,1356.0,112.0,30.0,2.6
7AQG,ok,1115.0,0.0,30.0,1.6
7ATO,ok,1069.0,56.0,30.0,2.1
7AVU,ok,1853.0,193.0,30.0,3.5
7B37,ok,814.0,91.0,30.0,0.9
7B4R,ok,1687.0,242.0,30.0,1.0
7B7F,ok,1116.0,40.0,30.0,1.0
7B9Z,ok,1619.0,205.0,30.0,0.8
7BB4,ok,1123.0,30.0,30.0,1.0
7BDT,ok,1390.0,83.0,30.0,0.9
7BGG,ok,1564.0,135.0,30.0,0.9
7BLW,ok,914.0,113.0,30.0,0.9
7BRZ,ok,1758.0,65.0,30.0,1.5
7C6B,ok,1091.0,96.0,30.0,1.6
7C7O,ok,1468.0,118.0,30.0,1.6
7CBH,ok,1824.0,106.0,30.0,2.7
7CEP,ok,893.0,104.0,30.0,1.4
7CJ9,ok,2314.0,474.0,30.0,21.9
7CNN,ok,2911.0,539.0,30.0,20.4
7CNY,ok,1475.0,185.0,30.0,1.8
7CRK,ok,1732.0,113.0,30.0,1.3
7DAZ,ok,1556.0,577.0,30.0,1.8
7DIA,ok,2349.0,65.0,30.0,2.5
7DK8,ok,1799.0,141.0,30.0,1.9
7DMG,ok,1721.0,400.0,30.0,1.3
7EFJ,ok,1547.0,137.0,30.0,0.6
7EMZ,ok,1775.0,179.0,30.0,1.8
7EPR,ok,1980.0,890.0,30.0,2.3
7EX9,ok,1543.0,14.0,30.0,0.7
7EYS,ok,2076.0,225.0,30.0,2.5
7EZQ,ok,1110.0,165.0,30.0,1.1
7F74,ok,2576.0,318.0,30.0,2.5
7F7L,ok,1476.0,338.0,30.0,0.8
7FNZ,ok,1184.0,79.0,30.0,1.6
7FOF,ok,1170.0,54.0,30.0,1.5
7FQF,ok,1546.0,366.0,30.0,0.9
7FSL,ok,1881.0,89.0,30.0,1.5
7FT9,ok,1911.0,90.0,30.0,1.5
7FU2,ok,1422.0,118.0,30.0,0.6
7FVL,ok,1738.0,108.0,30.0,0.8
7FY9,ok,1911.0,255.0,30.0,0.5
7GQS,ok,1261.0,103.0,30.0,0.9
7H43,ok,1513.0,48.0,30.0,0.5
7H6P,ok,1811.0,0.0,30.0,1.2
7HG6,ok,1458.0,64.0,30.0,0.9
7HTK,ok,2211.0,200.0,30.0,0.9
7ILP,ok,1582.0,36.0,30.0,0.5
7IPR,no_protein_or_ligand,,,,
7IPS,no_protein_or_ligand,,,,
7JJA,ok,1746.0,94.0,30.0,0.6
7JUC,ok,1654.0,46.0,30.0,0.8
7JW9,ok,3328.0,685.0,30.0,2.3
7K99,ok,1608.0,276.0,30.0,1.0
7KD7,ok,1434.0,426.0,30.0,0.7
7KEP,ok,1865.0,108.0,30.0,0.8
7KGX,ok,1353.0,148.0,30.0,0.6
7KHQ,ok,1296.0,149.0,30.0,1.0
7KZ9,ok,1368.0,58.0,30.0,1.9
7L36,ok,1337.0,158.0,30.0,1.3
7L5P,ok,1473.0,409.0,30.0,1.4
7L92,ok,1920.0,239.0,30.0,1.7
7L9T,ok,1833.0,149.0,30.0,0.6
7LEO,ok,1519.0,132.0,30.0,0.7
7LTS,ok,1692.0,213.0,30.0,1.1
7LUI,ok,1560.0,84.0,30.0,0.6
7MDA,ok,945.0,0.0,30.0,0.7
7MDN,ok,2895.0,771.0,30.0,1.6
7MMC,ok,1612.0,183.0,30.0,0.7
7MNS,ok,1500.0,55.0,30.0,0.7
7MS5,ok,1584.0,102.0,30.0,0.7
7MSD,ok,1245.0,70.0,30.0,0.8
7MT5,ok,1207.0,198.0,30.0,0.8
7MXG,ok,3185.0,292.0,30.0,3.3
7N13,ok,1215.0,315.0,30.0,1.3
7NNR,ok,1557.0,121.0,30.0,0.9
7NP6,ok,1597.0,193.0,30.0,0.8
7NRE,ok,927.0,0.0,30.0,0.7
7O25,ok,1353.0,295.0,30.0,0.7
7O8F,ok,1779.0,122.0,30.0,0.6
7OFC,ok,2062.0,47.0,30.0,0.7
7OKL,ok,1682.0,111.0,30.0,0.7
7OLI,ok,1374.0,159.0,30.0,0.9
7OQF,ok,1112.0,213.0,30.0,0.8
7ORF,ok,1191.0,161.0,30.0,0.7
7P0R,ok,2436.0,1284.0,30.0,3.0
7P1D,ok,1260.0,156.0,30.0,1.1
7P2V,ok,826.0,37.0,30.0,0.6
7P46,ok,3859.0,2003.0,30.0,3.4
7PA4,ok,1207.0,32.0,30.0,1.0
7PAE,ok,2055.0,363.0,30.0,0.6
7PDQ,ok,1712.0,198.0,30.0,0.6
7PL1,ok,1901.0,90.0,30.0,0.9
7PUV,ok,2325.0,393.0,30.0,1.4
7Q2C,ok,1447.0,87.0,30.0,0.9
7Q8V,ok,1455.0,92.0,30.0,0.8
7QMS,ok,1724.0,144.0,30.0,0.7
7QQA,ok,2745.0,450.0,30.0,1.5
7QTY,ok,1243.0,187.0,30.0,0.7
7QVU,ok,1573.0,68.0,30.0,0.5
7QZU,ok,3780.0,0.0,30.0,9.7
7R0N,ok,1588.0,236.0,30.0,0.7
7RDO,ok,1555.0,30.0,30.0,1.2
7RDT,ok,1772.0,41.0,30.0,1.5
7REZ,ok,1382.0,209.0,30.0,1.4
7RKB,ok,1558.0,23.0,30.0,0.5
7ROM,ok,1313.0,119.0,30.0,0.6
7RYA,ok,1729.0,550.0,30.0,1.1
7S5F,ok,2600.0,1043.0,30.0,2.3
7SF0,ok,1475.0,120.0,30.0,0.6
7SPV,ok,1376.0,36.0,30.0,0.5
7SZD,ok,1885.0,278.0,30.0,1.8
7T3E,ok,1420.0,270.0,30.0,1.4
7TLQ,ok,1496.0,67.0,30.0,1.3
7TNF,ok,902.0,359.0,30.0,0.8
7TW8,ok,1541.0,67.0,30.0,0.9
7U4I,ok,1548.0,0.0,30.0,1.0
7U69,ok,1270.0,68.0,30.0,1.2
7UC9,ok,1630.0,451.0,30.0,1.5
7UER,ok,1432.0,177.0,30.0,1.0
7UHX,ok,1766.0,601.0,30.0,1.8
7ULU,ok,1596.0,88.0,30.0,1.3
7UXO,ok,1402.0,0.0,30.0,0.8
7V3R,ok,1411.0,206.0,30.0,0.8
7W1I,ok,1388.0,161.0,30.0,1.6
7W8N,ok,2137.0,494.0,30.0,4.2
7WDT,ok,1646.0,152.0,30.0,1.5
7WGH,ok,1219.0,251.0,30.0,1.1
7XE1,ok,2262.0,478.0,30.0,4.5
7XFA,ok,1600.0,61.0,30.0,1.1
7XNC,ok,1511.0,185.0,30.0,1.2
7XPQ,ok,1988.0,878.0,30.0,1.3
7XUQ,ok,1526.0,106.0,30.0,0.9
7XWU,ok,1599.0,398.0,30.0,2.4
7XX0,ok,4119.0,1056.0,30.0,12.2
7XYK,ok,2525.0,919.0,30.0,3.9
7XZG,ok,2248.0,792.0,30.0,1.9
7Y2R,ok,1416.0,81.0,30.0,0.5
7YOP,ok,1778.0,364.0,30.0,0.9
7YRA,no_protein_or_ligand,,,,
7Z41,ok,1435.0,81.0,30.0,0.8
7ZIH,ok,1538.0,192.0,30.0,0.7
7ZRN,ok,1881.0,101.0,30.0,1.0
7ZUN,ok,1344.0,141.0,30.0,0.6
7ZZJ,ok,1376.0,62.0,30.0,0.7
8A2I,ok,1176.0,422.0,30.0,0.9
8A3N,ok,2085.0,596.0,30.0,1.7
8A66,ok,1438.0,385.0,30.0,1.4
8ABR,ok,1395.0,244.0,30.0,0.8
8AID,ok,1682.0,373.0,30.0,1.2
8AMO,ok,1217.0,273.0,30.0,1.0
8AN6,ok,1141.0,364.0,30.0,1.1
8AN8,ok,1338.0,352.0,30.0,1.2
8B0Z,ok,1486.0,107.0,30.0,0.6
8BDF,ok,3034.0,524.0,30.0,9.2
8BGX,ok,2300.0,960.0,30.0,4.7
8BIY,ok,1518.0,129.0,30.0,1.2
8BLR,ok,1721.0,85.0,30.0,0.5
8BR1,ok,2884.0,746.0,30.0,3.5
8BRB,ok,1687.0,105.0,30.0,1.1
8BZ6,ok,3298.0,958.0,30.0,13.0
8C1A,ok,1264.0,59.0,30.0,1.7
8C7Y,ok,1771.0,410.0,30.0,3.0
8C8C,ok,1063.0,201.0,30.0,0.9
8CES,ok,1480.0,272.0,30.0,1.7
8CET,ok,1453.0,297.0,30.0,1.4
8CFE,ok,2944.0,912.0,30.0,3.7
8CK9,ok,1377.0,258.0,30.0,1.1
8CRK,ok,1515.0,37.0,30.0,0.6
8CTV,no_protein_or_ligand,,,,
8CUH,ok,1716.0,521.0,30.0,1.3
8D1P,ok,1139.0,115.0,30.0,1.3
8D6F,ok,1647.0,321.0,30.0,1.3
8DE5,ok,847.0,230.0,30.0,0.9
8E4F,ok,1685.0,391.0,30.0,1.3
8E9D,ok,1561.0,75.0,30.0,1.5
8EFJ,ok,1469.0,166.0,30.0,1.6
8EVZ,ok,1708.0,407.0,30.0,3.0
8FET,ok,2229.0,530.0,30.0,2.0
8FQO,ok,1227.0,234.0,30.0,1.5
8FQX,ok,1432.0,115.0,30.0,0.8
8FTA,ok,1765.0,83.0,30.0,1.2
8FUX,ok,1742.0,618.0,30.0,1.6
8FXT,ok,1661.0,32.0,30.0,1.3
8G8O,ok,1572.0,374.0,30.0,1.6
8GBU,ok,1662.0,510.0,30.0,1.8
8GC8,ok,1114.0,104.0,30.0,1.1
8GFM,ok,1167.0,87.0,30.0,1.4
8GLZ,ok,1059.0,248.0,30.0,0.9
8GM4,ok,1555.0,226.0,30.0,1.8
8H7B,ok,1351.0,380.0,30.0,1.4
8HNF,ok,1601.0,43.0,30.0,0.9
8HO0,ok,1424.0,400.0,30.0,1.3
8HOI,ok,2098.0,809.0,30.0,1.9
8I2R,ok,1007.0,34.0,30.0,1.0
8II0,ok,1273.0,107.0,30.0,1.0
8IL9,ok,1747.0,166.0,30.0,0.8
8IXZ,ok,1462.0,655.0,30.0,3.2
8JCR,ok,1546.0,45.0,30.0,1.8
8JDE,ok,1373.0,299.0,30.0,0.9
8JM6,ok,1356.0,404.0,30.0,1.4
8JRD,ok,1556.0,607.0,30.0,2.4
8K32,ok,2361.0,752.0,30.0,6.5
8K4H,ok,1515.0,191.0,30.0,2.4
8K71,ok,853.0,131.0,30.0,0.8
8KE3,ok,1404.0,241.0,30.0,1.2
8OMI,ok,1748.0,91.0,30.0,1.3
8PGC,ok,1796.0,172.0,30.0,1.2
8PPC,ok,1442.0,326.0,30.0,1.9
8PVM,ok,2318.0,120.0,30.0,2.7
8Q2Z,ok,2035.0,407.0,30.0,2.2
8Q61,ok,1506.0,225.0,30.0,1.2
8Q6G,ok,1052.0,145.0,30.0,1.4
8Q9W,ok,1418.0,299.0,30.0,2.2
8QF1,ok,1673.0,161.0,30.0,2.1
8QFJ,ok,1138.0,121.0,30.0,2.1
8QQB,ok,1958.0,276.0,30.0,3.3
8QS6,ok,1836.0,155.0,30.0,1.4
8QTH,ok,1296.0,170.0,30.0,1.8
8QVU,ok,2276.0,139.0,30.0,3.4
8QX2,ok,2816.0,608.0,30.0,3.1
8R06,ok,1160.0,34.0,30.0,2.0
8R0W,ok,1242.0,85.0,30.0,1.5
8R1T,ok,1445.0,117.0,30.0,1.3
8R3Q,ok,2652.0,454.0,30.0,17.5
8R5M,ok,1887.0,73.0,30.0,3.9
8RBY,ok,1606.0,2.0,30.0,2.8
8SMU,ok,1961.0,320.0,30.0,7.5
8SRL,ok,2735.0,199.0,30.0,4.1
8SRX,ok,1466.0,547.0,30.0,1.1
8TAB,ok,1638.0,59.0,30.0,1.3
8TBL,ok,2045.0,963.0,30.0,2.4
8TNC,ok,1669.0,381.0,30.0,1.1
8TS5,ok,1604.0,0.0,30.0,2.3
8U0I,ok,1262.0,119.0,29.0,0.8
8UDE,ok,2031.0,120.0,30.0,1.4
8UF3,ok,1497.0,808.0,30.0,0.8
8USF,ok,1066.0,97.0,30.0,1.5
8UZO,ok,3467.0,72.0,30.0,3.7
8V75,ok,1717.0,156.0,30.0,0.8
8VA5,ok,1069.0,165.0,30.0,0.8
8VME,ok,1099.0,182.0,30.0,0.7
8W3U,ok,1549.0,749.0,30.0,1.0
8WHO,ok,1196.0,162.0,30.0,0.6
8WZ9,ok,1126.0,176.0,30.0,0.8
8X69,ok,1088.0,170.0,30.0,0.6
8XIM,ok,2517.0,78.0,30.0,2.1
8XP4,ok,2321.0,123.0,30.0,1.7
8XRH,ok,1295.0,187.0,30.0,0.9
8Y12,ok,1657.0,498.0,30.0,0.9
8YO0,ok,1901.0,121.0,30.0,0.9
8Z8R,ok,2289.0,429.0,30.0,1.8
8ZWQ,ok,2032.0,102.0,30.0,1.5
9AUZ,ok,1193.0,297.0,30.0,0.9
9BLH,ok,1488.0,302.0,30.0,1.2
9BOE,ok,1829.0,178.0,30.0,1.1
9C3Z,ok,1798.0,231.0,30.0,1.1
9C8A,ok,1959.0,662.0,30.0,1.4
9C8Z,no_protein_or_ligand,,,,
9CDM,ok,1164.0,145.0,30.0,0.7
9CG2,ok,1346.0,219.0,30.0,0.7
9CKW,no_protein_or_ligand,,,,
9CST,ok,1869.0,116.0,30.0,0.6
9DFM,ok,1556.0,764.0,30.0,1.8
9DGD,ok,1602.0,258.0,30.0,0.9
9DHB,ok,2642.0,393.0,30.0,3.0
9EZT,ok,2778.0,911.0,30.0,2.3
9F4L,ok,1798.0,0.0,30.0,1.3
9FBN,ok,3500.0,1103.0,30.0,4.5
9G5F,ok,2886.0,163.0,30.0,6.8
9G8C,ok,2201.0,554.0,30.0,1.9
9GHX,ok,1692.0,74.0,30.0,0.6
9GJX,ok,3174.0,661.0,30.0,2.8
9GNS,ok,958.0,101.0,30.0,0.9
9GZ4,ok,1203.0,164.0,30.0,0.7
9HAO,ok,3748.0,85.0,30.0,5.9
9HF8,ok,1570.0,45.0,30.0,0.6
9HFB,ok,1667.0,73.0,30.0,0.7
9HK5,ok,1356.0,130.0,30.0,1.0
9HKB,ok,1978.0,276.0,30.0,1.1
9HWQ,ok,2006.0,103.0,30.0,0.7
9IST,ok,2536.0,685.0,30.0,1.5
9JOB,ok,1665.0,743.0,30.0,1.2
9M5F,ok,1697.0,169.0,30.0,0.7
9MH2,ok,1954.0,106.0,30.0,0.6
9NQX,ok,1991.0,322.0,30.0,1.4
9O73,ok,1211.0,89.0,30.0,0.7
9OLZ,ok,975.0,132.0,30.0,0.7
9PGX,ok,1561.0,134.0,30.0,0.7
9QZ5,ok,2604.0,920.0,30.0,1.6
9RDP,ok,1982.0,72.0,30.0,0.6
9RP2,ok,1867.0,204.0,30.0,1.2
9S2P,ok,1500.0,137.0,30.0,0.6
9S3Y,ok,2111.0,465.0,30.0,1.1
9S5L,ok,1359.0,178.0,30.0,1.1
9T3F,ok,1761.0,127.0,30.0,0.7
9T8A,ok,3503.0,1482.0,30.0,1.9
9V3A,ok,1335.0,144.0,30.0,0.5
9VEP,ok,1170.0,52.0,30.0,0.8
9VFA,ok,2101.0,259.0,30.0,2.2
9VP6,ok,1677.0,82.0,30.0,2.4
9VSS,ok,1477.0,134.0,30.0,0.8
9WM4,ok,1535.0,77.0,30.0,1.0
9X0E,ok,1580.0,328.0,30.0,1.2
9ZEG,ok,1030.0,358.0,30.0,0.6
