pdb,status,n_sites,n_cands,best_dca,hit,hit_groove,hit_cavity,pep_res,seconds
10KU,ok,4.0,49.0,0.6428236660350407,1.0,1.0,1.0,52.0,14.4
12ZJ,ok,3.0,48.0,0.621134648286571,1.0,1.0,1.0,29.0,10.9
1APV,no_receptor_or_peptide,,,,,,,,
1AQC,ok,2.0,45.0,0.32557865179824697,1.0,1.0,1.0,20.0,10.1
1B8D,ok,1.0,43.0,3.431492228186865,1.0,0.0,1.0,5.0,8.4
1C5F,no_receptor_or_peptide,,,,,,,,
1CZY,ok,2.0,44.0,6.582305881710793,0.0,0.0,0.0,14.0,7.3
1D00,ok,8.0,43.0,0.23525381395738884,1.0,1.0,1.0,40.0,14.5
1D4T,ok,1.0,45.0,0.5655586907630313,1.0,1.0,1.0,11.0,11.6
1D5M,ok,1.0,50.0,0.5163530275287967,1.0,1.0,1.0,5.0,10.5
1D5X,no_receptor_or_peptide,,,,,,,,
1DDV,ok,1.0,42.0,0.9756382274123758,1.0,1.0,1.0,6.0,7.1
1E54,ok,1.0,47.0,4.472404286550266,0.0,0.0,0.0,8.0,8.1
1E6I,ok,1.0,43.0,0.19222654602163994,1.0,0.0,1.0,5.0,7.4
1G65,no_receptor_or_peptide,,,,,,,,
1GBB,ok,1.0,46.0,0.7585443946242819,1.0,1.0,1.0,3.0,10.4
1GYB,ok,4.0,44.0,0.6870354573833779,1.0,1.0,1.0,15.0,7.4
1H0G,no_receptor_or_peptide,,,,,,,,
1H9L,ok,1.0,43.0,0.6027010075861691,1.0,1.0,1.0,4.0,7.6
1IHJ,ok,2.0,44.0,0.8369252179100866,1.0,1.0,1.0,10.0,8.2
1IZE,ok,1.0,47.0,0.5991725756626578,1.0,1.0,1.0,3.0,7.7
1J19,ok,1.0,47.0,1.3544801997369695,1.0,0.0,1.0,16.0,7.8
1J2X,ok,1.0,43.0,0.9880123357626343,1.0,1.0,1.0,18.0,7.3
1K2D,ok,1.0,46.0,0.33903584082415894,1.0,0.0,1.0,12.0,8.9
1KYF,ok,1.0,47.0,0.8968234024711764,1.0,0.0,1.0,5.0,8.4
1KZO,ok,1.0,45.0,0.883205162724811,1.0,1.0,1.0,6.0,9.6
1LVM,ok,3.0,48.0,0.5397983765886496,1.0,1.0,1.0,19.0,8.5
1M72,ok,3.0,49.0,0.3209359105967455,1.0,1.0,1.0,12.0,23.1
1MFG,ok,1.0,40.0,0.6768497749102106,1.0,1.0,1.0,9.0,8.0
1N0W,no_receptor_or_peptide,,,,,,,,
1N4Q,ok,6.0,49.0,0.8000838280553071,1.0,1.0,1.0,30.0,69.0
1N7F,ok,2.0,45.0,0.6588310758224337,1.0,1.0,1.0,16.0,7.6
1NJT,no_receptor_or_peptide,,,,,,,,
1NU2,ok,1.0,45.0,0.3660217904614598,1.0,1.0,1.0,10.0,12.0
1NX0,ok,3.0,44.0,0.5930766231788364,1.0,1.0,1.0,28.0,14.4
1NX1,ok,2.0,44.0,0.40836826224841793,1.0,0.0,1.0,22.0,14.0
1OEB,ok,2.0,44.0,0.4177912501735259,1.0,1.0,1.0,24.0,8.4
1OJ5,ok,1.0,42.0,1.1353701488761565,1.0,1.0,1.0,14.0,7.8
1OSZ,ok,1.0,46.0,0.543870970812655,1.0,1.0,1.0,8.0,8.8
1OU8,ok,2.0,41.0,0.708729303294524,1.0,1.0,1.0,19.0,7.6
1OXQ,ok,1.0,49.0,0.24210163694571063,1.0,0.0,1.0,4.0,9.2
1PDQ,ok,1.0,32.0,0.17581129834775128,1.0,1.0,1.0,8.0,4.5
1PJ8,ok,1.0,44.0,0.31213150093592634,1.0,1.0,1.0,6.0,7.5
1PU9,ok,1.0,42.0,0.6709729282247202,1.0,1.0,1.0,15.0,6.0
1Q3L,ok,1.0,33.0,0.6904310359562569,1.0,1.0,1.0,5.0,5.4
1QIX,ok,1.0,43.0,0.7931256224060597,1.0,1.0,1.0,4.0,7.4
1QLS,ok,1.0,41.0,0.9322801398899341,1.0,1.0,1.0,11.0,5.8
1QNG,no_receptor_or_peptide,,,,,,,,
1QNH,no_receptor_or_peptide,,,,,,,,
1QSN,ok,1.0,39.0,0.5068628296599637,1.0,1.0,1.0,11.0,6.0
1SDZ,ok,1.0,41.0,0.8393771624315565,1.0,1.0,1.0,7.0,5.9
1SZA,ok,1.0,44.0,0.559645589314993,1.0,1.0,1.0,8.0,6.4
1T0J,ok,1.0,45.0,0.6842696912104752,1.0,0.0,1.0,16.0,8.6
1T29,ok,1.0,48.0,0.34230493404321666,1.0,1.0,1.0,11.0,8.4
1T2W,ok,1.0,47.0,0.1794963202752396,1.0,1.0,1.0,5.0,8.9
1TK2,ok,1.0,42.0,0.5999501816365295,1.0,1.0,1.0,6.0,9.5
1TN8,ok,1.0,48.0,1.138502734144442,1.0,1.0,1.0,5.0,12.5
1TW6,ok,2.0,44.0,0.23980896098056015,1.0,0.0,1.0,10.0,11.0
1TWB,ok,2.0,43.0,0.33623505207697024,1.0,1.0,1.0,16.0,10.2
1U00,ok,1.0,45.0,0.7295996700040719,1.0,1.0,1.0,9.0,10.8
1U9L,ok,1.0,42.0,0.30702494279167775,1.0,1.0,1.0,7.0,9.9
1UPK,ok,1.0,46.0,0.5845330200906177,1.0,0.0,1.0,4.0,12.7
1VAI,ok,1.0,41.0,0.317986830842233,1.0,1.0,1.0,4.0,10.1
1WRZ,ok,1.0,43.0,0.5221724823130359,1.0,1.0,1.0,19.0,10.6
1WS5,ok,1.0,45.0,0.46014629086468795,1.0,1.0,1.0,66.0,10.2
1Y7L,ok,1.0,43.0,0.4268888450591735,1.0,1.0,1.0,4.0,8.7
1Y98,ok,1.0,47.0,1.1575370681238428,1.0,1.0,1.0,11.0,10.3
1YJM,ok,3.0,46.0,3.38994339249017,1.0,0.0,1.0,16.0,10.8
1YUC,ok,2.0,44.0,0.9270054282889737,1.0,0.0,1.0,25.0,11.3
1YYP,ok,1.0,42.0,0.8066439548943977,1.0,1.0,1.0,20.0,11.6
1Z8G,ok,1.0,46.0,0.3407505381974544,1.0,1.0,1.0,3.0,11.6
1Z9O,ok,4.0,44.0,0.5454972103293695,1.0,0.0,1.0,54.0,14.2
1ZDT,ok,2.0,47.0,0.6287177558593655,1.0,1.0,1.0,23.0,14.0
21AW,ok,3.0,48.0,0.3248135130069924,1.0,1.0,1.0,17.0,24.8
21EE,ok,1.0,43.0,1.4549630690945285,1.0,0.0,1.0,5.0,16.1
29KL,ok,1.0,49.0,0.712132560260278,1.0,1.0,1.0,13.0,15.8
2AK5,ok,1.0,41.0,0.8778067963589329,1.0,0.0,1.0,8.0,12.3
2ARQ,ok,1.0,42.0,0.4098242343457104,1.0,1.0,1.0,14.0,9.9
2ARR,ok,1.0,45.0,0.5479656302430457,1.0,1.0,1.0,14.0,10.6
2ASU,ok,1.0,45.0,0.6714810199565676,1.0,1.0,1.0,4.0,12.6
2B2W,ok,1.0,45.0,1.2788566597456255,1.0,1.0,0.0,4.0,14.8
2B9H,ok,1.0,46.0,1.0090294194244,1.0,1.0,1.0,12.0,10.8
2CHN,ok,2.0,48.0,18.045605542859217,0.0,0.0,0.0,24.0,19.8
2CNY,ok,1.0,43.0,0.6459040136433117,1.0,1.0,1.0,20.0,8.0
2CO4,ok,1.0,44.0,0.4861032140510294,1.0,1.0,1.0,20.0,9.4
2D0N,ok,2.0,39.0,0.6507886896100051,1.0,1.0,1.0,18.0,8.0
2EGN,ok,1.0,40.0,4.687087539133892,0.0,0.0,0.0,5.0,9.3
2F4O,ok,1.0,45.0,0.7437114627299478,1.0,1.0,1.0,3.0,9.7
2FF4,ok,1.0,44.0,3.324397405715941,1.0,0.0,1.0,12.0,10.8
2FFF,ok,1.0,47.0,1.1800483677870592,1.0,1.0,1.0,15.0,11.6
2FFU,ok,1.0,45.0,1.654462509650241,1.0,1.0,1.0,9.0,10.7
2FGE,ok,2.0,48.0,1.414040860301487,1.0,1.0,1.0,12.0,17.8
2FGR,ok,1.0,46.0,5.397681272028213,0.0,0.0,0.0,8.0,12.5
2FIV,no_receptor_or_peptide,,,,,,,,
2FLW,ok,1.0,45.0,0.7823119764202768,1.0,1.0,1.0,14.0,10.5
2FMH,ok,1.0,43.0,0.8976099394475636,1.0,1.0,1.0,11.0,8.9
2FTS,ok,1.0,48.0,0.6385303693985405,1.0,0.0,1.0,13.0,10.9
2G2L,ok,1.0,43.0,0.6624530893363487,1.0,1.0,1.0,4.0,9.4
2G30,ok,1.0,46.0,1.0937699526175537,1.0,1.0,1.0,16.0,11.9
2G58,ok,1.0,43.0,1.1081790808308576,1.0,1.0,1.0,4.0,10.4
2G9H,ok,1.0,47.0,0.591514595960054,1.0,1.0,1.0,13.0,12.8
2GGM,ok,1.0,49.0,0.4648999023024646,1.0,1.0,1.0,34.0,11.7
2GHQ,ok,2.0,47.0,0.7175651106896054,1.0,1.0,1.0,10.0,14.3
2GHT,ok,2.0,44.0,1.2379334179642714,1.0,1.0,1.0,11.0,15.7
2H54,ok,1.0,47.0,1.0152352227760184,1.0,1.0,1.0,3.0,12.3
2H5D,ok,1.0,42.0,0.7468205004043995,1.0,1.0,1.0,3.0,12.0
2H6M,ok,1.0,43.0,0.672054482270852,1.0,1.0,1.0,3.0,10.6
2HDX,ok,6.0,48.0,0.35574847766581524,1.0,1.0,1.0,40.0,15.9
2HL3,ok,1.0,42.0,0.046069319389464326,1.0,1.0,1.0,3.0,12.8
2ICW,ok,2.0,46.0,0.7015946395764507,1.0,1.0,1.0,26.0,18.2
2IFR,ok,1.0,42.0,0.7632998978466317,1.0,1.0,1.0,6.0,10.1
2J6O,ok,1.0,33.0,0.7290667305235483,1.0,1.0,1.0,7.0,7.0
2JAM,ok,2.0,41.0,11.935691445090917,0.0,0.0,0.0,10.0,8.2
2JDL,ok,2.0,49.0,0.7769017228700839,1.0,1.0,1.0,19.0,12.2
2JGB,ok,1.0,44.0,1.8491598852587088,1.0,1.0,1.0,16.0,9.8
2JK9,ok,1.0,43.0,1.5952891766381283,1.0,0.0,1.0,8.0,9.2
2JKG,ok,1.0,41.0,2.674076548065478,1.0,1.0,1.0,8.0,8.7
2O88,ok,2.0,43.0,0.8033111327486462,1.0,1.0,1.0,20.0,9.0
2OJU,no_receptor_or_peptide,,,,,,,,
2OVR,ok,1.0,44.0,0.7333269483883584,1.0,1.0,1.0,7.0,10.6
2P1Q,ok,1.0,46.0,1.0076523693052306,1.0,1.0,1.0,13.0,8.6
2P6B,ok,1.0,46.0,0.41041733087459126,1.0,1.0,1.0,13.0,12.6
2PBK,ok,2.0,46.0,1.8121076485904168,1.0,1.0,1.0,8.0,8.1
2PC4,ok,1.0,41.0,1.3375011134529853,1.0,1.0,1.0,3.0,10.8
2PNX,ok,1.0,45.0,0.42785893731014385,1.0,1.0,1.0,17.0,7.2
2PQW,ok,1.0,48.0,7.445128724333107,0.0,0.0,0.0,8.0,8.2
2PUY,ok,1.0,44.0,0.9574387569583931,1.0,1.0,1.0,10.0,6.9
2Q6W,ok,2.0,48.0,0.1915398270554349,1.0,0.0,1.0,23.0,8.5
2QIC,ok,1.0,27.0,0.6054022341172406,1.0,1.0,1.0,7.0,4.3
2R0Y,no_receptor_or_peptide,,,,,,,,
2R9Q,ok,2.0,45.0,0.7802289609892874,1.0,1.0,1.0,16.0,9.1
2RDL,ok,2.0,47.0,1.0292108508753932,1.0,1.0,1.0,6.0,8.0
2REM,ok,1.0,46.0,1.916221160822552,1.0,1.0,0.0,8.0,8.1
2RHI,no_receptor_or_peptide,,,,,,,,
2RI7,ok,1.0,43.0,1.4972874362214694,1.0,1.0,1.0,5.0,7.2
2RKZ,ok,3.0,48.0,0.6888922925030827,1.0,1.0,1.0,117.0,8.5
2V1R,ok,3.0,45.0,0.8927601705622663,1.0,1.0,1.0,21.0,8.2
2V1T,ok,2.0,43.0,0.9369175276865109,1.0,1.0,1.0,24.0,6.2
2V3S,ok,2.0,41.0,1.0960932609947631,1.0,1.0,1.0,11.0,5.6
2V86,ok,2.0,45.0,0.32379239522272507,1.0,1.0,1.0,14.0,7.9
2V89,ok,2.0,43.0,0.6019243380021344,1.0,1.0,1.0,18.0,6.3
2V8X,ok,2.0,47.0,0.6130781331669475,1.0,1.0,1.0,28.0,7.1
2VIF,ok,1.0,46.0,0.46151963881207203,1.0,1.0,1.0,8.0,6.6
2VNF,ok,1.0,45.0,0.5218997096860981,1.0,1.0,1.0,14.0,6.6
2VPE,ok,2.0,45.0,0.965523402166512,1.0,1.0,1.0,12.0,6.7
2VZD,ok,2.0,45.0,0.527327574659003,1.0,1.0,1.0,26.0,6.6
2VZG,ok,1.0,42.0,0.8517579955397818,1.0,1.0,1.0,15.0,6.6
2W0Z,ok,1.0,38.0,0.49254889578200606,1.0,1.0,1.0,9.0,6.0
2WA8,ok,2.0,43.0,0.3893008163649995,1.0,0.0,1.0,16.0,7.2
2WHY,ok,1.0,45.0,3.281424900000482,1.0,0.0,1.0,6.0,7.4
2WV4,ok,2.0,48.0,0.22882215079491566,1.0,1.0,1.0,18.0,6.9
2X6M,ok,1.0,39.0,0.5477319022648894,1.0,0.0,1.0,6.0,6.7
2XPO,ok,2.0,45.0,0.2926113669868171,1.0,1.0,1.0,29.0,6.6
2XXM,ok,1.0,44.0,0.4276875703874746,1.0,1.0,1.0,11.0,8.2
2Y06,ok,1.0,47.0,1.3261233667056307,1.0,0.0,1.0,10.0,9.3
2Y1L,ok,2.0,44.0,1.013312530578666,1.0,1.0,1.0,7.0,11.3
2YCH,ok,1.0,46.0,0.3641187204669921,1.0,1.0,1.0,8.0,9.8
2YKT,ok,1.0,44.0,0.5331149138763129,1.0,1.0,1.0,12.0,8.3
2YYR,ok,1.0,43.0,0.6900104879547065,1.0,1.0,1.0,5.0,7.3
2Z8P,ok,1.0,45.0,1.160971808940101,1.0,0.0,1.0,5.0,7.0
2Z9I,ok,5.0,44.0,0.7089290696595595,1.0,1.0,1.0,20.0,7.2
2ZJD,ok,2.0,42.0,0.8610641586204606,1.0,1.0,1.0,17.0,6.5
2ZNE,ok,2.0,47.0,0.44757892380146225,1.0,1.0,1.0,27.0,7.0
31EE,ok,1.0,49.0,2.9048880728124913,1.0,0.0,1.0,12.0,8.4
3AL3,ok,1.0,47.0,0.7714526973131113,1.0,1.0,1.0,9.0,7.8
3AMB,ok,1.0,45.0,1.3891233275154595,1.0,1.0,1.0,20.0,8.4
3AP2,ok,2.0,47.0,0.5799847894620127,1.0,1.0,1.0,18.0,11.0
3ASL,ok,1.0,36.0,0.7999072809944575,1.0,1.0,1.0,9.0,7.5
3AX5,ok,2.0,44.0,0.8459683773875085,1.0,1.0,1.0,20.0,9.0
3AYU,ok,1.0,41.0,0.7191060927440677,1.0,1.0,1.0,10.0,8.8
3BFW,ok,2.0,42.0,0.4347322935745935,1.0,1.0,1.0,24.0,8.7
3BOO,ok,1.0,47.0,0.8125072001400327,1.0,1.0,1.0,6.0,16.1
3BU3,ok,1.0,41.0,0.5117141512495,1.0,1.0,1.0,14.0,8.8
3C2G,ok,2.0,50.0,0.6112436928857531,1.0,1.0,1.0,16.0,29.3
3C3O,ok,1.0,47.0,0.6180793409165563,1.0,1.0,1.0,13.0,11.6
3C5I,ok,1.0,44.0,8.464057194462418,0.0,0.0,0.0,5.0,20.2
3C6W,ok,1.0,43.0,0.6279355413777319,1.0,1.0,1.0,16.0,11.9
3C8B,ok,1.0,49.0,0.3510874982811458,1.0,1.0,1.0,4.0,11.9
3CD3,ok,1.0,47.0,0.4555245397015098,1.0,1.0,1.0,5.0,10.6
3CV0,ok,1.0,44.0,0.4458002884623567,1.0,1.0,1.0,6.0,6.9
3CYY,ok,2.0,41.0,0.8165341381735751,1.0,1.0,1.0,18.0,6.8
3D42,ok,1.0,47.0,4.14321532203814,0.0,0.0,0.0,3.0,7.1
3D9M,ok,2.0,46.0,0.558919556731376,1.0,1.0,1.0,11.0,7.3
3D9P,ok,1.0,46.0,0.7807378405089821,1.0,1.0,1.0,6.0,7.4
3D9T,ok,2.0,38.0,0.09541663027655904,1.0,0.0,1.0,11.0,6.8
3DAB,ok,4.0,43.0,0.5196971676227671,1.0,1.0,1.0,46.0,5.9
3DAC,ok,2.0,43.0,0.48636445666573536,1.0,1.0,1.0,25.0,7.0
3DB3,no_receptor_or_peptide,,,,,,,,
3DD7,ok,1.0,47.0,0.6057448116567478,1.0,1.0,1.0,40.0,8.1
3DNJ,ok,2.0,44.0,0.1981663625905551,1.0,0.0,1.0,6.0,6.9
3DRF,ok,1.0,45.0,0.5135233582640691,1.0,1.0,1.0,8.0,7.2
3DRH,ok,1.0,43.0,1.66452927227915,1.0,0.0,1.0,6.0,7.1
3DVE,ok,1.0,46.0,0.7122737805617049,1.0,1.0,1.0,23.0,9.0
3DVP,ok,2.0,39.0,0.2807755908191553,1.0,1.0,1.0,18.0,5.7
3E1I,ok,2.0,46.0,0.5565694566876928,1.0,1.0,1.0,8.0,11.6
3E2B,ok,1.0,41.0,0.7507349700010288,1.0,1.0,1.0,10.0,6.0
3ESK,ok,1.0,48.0,0.4923077051430447,1.0,1.0,1.0,8.0,7.2
3EU7,ok,1.0,43.0,0.48561492502134745,1.0,0.0,1.0,14.0,6.0
3F7O,ok,2.0,43.0,0.912848217047175,1.0,1.0,1.0,8.0,7.1
3FG5,ok,1.0,43.0,0.6088893113175612,1.0,1.0,1.0,5.0,6.4
3FHV,ok,1.0,48.0,0.7901807513693953,1.0,1.0,1.0,6.0,6.9
3FIV,ok,1.0,39.0,0.6624124260083712,1.0,1.0,1.0,8.0,5.2
3FS1,ok,1.0,44.0,0.7431595560767704,1.0,1.0,1.0,9.0,6.7
3G2U,ok,2.0,46.0,0.779716307449612,1.0,1.0,1.0,14.0,6.8
3G2W,ok,2.0,48.0,0.19148994462973065,1.0,1.0,1.0,17.0,7.0
3GOF,ok,2.0,47.0,0.4524497274856113,1.0,1.0,1.0,32.0,8.1
3GQ1,ok,2.0,46.0,0.31792581747950865,1.0,0.0,1.0,6.0,7.7
3H11,ok,1.0,46.0,1.4377048590904118,1.0,1.0,1.0,4.0,7.7
3H1Z,ok,1.0,42.0,0.7972356848162909,1.0,0.0,1.0,15.0,6.6
3HDA,ok,1.0,45.0,1.638550308390448,1.0,1.0,1.0,6.0,9.0
3HDS,ok,2.0,44.0,0.22299583572676546,1.0,1.0,1.0,10.0,6.1
3HUF,ok,1.0,48.0,21.562128880221515,0.0,0.0,0.0,3.0,11.3
3HXG,ok,1.0,44.0,0.3010579638945754,1.0,1.0,1.0,15.0,7.1
3I5R,ok,1.0,40.0,0.6498329952130238,1.0,1.0,1.0,9.0,5.5
3IIQ,ok,2.0,47.0,0.29225808737809056,1.0,0.0,1.0,6.0,8.2
3IK5,ok,2.0,46.0,0.6815811364000491,1.0,1.0,1.0,31.0,8.5
3JR3,ok,1.0,46.0,0.7235489377733012,1.0,0.0,1.0,5.0,7.6
3K05,ok,1.0,48.0,0.7747977502025987,1.0,1.0,1.0,6.0,7.9
3KUS,ok,2.0,41.0,0.4073618390503741,1.0,1.0,1.0,25.0,8.7
3KV4,ok,1.0,46.0,0.21676984054466952,1.0,1.0,1.0,12.0,12.0
3L81,ok,1.0,47.0,0.6913696325295213,1.0,0.0,1.0,7.0,10.6
3LGL,no_receptor_or_peptide,,,,,,,,
3LL8,ok,1.0,47.0,13.021881842707684,0.0,0.0,0.0,11.0,13.6
3LNY,ok,1.0,43.0,0.8689663918770597,1.0,1.0,1.0,6.0,8.9
3M59,ok,1.0,43.0,0.2325591798756768,1.0,1.0,1.0,7.0,9.1
3MET,ok,2.0,45.0,0.9154691643744477,1.0,1.0,1.0,10.0,11.8
3MEV,ok,2.0,44.0,0.8464820513416629,1.0,1.0,1.0,6.0,9.5
3MK4,ok,1.0,49.0,1.0748852902877772,1.0,0.0,1.0,17.0,12.0
3N9O,ok,2.0,44.0,0.6444097735269556,1.0,1.0,1.0,12.0,11.1
3N9Q,ok,2.0,48.0,0.5296472910963997,1.0,1.0,1.0,12.0,13.5
3NIH,ok,1.0,39.0,0.778422121987807,1.0,1.0,1.0,3.0,7.6
3NIN,ok,2.0,44.0,0.14042022872391063,1.0,0.0,1.0,7.0,9.8
3NJF,ok,2.0,43.0,0.7443084486793425,1.0,1.0,1.0,14.0,9.0
3NJJ,ok,1.0,40.0,0.21623699384824033,1.0,1.0,1.0,7.0,10.0
3O2B,ok,2.0,44.0,0.3060407742407618,1.0,0.0,1.0,15.0,12.4
3O35,ok,1.0,50.0,8.585031426659311,0.0,0.0,0.0,4.0,9.4
3O41,ok,2.0,49.0,3.04299602448022,1.0,0.0,1.0,19.0,11.3
3O7A,ok,1.0,30.0,0.8243387176168486,1.0,1.0,1.0,5.0,4.8
3OBU,ok,1.0,43.0,1.1831501204149812,1.0,0.0,1.0,9.0,6.5
3OMG,ok,2.0,47.0,1.616798570924682,1.0,1.0,1.0,9.0,7.7
3P72,ok,1.0,46.0,0.5850089164242828,1.0,1.0,1.0,11.0,10.3
3P8F,ok,1.0,45.0,0.656866080285474,1.0,1.0,1.0,14.0,8.2
3P9Y,ok,4.0,47.0,0.7041712578466618,1.0,1.0,1.0,16.0,8.4
3PLU,ok,2.0,44.0,0.10816682156783777,1.0,0.0,1.0,36.0,5.1
3PLV,ok,1.0,39.0,0.8433184012731642,1.0,0.0,1.0,21.0,5.7
3Q8D,ok,2.0,43.0,0.49950956659616363,1.0,1.0,1.0,6.0,5.5
3QJM,ok,2.0,42.0,0.41682730236873855,1.0,1.0,1.0,10.0,5.2
3QO2,ok,2.0,45.0,0.12325811036536855,1.0,1.0,1.0,53.0,5.5
3QXY,no_receptor_or_peptide,,,,,,,,
3R42,ok,1.0,42.0,0.742609373449887,1.0,1.0,1.0,8.0,6.6
3R6L,ok,2.0,46.0,0.6653284149324432,1.0,1.0,1.0,8.0,5.2
3RC0,ok,1.0,47.0,0.8664051456957759,1.0,1.0,1.0,6.0,8.7
3RO3,ok,1.0,45.0,0.7146851850433189,1.0,1.0,1.0,17.0,7.4
3S1T,no_receptor_or_peptide,,,,,,,,
3S3P,ok,1.0,45.0,0.42780639833854284,1.0,0.0,1.0,3.0,6.5
3S70,ok,2.0,46.0,0.7467626704650533,1.0,1.0,1.0,6.0,5.1
3SI5,ok,1.0,46.0,0.6542476835780362,1.0,1.0,1.0,31.0,5.9
3SM1,ok,1.0,43.0,0.6621144948134476,1.0,1.0,1.0,6.0,4.4
3SO6,ok,1.0,42.0,0.37811661227223453,1.0,1.0,1.0,13.0,6.5
3SOV,ok,1.0,43.0,0.6580496011735122,1.0,0.0,1.0,7.0,5.9
3SPA,ok,1.0,45.0,4.232177020187737,0.0,0.0,0.0,9.0,6.7
3SWC,ok,2.0,47.0,0.5527560729510528,1.0,1.0,1.0,15.0,6.0
3T6B,ok,2.0,42.0,0.5846498420572174,1.0,1.0,1.0,10.0,8.2
3TDU,ok,2.0,44.0,1.149869319332716,1.0,0.0,1.0,30.0,6.2
3TO6,no_receptor_or_peptide,,,,,,,,
3TZD,ok,1.0,35.0,0.3796967291048779,1.0,1.0,1.0,11.0,4.1
3TZY,ok,2.0,48.0,0.9475562298776128,1.0,1.0,1.0,20.0,6.7
3TZZ,ok,1.0,49.0,0.5071193368319767,1.0,1.0,0.0,10.0,7.0
3U6B,ok,2.0,46.0,4.115316745830883,0.0,0.0,0.0,6.0,6.7
3UF7,ok,2.0,43.0,0.8770957881618348,1.0,1.0,1.0,8.0,5.4
3UIH,ok,2.0,45.0,0.9454682733393136,1.0,0.0,1.0,8.0,7.7
3UNN,ok,1.0,46.0,0.9045580919567829,1.0,0.0,1.0,7.0,6.0
3UOT,ok,2.0,44.0,2.1242375965608393,1.0,1.0,1.0,14.0,5.6
3UP3,ok,1.0,43.0,0.6723177331054934,1.0,1.0,1.0,13.0,5.8
3UXG,ok,1.0,45.0,0.5626086479510028,1.0,1.0,1.0,16.0,5.7
3V2O,ok,1.0,44.0,0.5897544295681943,1.0,1.0,1.0,11.0,6.1
3V30,ok,1.0,43.0,0.7428240238689595,1.0,1.0,1.0,16.0,6.8
3VFJ,no_receptor_or_peptide,,,,,,,,
3W6K,ok,2.0,44.0,0.4113233529171589,1.0,1.0,1.0,31.0,7.3
3WBN,ok,1.0,42.0,5.91341237158353,0.0,0.0,0.0,19.0,8.0
3WDE,no_receptor_or_peptide,,,,,,,,
3WG5,ok,1.0,45.0,0.575522274611516,1.0,1.0,1.0,8.0,7.5
3WMG,ok,1.0,46.0,0.6020697027702352,1.0,1.0,0.0,16.0,10.2
3WOO,ok,2.0,50.0,0.8956179861938736,1.0,0.0,1.0,10.0,16.1
3WXA,ok,2.0,48.0,0.5466224123912186,1.0,1.0,1.0,24.0,10.5
3ZG6,ok,1.0,43.0,2.497554294696513,1.0,1.0,1.0,11.0,6.0
3ZQI,ok,2.0,44.0,0.40150533878018874,1.0,1.0,1.0,28.0,7.4
3ZRZ,ok,2.0,44.0,0.6485321671403286,1.0,1.0,1.0,36.0,7.5
3ZZY,ok,2.0,42.0,0.56864952035707,1.0,1.0,1.0,16.0,6.9
3ZZZ,ok,2.0,44.0,0.8535612137535336,1.0,1.0,1.0,14.0,8.1
4A2A,ok,2.0,49.0,9.064369385900111,0.0,0.0,0.0,29.0,11.9
4A5X,ok,2.0,43.0,0.6229303854316941,1.0,1.0,1.0,30.0,9.8
4A62,ok,2.0,48.0,0.35256695854561565,1.0,1.0,1.0,26.0,11.9
4AEN,ok,1.0,48.0,0.8650998129641063,1.0,1.0,1.0,15.0,11.5
4AOM,ok,1.0,42.0,0.672102783705489,1.0,1.0,1.0,18.0,10.2
4AW9,ok,1.0,47.0,1.18216959000415,1.0,0.0,1.0,4.0,10.8
4B60,ok,2.0,43.0,1.017439023647414,1.0,1.0,1.0,26.0,10.1
4B9W,ok,2.0,47.0,0.36147021708407034,1.0,1.0,1.0,14.0,11.5
4BJT,ok,2.0,48.0,0.6135364217743096,1.0,1.0,1.0,21.0,13.0
4BOS,ok,1.0,45.0,4.57717309700487,0.0,0.0,0.0,7.0,11.3
4BTB,ok,1.0,46.0,0.4943247819917218,1.0,0.0,1.0,9.0,11.9
4BXF,ok,2.0,49.0,0.3930738878193812,1.0,1.0,1.0,17.0,14.0
4C1Q,ok,1.0,46.0,0.7274867879670609,1.0,1.0,1.0,6.0,11.9
4CC3,ok,3.0,47.0,0.9365104507633725,1.0,1.0,1.0,48.0,13.9
4CCO,ok,2.0,46.0,0.48193168290844063,1.0,1.0,1.0,24.0,12.7
4CH9,ok,2.0,40.0,0.9352652316994537,1.0,1.0,1.0,18.0,10.8
4CHB,ok,2.0,40.0,1.389805785370435,1.0,1.0,1.0,20.0,12.1
4CIC,ok,1.0,42.0,0.6594389159479631,1.0,0.0,1.0,6.0,18.9
4CYD,ok,2.0,42.0,0.6198553836807532,1.0,1.0,1.0,41.0,13.0
4D0Z,ok,2.0,48.0,1.8087656399781649,1.0,1.0,1.0,12.0,43.4
4DOW,ok,2.0,46.0,0.8509974591459601,1.0,1.0,1.0,20.0,21.7
4ETO,ok,1.0,47.0,0.6248320484707286,1.0,1.0,1.0,14.0,16.5
4EXT,ok,1.0,48.0,0.583612147952844,1.0,1.0,1.0,23.0,14.4
4EZQ,ok,1.0,48.0,0.346049212630251,1.0,0.0,1.0,7.0,14.5
4F14,ok,1.0,34.0,0.5204856487412667,1.0,1.0,1.0,11.0,11.0
4F27,ok,1.0,42.0,0.8921364799979229,1.0,1.0,1.0,13.0,15.1
4GGN,ok,3.0,48.0,0.6190145209638651,1.0,1.0,1.0,45.0,21.1
4GNE,ok,1.0,43.0,0.3136699561817351,1.0,1.0,1.0,6.0,12.4
4GNG,ok,2.0,46.0,0.421162943470504,1.0,0.0,1.0,18.0,17.6
4GVD,ok,2.0,45.0,0.2892235663506254,1.0,1.0,1.0,16.0,14.9
4GXL,ok,1.0,44.0,0.40251087170662303,1.0,1.0,1.0,11.0,12.6
4GYO,ok,2.0,45.0,0.5006850939458608,1.0,1.0,1.0,10.0,13.1
4H0H,ok,1.0,45.0,0.6274244146035665,1.0,1.0,1.0,7.0,15.8
4HCZ,ok,2.0,44.0,1.0739104918116609,1.0,1.0,1.0,15.0,14.8
4HH6,ok,1.0,43.0,0.5778957314990445,1.0,1.0,1.0,14.0,12.8
4HHA,ok,1.0,47.0,0.321893728801069,1.0,1.0,1.0,10.0,14.6
4HRG,ok,1.0,44.0,0.5024200044421125,1.0,1.0,1.0,16.0,15.3
4HVA,ok,2.0,46.0,0.66188037562067,1.0,1.0,1.0,6.0,14.9
4HY7,no_receptor_or_peptide,,,,,,,,
4IIO,ok,1.0,42.0,0.8069352312639437,1.0,0.0,1.0,12.0,12.1
4J1V,ok,4.0,42.0,0.43727539446497254,1.0,1.0,1.0,48.0,14.3
4J2C,ok,2.0,46.0,0.4990048986622177,1.0,1.0,1.0,24.0,12.5
4J2J,ok,2.0,45.0,0.24266780969809001,1.0,1.0,1.0,47.0,14.0
4J78,ok,1.0,44.0,0.6035765153778412,1.0,1.0,1.0,5.0,11.5
4J9I,ok,2.0,41.0,0.22066685372097897,1.0,1.0,1.0,30.0,15.1
4JDJ,ok,1.0,43.0,0.4719288240731605,1.0,0.0,1.0,6.0,15.1
4JL0,ok,2.0,45.0,0.6132395385931558,1.0,1.0,1.0,15.0,13.3
4JMH,ok,1.0,44.0,1.1225822714553275,1.0,1.0,1.0,6.0,12.6
4JML,ok,1.0,46.0,0.8776018450962432,1.0,1.0,1.0,16.0,14.8
4JNA,no_receptor_or_peptide,,,,,,,,
4JO2,ok,2.0,47.0,0.19169196949281636,1.0,1.0,1.0,20.0,18.2
4JOR,ok,2.0,43.0,0.6115074245688252,1.0,1.0,1.0,15.0,15.4
4K6I,ok,1.0,44.0,0.2535302302589613,1.0,1.0,1.0,11.0,10.8
4KEL,ok,1.0,39.0,0.8292900166381186,1.0,1.0,1.0,14.0,10.5
4KG9,ok,1.0,44.0,1.1923550883171523,1.0,1.0,1.0,7.0,14.3
4KMD,ok,1.0,43.0,0.43868919545501905,1.0,1.0,1.0,10.0,11.2
4L1U,ok,4.0,49.0,0.5412268261426348,1.0,1.0,1.0,25.0,19.1
4L58,ok,1.0,40.0,0.4306893086133412,1.0,1.0,1.0,6.0,10.3
4L7X,ok,1.0,31.0,0.872884945531358,1.0,1.0,1.0,6.0,9.1
4L9P,no_receptor_or_peptide,,,,,,,,
4LFD,ok,4.0,46.0,1.6921179078282889,1.0,0.0,1.0,12.0,15.8
4LKA,ok,1.0,43.0,0.6931143526168269,1.0,1.0,1.0,11.0,11.5
4LN2,ok,1.0,32.0,0.3500666700349906,1.0,1.0,1.0,10.0,8.2
4LZF,ok,1.0,44.0,0.6470825416461544,1.0,1.0,1.0,12.0,15.1
4M1Z,ok,2.0,47.0,0.8816957302536962,1.0,0.0,1.0,23.0,15.8
4M38,ok,1.0,50.0,0.7364597072250918,1.0,1.0,1.0,4.0,15.7
4M5S,ok,1.0,38.0,0.60043943751048,1.0,1.0,1.0,10.0,10.7
4MFL,no_receptor_or_peptide,,,,,,,,
4MFP,no_receptor_or_peptide,,,,,,,,
4MS8,ok,1.0,44.0,0.5015143261687992,1.0,1.0,1.0,9.0,14.6
4MVK,ok,1.0,46.0,0.43938346838260584,1.0,1.0,1.0,6.0,13.0
4MZG,ok,2.0,47.0,1.1579665075838563,1.0,1.0,1.0,13.0,14.2
4N4F,ok,1.0,47.0,0.9494860605512445,1.0,1.0,1.0,5.0,14.7
4N4I,ok,1.0,43.0,0.7536377725069189,1.0,0.0,1.0,10.0,11.7
4NMP,ok,2.0,47.0,0.47922756016565926,1.0,1.0,1.0,14.0,13.2
4NXR,ok,1.0,40.0,0.25675453727701225,1.0,1.0,1.0,8.0,11.9
4NY3,ok,2.0,47.0,1.1922745242312665,1.0,0.0,1.0,10.0,14.5
4ODM,ok,6.0,45.0,0.637734619614152,1.0,1.0,1.0,86.0,15.0
4OUC,ok,1.0,46.0,0.9774814274210999,1.0,1.0,1.0,7.0,12.0
4OYK,ok,2.0,46.0,1.3316552582634418,1.0,0.0,1.0,28.0,12.5
4OZ1,ok,1.0,44.0,0.8775636557073291,1.0,1.0,1.0,8.0,12.8
4PD1,ok,1.0,46.0,0.41305986232588593,1.0,1.0,1.0,10.0,15.1
4PID,ok,1.0,43.0,0.3398586203457558,1.0,1.0,1.0,11.0,12.1
4PIQ,ok,1.0,46.0,0.660590970630215,1.0,1.0,1.0,11.0,12.9
4PK2,ok,1.0,41.0,1.3442461796927705,1.0,0.0,1.0,3.0,14.2
4PK3,ok,1.0,45.0,1.112221874643412,1.0,1.0,1.0,3.0,13.1
4PL6,no_receptor_or_peptide,,,,,,,,
4Q94,ok,2.0,43.0,0.4917348710029065,1.0,1.0,1.0,22.0,12.7
4QBS,ok,1.0,42.0,1.045312825626451,1.0,0.0,1.0,6.0,12.4
4QQI,ok,1.0,46.0,0.0981269500075336,1.0,1.0,1.0,16.0,14.0
4QWN,ok,2.0,48.0,1.121389003606869,1.0,1.0,1.0,15.0,14.5
4R5I,ok,1.0,44.0,0.5116796587669699,1.0,1.0,1.0,6.0,14.3
4R6Q,ok,1.0,43.0,0.32344562384583786,1.0,1.0,1.0,61.0,14.6
4RHG,ok,1.0,43.0,3.8340403540384327,1.0,0.0,1.0,6.0,13.5
4RQI,ok,4.0,47.0,0.7651966548735103,1.0,1.0,1.0,56.0,17.2
4RQZ,ok,3.0,50.0,1.0700526026336363,1.0,0.0,1.0,10.0,20.7
4RRV,ok,1.0,43.0,0.5720693688255353,1.0,0.0,1.0,9.0,11.5
4RS9,ok,1.0,45.0,0.34039310955468705,1.0,1.0,1.0,19.0,13.4
4RXZ,ok,2.0,39.0,0.4260826798613595,1.0,1.0,1.0,21.0,13.0
4S2T,ok,2.0,46.0,1.257685293256074,1.0,1.0,1.0,6.0,17.3
4TR9,ok,2.0,48.0,2.662648610275334,1.0,1.0,0.0,21.0,18.5
4TZO,ok,3.0,48.0,0.5150057839331234,1.0,1.0,1.0,56.0,17.7
4TZQ,ok,1.0,47.0,0.47521492067823434,1.0,1.0,1.0,26.0,14.6
4U1P,ok,1.0,44.0,0.5321891986893768,1.0,1.0,1.0,10.0,12.3
4UP0,ok,1.0,42.0,0.9058818923031483,1.0,1.0,1.0,5.0,10.6
4UU5,ok,1.0,41.0,0.9002378509503779,1.0,1.0,1.0,13.0,10.7
4V3I,ok,1.0,41.0,0.620688422445315,1.0,1.0,1.0,5.0,12.4
4W8H,ok,1.0,43.0,2.918616451984981,1.0,1.0,1.0,4.0,11.6
4W8P,ok,1.0,43.0,1.0784465767534996,1.0,1.0,1.0,21.0,14.2
4WNN,ok,1.0,49.0,11.907600449380029,0.0,0.0,0.0,6.0,16.3
4WSF,ok,1.0,44.0,0.3377682924797285,1.0,1.0,1.0,11.0,13.4
4WVS,no_receptor_or_peptide,,,,,,,,
4X2O,ok,1.0,46.0,0.6588447505788487,1.0,1.0,1.0,8.0,12.2
4X3I,ok,1.0,33.0,0.5393184914626284,1.0,1.0,1.0,7.0,8.9
4X3K,ok,2.0,47.0,0.49557925666648056,1.0,1.0,1.0,12.0,12.4
4X3S,ok,2.0,45.0,0.45152177205645977,1.0,1.0,1.0,16.0,13.0
4X8N,ok,1.0,41.0,0.47319568595362377,1.0,1.0,1.0,9.0,12.1
4X8P,ok,1.0,41.0,0.7730033561963024,1.0,1.0,1.0,12.0,12.1
4XBU,ok,1.0,43.0,0.5119710541931367,1.0,1.0,1.0,13.0,11.8
4XI7,ok,1.0,44.0,8.955470466758946,0.0,0.0,0.0,6.0,13.3
4XIB,ok,1.0,43.0,11.281889179442176,0.0,0.0,0.0,7.0,12.8
4Y7Y,no_receptor_or_peptide,,,,,,,,
4YEC,ok,1.0,45.0,1.2414855269432132,1.0,0.0,1.0,3.0,12.9
4YJL,ok,6.0,49.0,0.3783795124160242,1.0,1.0,1.0,78.0,52.2
4YK6,ok,1.0,46.0,0.5045914118416608,1.0,1.0,1.0,11.0,25.0
4YNL,ok,4.0,45.0,0.7101334519561441,1.0,1.0,1.0,24.0,19.8
4YOO,ok,1.0,48.0,0.9917954751728466,1.0,1.0,1.0,17.0,14.0
4YOZ,ok,1.0,47.0,0.4166651704722984,1.0,0.0,1.0,9.0,14.4
4YZ6,ok,1.0,45.0,0.6873842186348773,1.0,1.0,1.0,18.0,13.3
4YZH,ok,1.0,44.0,0.6465098054487428,1.0,0.0,1.0,9.0,13.3
4Z0E,ok,1.0,43.0,1.1663530186950513,1.0,1.0,1.0,12.0,12.8
4Z0F,ok,1.0,44.0,0.34802608033312804,1.0,1.0,1.0,12.0,13.4
4Z0R,ok,1.0,47.0,1.5830008892867526,1.0,0.0,1.0,9.0,15.1
4Z0Y,ok,3.0,49.0,0.4847083400061792,1.0,1.0,1.0,40.0,20.5
4Z0Z,ok,3.0,48.0,0.7630654862971452,1.0,1.0,1.0,37.0,27.9
4Z8J,ok,1.0,44.0,0.6895156798633998,1.0,1.0,1.0,7.0,15.4
4ZIF,ok,1.0,41.0,0.7925921422825474,1.0,1.0,1.0,16.0,12.7
4ZIH,ok,1.0,44.0,0.8201542298742591,1.0,1.0,1.0,16.0,10.2
4ZNY,ok,1.0,44.0,0.6562003589366135,1.0,0.0,1.0,10.0,10.2
4ZU1,ok,1.0,44.0,0.664310380394757,1.0,1.0,1.0,8.0,9.9
4ZW2,ok,1.0,48.0,0.6106724319125664,1.0,1.0,1.0,18.0,8.2
5A2L,ok,1.0,44.0,0.6465168393031332,1.0,0.0,1.0,6.0,7.6
5AER,ok,1.0,45.0,0.6369128215323213,1.0,1.0,1.0,28.0,7.6
5AFW,ok,1.0,43.0,1.8160105720886441,1.0,1.0,1.0,6.0,8.4
5AGV,ok,2.0,48.0,0.8031079106211105,1.0,0.0,1.0,6.0,12.1
5AH2,ok,4.0,45.0,0.4124688159180454,1.0,1.0,1.0,16.0,14.3
5APR,ok,1.0,45.0,0.3189577506720395,1.0,1.0,1.0,5.0,10.1
5AUL,ok,1.0,45.0,0.5242724872701197,1.0,1.0,1.0,5.0,9.9
5AWV,no_receptor_or_peptide,,,,,,,,
5B1Z,ok,2.0,45.0,0.7207067370991667,1.0,1.0,1.0,34.0,14.4
5B39,ok,1.0,45.0,0.4742255509251799,1.0,1.0,1.0,9.0,16.2
5B6C,ok,1.0,42.0,0.78141517031155,1.0,0.0,1.0,11.0,9.0
5BPU,ok,2.0,42.0,0.3961696612333784,1.0,1.0,1.0,9.0,15.3
5C3G,ok,1.0,44.0,0.2773853074396124,1.0,1.0,1.0,14.0,10.1
5CFA,ok,2.0,46.0,0.3230336200375374,1.0,1.0,1.0,18.0,11.5
5CGH,no_receptor_or_peptide,,,,,,,,
5CQ2,ok,2.0,36.0,0.7239406285606989,1.0,1.0,1.0,24.0,9.0
5CQX,ok,1.0,46.0,0.9640361006237265,1.0,1.0,1.0,15.0,9.3
5CRV,ok,2.0,49.0,0.5002661671418309,1.0,1.0,1.0,35.0,13.1
5CRW,ok,1.0,43.0,0.4294839836685232,1.0,0.0,1.0,11.0,10.2
5CS2,no_receptor_or_peptide,,,,,,,,
5D9G,ok,2.0,48.0,0.46225309172221646,1.0,1.0,1.0,10.0,12.4
5DKP,ok,28.0,49.0,13.889710108343609,0.0,0.0,0.0,112.0,106.3
5E1D,ok,2.0,44.0,0.3944749556143977,1.0,1.0,1.0,12.0,16.7
5E2A,ok,2.0,46.0,1.0181951202073747,1.0,1.0,1.0,10.0,22.4
5E2Q,ok,1.0,46.0,0.39683438892442374,1.0,1.0,1.0,8.0,13.9
5E50,ok,2.0,47.0,3.633235756403825,1.0,0.0,1.0,14.0,11.8
5EEL,ok,6.0,49.0,0.3581853358800154,1.0,1.0,1.0,42.0,31.3
5EG2,ok,1.0,43.0,0.32058314804780186,1.0,1.0,1.0,5.0,11.6
5ELQ,ok,2.0,39.0,0.35103409483190945,1.0,1.0,1.0,14.0,8.4
5EYZ,ok,4.0,47.0,0.8149993827553946,1.0,1.0,1.0,24.0,16.2
5F67,ok,2.0,42.0,0.3430414537728247,1.0,1.0,1.0,38.0,12.6
5FB1,ok,1.0,45.0,0.8869596039995845,1.0,1.0,1.0,8.0,21.4
5FCD,ok,2.0,45.0,0.7761512829200715,1.0,0.0,1.0,11.0,20.8
5FJX,ok,2.0,49.0,0.7262951747297001,1.0,1.0,1.0,11.0,18.3
5FJZ,ok,2.0,47.0,0.6217108514704319,1.0,1.0,1.0,24.0,19.9
5FOS,ok,1.0,39.0,0.9011657242013169,1.0,0.0,1.0,15.0,16.5
5FOU,ok,1.0,45.0,0.9346467698113169,1.0,0.0,1.0,4.0,20.7
5FPX,ok,2.0,42.0,0.5469901224043473,1.0,1.0,1.0,15.0,13.1
5FVK,ok,1.0,42.0,0.45272048483156635,1.0,1.0,1.0,40.0,13.3
5GJX,ok,1.0,48.0,0.5082724685186867,1.0,1.0,1.0,9.0,19.7
5GLF,ok,4.0,47.0,0.5858909896604314,1.0,0.0,1.0,43.0,23.7
5GMV,ok,1.0,39.0,0.7615509592777681,1.0,0.0,1.0,14.0,18.7
5HGV,ok,2.0,48.0,2.046951557560207,1.0,1.0,1.0,28.0,35.4
5HVZ,ok,1.0,36.0,0.6025852961061609,1.0,1.0,1.0,23.0,14.4
5ID0,ok,2.0,50.0,0.5477794822353271,1.0,1.0,1.0,20.0,20.6
5IGO,ok,4.0,43.0,0.44375344613860984,1.0,1.0,1.0,32.0,14.7
5IH2,ok,2.0,45.0,0.5357488788216077,1.0,1.0,1.0,20.0,19.1
5IOK,ok,1.0,40.0,1.3621414351003356,1.0,1.0,1.0,6.0,13.0
5IQO,ok,2.0,42.0,0.2882163136240644,1.0,1.0,1.0,29.0,13.6
5J7U,ok,12.0,50.0,14.237285684904249,0.0,0.0,0.0,248.0,96.0
5JA5,ok,1.0,47.0,1.0297294915547783,1.0,1.0,1.0,7.0,12.4
5JBQ,ok,1.0,47.0,3.1666248905640835,1.0,1.0,1.0,3.0,22.5
5JEL,ok,1.0,47.0,1.0341528249930492,1.0,1.0,1.0,11.0,12.9
5JEO,ok,1.0,44.0,0.9338627216737835,1.0,1.0,1.0,9.0,24.3
5JR6,ok,1.0,45.0,0.5219759994182159,1.0,1.0,1.0,3.0,16.7
5JTH,ok,1.0,47.0,0.6055207720967632,1.0,1.0,1.0,20.0,11.9
5K99,ok,1.0,49.0,1.2263278653098433,1.0,1.0,1.0,10.0,14.3
5KSA,ok,1.0,43.0,1.079321849717342,1.0,1.0,1.0,11.0,16.3
5KSV,ok,1.0,45.0,0.8442068727621823,1.0,1.0,1.0,12.0,10.7
5L20,ok,1.0,40.0,0.8824208373058652,1.0,0.0,1.0,3.0,11.5
5L23,ok,1.0,34.0,0.41596024097285145,1.0,1.0,1.0,15.0,7.7
5L83,ok,2.0,43.0,0.5639177521471828,1.0,1.0,1.0,10.0,9.6
5LEO,ok,2.0,41.0,0.8287012153459685,1.0,1.0,1.0,10.0,9.2
5LF0,no_receptor_or_peptide,,,,,,,,
5LMF,ok,2.0,43.0,12.773562827140601,0.0,0.0,0.0,34.0,10.3
5LMG,ok,2.0,42.0,12.969733144162095,0.0,0.0,0.0,26.0,10.8
5LSO,ok,1.0,45.0,1.0246009108569394,1.0,1.0,1.0,12.0,11.2
5LSW,ok,2.0,47.0,0.7378003615276802,1.0,1.0,1.0,42.0,12.2
5LU8,ok,1.0,46.0,0.5445495153693758,1.0,0.0,1.0,4.0,11.4
5LUG,ok,4.0,43.0,7.354378937184389,0.0,0.0,0.0,24.0,14.7
5LVP,ok,3.0,44.0,0.4812950253063774,1.0,0.0,1.0,26.0,14.5
5M5G,ok,2.0,46.0,0.6450781372891073,1.0,1.0,1.0,16.0,17.3
5M9N,no_receptor_or_peptide,,,,,,,,
5M9O,no_receptor_or_peptide,,,,,,,,
5MFH,ok,2.0,41.0,3.5084952574710804,1.0,0.0,1.0,16.0,14.3
5MFI,ok,1.0,47.0,0.6560209515807629,1.0,1.0,1.0,14.0,13.7
5MHM,ok,2.0,49.0,1.181118875709028,1.0,0.0,1.0,8.0,26.4
5MK2,ok,1.0,46.0,0.5818861541332152,1.0,1.0,1.0,11.0,17.5
5MKJ,ok,1.0,40.0,0.3079780047553145,1.0,0.0,1.0,9.0,8.7
5MR8,ok,1.0,47.0,0.9716171379244326,1.0,1.0,1.0,8.0,9.9
5MTW,ok,2.0,46.0,0.6655034338591805,1.0,1.0,1.0,36.0,14.1
5N9P,no_receptor_or_peptide,,,,,,,,
5NFT,ok,1.0,43.0,0.46568787642661474,1.0,0.0,1.0,13.0,9.7
5NJC,ok,2.0,48.0,1.286650885470146,1.0,0.0,1.0,12.0,28.2
5NJF,ok,2.0,49.0,3.5982545013689466,1.0,0.0,1.0,10.0,32.4
5NQV,ok,4.0,50.0,0.20217317477866628,1.0,1.0,1.0,28.0,18.4
5NWI,ok,1.0,46.0,1.3535694137237109,1.0,1.0,1.0,4.0,16.3
5O4Y,ok,3.0,42.0,0.4213690209834965,1.0,1.0,1.0,33.0,9.9
5OB0,ok,1.0,33.0,0.5769867945746441,1.0,1.0,1.0,12.0,6.6
5OB1,ok,1.0,31.0,0.12298881810872161,1.0,1.0,1.0,12.0,7.2
5OK6,ok,2.0,46.0,0.9528749215528014,1.0,0.0,1.0,24.0,11.6
5OU8,ok,1.0,43.0,1.8007876478378932,1.0,0.0,1.0,30.0,11.9
5OY3,ok,1.0,49.0,0.6841685984047022,1.0,1.0,1.0,17.0,11.5
5QU2,ok,2.0,42.0,0.5556621456640168,1.0,1.0,1.0,18.0,9.6
5SVI,ok,1.0,34.0,0.6797297101777272,1.0,1.0,1.0,16.0,7.2
5SVY,ok,1.0,33.0,0.29991321567769597,1.0,1.0,1.0,10.0,7.3
5SZC,ok,1.0,43.0,0.40490548827159806,1.0,1.0,1.0,13.0,10.4
5T1I,ok,1.0,44.0,0.6612238570700447,1.0,1.0,1.0,13.0,11.2
5T2S,ok,2.0,47.0,12.597942869385037,0.0,0.0,0.0,16.0,11.5
5T5L,ok,2.0,45.0,2.4468842356884606,1.0,1.0,1.0,7.0,10.9
5T5P,ok,2.0,44.0,2.6385733463957455,1.0,1.0,1.0,7.0,10.0
5T6J,ok,1.0,47.0,0.8422509780616201,1.0,1.0,1.0,12.0,10.3
5TDR,ok,1.0,40.0,0.777602569277472,1.0,1.0,1.0,10.0,8.2
5TDW,ok,1.0,39.0,0.32235017348999473,1.0,1.0,1.0,10.0,8.1
5TWH,ok,1.0,44.0,0.8677364165400696,1.0,1.0,1.0,4.0,10.6
5U1Q,ok,4.0,47.0,0.2806492680261188,1.0,1.0,1.0,32.0,13.9
5U2J,ok,2.0,48.0,0.346699982483291,1.0,1.0,1.0,30.0,12.5
5UN8,ok,4.0,40.0,0.8660815459027527,1.0,1.0,1.0,32.0,24.1
5UUP,ok,1.0,44.0,1.0526544235952149,1.0,1.0,1.0,22.0,10.9
5UWW,ok,1.0,46.0,5.332840010558687,0.0,0.0,0.0,11.0,17.1
5V1U,ok,3.0,49.0,0.40637308331167155,1.0,1.0,1.0,66.0,11.8
5V1Z,ok,2.0,49.0,0.590988599794026,1.0,1.0,1.0,24.0,11.8
5VAC,ok,1.0,45.0,0.3096145632641382,1.0,1.0,1.0,12.0,9.2
5VAP,ok,2.0,43.0,0.9490705550741768,1.0,1.0,1.0,23.0,9.5
5VB9,ok,2.0,41.0,2.7686160574558305,1.0,1.0,1.0,30.0,10.6
5VBC,ok,2.0,47.0,0.42040105140016376,1.0,1.0,1.0,27.0,10.8
5VTB,ok,1.0,45.0,1.4997059192522146,1.0,1.0,1.0,14.0,10.9
5VYO,ok,3.0,45.0,1.484185385206551,1.0,1.0,1.0,24.0,12.4
5W18,ok,14.0,48.0,0.33775432925376364,1.0,0.0,1.0,56.0,22.8
5WA1,ok,1.0,45.0,0.3045657256452726,1.0,0.0,1.0,13.0,13.8
5WHH,ok,1.0,42.0,0.528154170924976,1.0,1.0,1.0,10.0,9.0
5WJE,ok,1.0,39.0,1.128127383299589,1.0,1.0,1.0,4.0,8.7
5WLE,ok,1.0,31.0,0.6348277258195515,1.0,1.0,1.0,6.0,7.3
5WOU,ok,1.0,41.0,0.351761849682378,1.0,1.0,1.0,8.0,8.0
5WRI,ok,2.0,43.0,0.3942992916381639,1.0,1.0,1.0,16.0,9.9
5XCT,ok,1.0,46.0,0.5737610065946365,1.0,1.0,1.0,6.0,11.3
5XHZ,ok,1.0,44.0,0.7362107232388098,1.0,1.0,1.0,22.0,9.8
5XOQ,ok,2.0,45.0,0.4653359456650377,1.0,1.0,1.0,16.0,12.3
5XPU,ok,1.0,47.0,0.6991638167696099,1.0,1.0,1.0,13.0,12.2
5XTZ,ok,1.0,46.0,5.707769104615247,0.0,0.0,0.0,9.0,14.7
5Y1U,ok,2.0,42.0,2.2870220977767963,1.0,0.0,1.0,10.0,13.4
5Y20,ok,1.0,26.0,0.36628235656032915,1.0,1.0,1.0,6.0,5.7
5Y21,ok,1.0,45.0,0.13606796755399106,1.0,1.0,1.0,21.0,10.9
5Y7W,ok,1.0,44.0,0.40314257734518977,1.0,1.0,1.0,24.0,9.4
5YBE,ok,1.0,42.0,0.44842723601460655,1.0,1.0,1.0,19.0,10.1
5YBV,ok,2.0,46.0,0.27438510517344494,1.0,1.0,1.0,30.0,13.1
5YGF,ok,1.0,45.0,0.5837970083842297,1.0,1.0,1.0,9.0,9.6
5YT0,ok,1.0,46.0,0.5261152557988431,1.0,1.0,1.0,11.0,11.1
5YV5,ok,1.0,47.0,0.7160941700907033,1.0,1.0,1.0,14.0,13.3
5YVX,ok,1.0,28.0,0.6682205945646639,1.0,1.0,1.0,6.0,5.4
5Z8L,ok,1.0,45.0,0.5037258507655871,1.0,0.0,1.0,7.0,11.0
5ZJY,ok,1.0,44.0,0.9914786930354865,1.0,1.0,1.0,10.0,10.0
5ZOO,ok,1.0,44.0,1.2663719668434175,1.0,0.0,1.0,14.0,9.8
5ZS3,ok,1.0,44.0,0.6064563303180616,1.0,1.0,1.0,5.0,9.2
5ZVW,ok,1.0,47.0,0.6195784181466387,1.0,1.0,1.0,6.0,9.8
5ZYS,ok,1.0,40.0,0.7270173697040142,1.0,1.0,1.0,10.0,8.7
6A9U,ok,1.0,46.0,0.4536683214229868,1.0,1.0,1.0,3.0,10.7
6ACL,ok,1.0,43.0,0.660435274879773,1.0,1.0,1.0,9.0,9.7
6APR,ok,1.0,46.0,0.7817261108301115,1.0,1.0,1.0,3.0,10.8
6AR2,ok,2.0,46.0,0.9466757264904156,1.0,1.0,1.0,10.0,11.7
6ATI,ok,2.0,45.0,0.31560834018962297,1.0,0.0,1.0,24.0,11.3
6AXJ,ok,4.0,46.0,3.5312624331649562,1.0,0.0,1.0,16.0,11.9
6B3X,ok,1.0,41.0,0.4626155865105299,1.0,1.0,1.0,14.0,8.6
6B5M,ok,1.0,45.0,0.5606706276350267,1.0,1.0,1.0,13.0,11.6
6BHD,ok,1.0,47.0,0.394605612478539,1.0,1.0,1.0,10.0,10.5
6BHG,ok,1.0,44.0,1.031113139160161,1.0,1.0,1.0,8.0,9.8
6BZ9,ok,1.0,45.0,0.2908675917266135,1.0,1.0,1.0,4.0,10.8
6C0Y,ok,8.0,48.0,0.2662848533693947,1.0,1.0,1.0,116.0,12.8
6CQN,ok,1.0,48.0,0.5066971164471186,1.0,1.0,1.0,13.0,14.8
6CWP,ok,1.0,47.0,5.614966524367467,0.0,0.0,0.0,6.0,11.9
6D07,ok,2.0,41.0,0.2694009197239868,1.0,1.0,1.0,14.0,11.0
6D40,ok,1.0,43.0,0.2275981758685883,1.0,1.0,1.0,14.0,10.8
6D78,ok,1.0,42.0,0.3166041306844971,1.0,1.0,1.0,9.0,15.5
6DAT,ok,1.0,49.0,1.4621881547354414,1.0,1.0,1.0,20.0,13.4
6DJ8,ok,2.0,47.0,1.1879186846544083,1.0,0.0,1.0,8.0,12.9
6DN5,ok,1.0,43.0,1.2735070835231785,1.0,1.0,1.0,6.0,9.9
6DN7,ok,2.0,41.0,1.3755590987017408,1.0,0.0,1.0,12.0,10.2
6DO4,ok,2.0,39.0,0.8163323900793396,1.0,1.0,1.0,12.0,9.1
6DO5,ok,2.0,40.0,0.6010462057614113,1.0,0.0,1.0,12.0,9.9
6DQU,ok,1.0,48.0,0.9641253040438773,1.0,0.0,1.0,6.0,12.0
6DTG,ok,1.0,48.0,0.7285717702272615,1.0,0.0,1.0,6.0,16.6
6DUB,ok,2.0,43.0,0.9993337093695385,1.0,1.0,1.0,8.0,10.6
6E4Z,ok,1.0,46.0,2.029228201122192,1.0,0.0,1.0,13.0,9.9
6E5X,ok,1.0,44.0,1.120633385769478,1.0,1.0,1.0,13.0,10.7
6E8K,no_receptor_or_peptide,,,,,,,,
6E8M,no_receptor_or_peptide,,,,,,,,
6ECE,no_receptor_or_peptide,,,,,,,,
6EJC,ok,1.0,46.0,1.1205401324815116,1.0,1.0,1.0,9.0,12.6
6EJE,ok,1.0,47.0,1.09967481978282,1.0,1.0,1.0,9.0,12.4
6EL9,ok,1.0,44.0,0.6912801202449543,1.0,0.0,1.0,13.0,10.1
6EVP,ok,1.0,42.0,0.5586016829541909,1.0,1.0,1.0,8.0,8.9
6F0W,ok,1.0,47.0,0.29183825760818777,1.0,1.0,1.0,18.0,11.2
6F4R,ok,1.0,46.0,0.8628181385086097,1.0,1.0,1.0,4.0,10.2
6F4T,ok,1.0,44.0,0.7405301862281268,1.0,1.0,1.0,3.0,10.0
6FBT,no_receptor_or_peptide,,,,,,,,
6FNZ,ok,3.0,48.0,7.17050557350332,0.0,0.0,0.0,18.0,11.3
6FRX,ok,1.0,43.0,1.1354092773952271,1.0,1.0,1.0,20.0,9.0
6FZQ,ok,1.0,46.0,0.6048013371150133,1.0,1.0,1.0,6.0,11.5
6G0Y,ok,4.0,43.0,10.71116913027032,0.0,0.0,0.0,55.0,10.6
6G84,ok,2.0,45.0,0.4344994775194933,1.0,0.0,1.0,18.0,15.4
6G86,ok,2.0,47.0,0.40792130321955894,1.0,0.0,1.0,21.0,15.1
6GJH,ok,4.0,43.0,9.700472784141661,0.0,0.0,0.0,17.0,17.3
6GMG,ok,2.0,50.0,2.41542933714013,1.0,1.0,1.0,15.0,12.1
6GP7,ok,1.0,42.0,1.3828897998916763,1.0,1.0,1.0,11.0,9.9
6GQN,ok,2.0,41.0,0.84197680618219,1.0,1.0,1.0,27.0,14.0
6H0B,ok,1.0,48.0,3.0867020196689827,1.0,0.0,1.0,15.0,25.9
6H1E,ok,1.0,43.0,0.644410815152592,1.0,1.0,0.0,4.0,7.6
6H7B,ok,1.0,44.0,0.7123166667640075,1.0,1.0,1.0,24.0,9.9
6HC0,ok,1.0,46.0,5.062537788173248,0.0,0.0,0.0,7.0,11.7
6HIP,ok,1.0,42.0,0.2255695548668198,1.0,1.0,1.0,9.0,9.3
6HM4,ok,1.0,41.0,0.9066944483208007,1.0,1.0,1.0,8.0,8.8
6HM5,ok,1.0,43.0,0.24242486746421033,1.0,1.0,1.0,7.0,10.2
6HOI,ok,2.0,45.0,0.8080779746461387,1.0,1.0,1.0,16.0,10.5
6HOS,ok,1.0,45.0,0.32537855164169643,1.0,1.0,1.0,11.0,12.2
6I68,ok,4.0,44.0,3.981153919476765,1.0,0.0,1.0,29.0,14.2
6IBO,ok,1.0,46.0,1.5522824970040878,1.0,1.0,1.0,6.0,12.9
6IC8,ok,2.0,41.0,1.3042931673155795,1.0,1.0,1.0,17.0,8.4
6ICV,ok,2.0,47.0,0.7338048290844157,1.0,1.0,1.0,34.0,14.4
6IEU,ok,1.0,44.0,1.0104898065812369,1.0,1.0,1.0,10.0,12.0
6ITU,ok,1.0,43.0,0.8020609417888432,1.0,1.0,1.0,12.0,14.2
6J0X,ok,4.0,48.0,1.4398056671682191,1.0,0.0,1.0,64.0,22.8
6J8Y,ok,1.0,50.0,1.3548065219469996,1.0,0.0,1.0,10.0,12.7
6J9J,ok,1.0,45.0,0.7136682078613585,1.0,1.0,1.0,13.0,9.2
6JJY,ok,1.0,44.0,0.49685525982430234,1.0,1.0,1.0,17.0,17.1
6JUE,ok,1.0,41.0,0.535674132298885,1.0,1.0,1.0,5.0,13.0
6JWN,ok,2.0,41.0,0.42515940688967324,1.0,1.0,1.0,18.0,9.2
6JX3,ok,1.0,40.0,0.449145935591797,1.0,1.0,1.0,18.0,7.9
6KKG,ok,2.0,43.0,0.4013330505117938,1.0,0.0,1.0,40.0,8.6
6KPB,ok,1.0,46.0,0.24097091167174928,1.0,1.0,1.0,14.0,10.3
6KZQ,ok,1.0,46.0,3.502979976122976,1.0,0.0,1.0,6.0,14.6
6L03,ok,1.0,45.0,1.6985977503716339,1.0,1.0,1.0,6.0,14.9
6LJN,ok,1.0,46.0,4.7018112956573095,0.0,0.0,0.0,3.0,9.5
6LS6,ok,2.0,45.0,0.6033522077661436,1.0,1.0,1.0,14.0,10.1
6LSD,ok,2.0,46.0,0.7451776082385128,1.0,1.0,1.0,14.0,14.2
6LYC,ok,1.0,40.0,0.5201690054519051,1.0,1.0,1.0,14.0,13.3
6MHA,ok,1.0,33.0,0.4908214694373072,1.0,1.0,1.0,5.0,6.3
6MIL,ok,2.0,45.0,0.5631725586477961,1.0,1.0,0.0,12.0,10.8
6MIQ,ok,1.0,41.0,1.7267503464819645,1.0,0.0,1.0,4.0,10.0
6MLC,ok,2.0,45.0,0.4900925169682829,1.0,1.0,0.0,12.0,9.8
6N9J,ok,2.0,41.0,0.7560616481727568,1.0,1.0,1.0,6.0,13.8
6NID,ok,3.0,47.0,0.5715154435743776,1.0,1.0,1.0,16.0,12.9
6NJG,ok,1.0,43.0,0.7561626692039678,1.0,1.0,1.0,17.0,7.6
6NK2,ok,2.0,43.0,0.5965118864957883,1.0,1.0,1.0,26.0,9.4
6NKP,ok,2.0,46.0,0.793225098694695,1.0,1.0,1.0,22.0,14.4
6NPW,ok,1.0,41.0,1.1720250905852854,1.0,0.0,1.0,4.0,19.6
6NSX,ok,1.0,43.0,0.8845687132801153,1.0,1.0,1.0,6.0,8.6
6NWL,ok,1.0,46.0,0.4719336697496068,1.0,0.0,1.0,12.0,13.7
6O3W,ok,1.0,41.0,0.6530453770081084,1.0,1.0,1.0,22.0,10.1
6O3X,ok,3.0,40.0,0.309839977857164,1.0,1.0,1.0,18.0,10.2
6O5O,ok,2.0,45.0,0.4764856292969728,1.0,1.0,1.0,25.0,16.8
6OCP,ok,3.0,50.0,0.5365087111139626,1.0,1.0,1.0,39.0,30.6
6OCX,ok,4.0,45.0,0.5625024224006614,1.0,1.0,1.0,60.0,17.3
6OD0,ok,2.0,46.0,0.8458508839639037,1.0,1.0,1.0,24.0,11.6
6OI4,ok,2.0,49.0,0.5393153206132042,1.0,1.0,1.0,21.0,13.4
6OX4,ok,2.0,45.0,0.6372204135271494,1.0,0.0,1.0,30.0,14.5
6PEU,ok,2.0,48.0,0.4442050726436396,1.0,1.0,1.0,48.0,22.7
6PJ8,ok,1.0,42.0,0.6156353305957492,1.0,1.0,1.0,5.0,14.3
6Q0U,ok,2.0,41.0,0.6823493316118658,1.0,1.0,1.0,14.0,8.9
6Q3Q,ok,2.0,42.0,0.5910615106254744,1.0,1.0,1.0,16.0,12.1
6QFK,ok,1.0,43.0,1.0706534462389727,1.0,1.0,0.0,14.0,18.6
6QMQ,ok,1.0,48.0,0.5838118279910307,1.0,1.0,1.0,16.0,17.3
6QTQ,ok,1.0,46.0,1.3619798800290677,1.0,1.0,1.0,6.0,9.1
6R4X,ok,2.0,43.0,0.5046006268466723,1.0,0.0,1.0,12.0,10.7
6R5B,ok,2.0,45.0,0.18193447728238218,1.0,1.0,1.0,12.0,11.6
6R8I,ok,1.0,41.0,0.28928944140333623,1.0,1.0,1.0,17.0,9.5
6RXP,ok,1.0,44.0,0.6948251252339461,1.0,1.0,1.0,19.0,13.3
6RXQ,ok,3.0,39.0,0.8194026483187624,1.0,0.0,1.0,36.0,13.8
6RYO,no_receptor_or_peptide,,,,,,,,
6S0Y,ok,2.0,46.0,0.7114588636213945,1.0,1.0,1.0,27.0,11.6
6S1U,ok,1.0,44.0,0.6238124479927131,1.0,1.0,1.0,5.0,9.6
6S24,ok,1.0,47.0,0.7677031440816282,1.0,1.0,1.0,14.0,14.2
6SAT,ok,2.0,43.0,0.47879956874017243,1.0,1.0,1.0,17.0,15.5
6SH9,ok,1.0,46.0,8.627672691415475,0.0,0.0,0.0,10.0,21.2
6SYF,ok,4.0,45.0,0.9516218628123397,1.0,1.0,1.0,40.0,12.6
6T89,ok,1.0,46.0,0.5938280024116929,1.0,0.0,1.0,10.0,10.1
6TJ1,ok,1.0,43.0,1.7342055297868504,1.0,0.0,1.0,6.0,14.3
6TNO,ok,3.0,41.0,0.4093467887143818,1.0,1.0,1.0,22.0,12.8
6TQU,ok,2.0,46.0,0.9226539435564423,1.0,1.0,1.0,17.0,9.5
6TS3,ok,1.0,46.0,0.455669336085742,1.0,1.0,1.0,37.0,10.7
6TTK,ok,4.0,40.0,1.5546798237388433,1.0,0.0,1.0,31.0,12.2
6TYV,ok,1.0,44.0,0.7650356259180007,1.0,1.0,1.0,13.0,9.1
6UYX,ok,2.0,45.0,0.5802184302302825,1.0,1.0,1.0,17.0,15.7
6UYY,ok,1.0,42.0,0.9867603738091211,1.0,1.0,1.0,10.0,15.2
6V2D,ok,2.0,46.0,0.3788268836992926,1.0,1.0,1.0,18.0,12.3
6V2S,ok,2.0,42.0,0.9068201695207849,1.0,1.0,1.0,6.0,8.7
6V3J,ok,1.0,46.0,0.985056622549316,1.0,1.0,1.0,9.0,13.1
6V4E,ok,2.0,44.0,0.5979197106606577,1.0,1.0,1.0,24.0,15.1
6V7K,ok,1.0,44.0,0.9277472794072995,1.0,0.0,1.0,10.0,9.8
6VJN,ok,1.0,45.0,1.2177850278098927,1.0,1.0,1.0,29.0,10.9
6WAU,ok,4.0,48.0,0.3552339510106612,1.0,1.0,1.0,49.0,13.2
6WHO,ok,3.0,47.0,3.1814697920394357,1.0,0.0,1.0,18.0,20.4
6WI3,ok,2.0,47.0,3.810304922109424,1.0,0.0,1.0,8.0,17.1
6WZZ,ok,1.0,44.0,0.4108194299738674,1.0,1.0,1.0,6.0,8.6
6X1W,ok,1.0,46.0,3.4843926960032183,1.0,0.0,1.0,4.0,11.0
6X2S,ok,1.0,47.0,0.8166362583185929,1.0,0.0,1.0,16.0,19.1
6XFK,ok,1.0,32.0,0.3798165647123471,1.0,1.0,1.0,11.0,13.3
6XIF,no_receptor_or_peptide,,,,,,,,
6XKB,ok,4.0,45.0,0.3255380027329875,1.0,1.0,1.0,55.0,17.4
6XQI,ok,2.0,45.0,0.4353549756056419,1.0,1.0,1.0,12.0,13.6
6XRO,ok,1.0,44.0,0.8856635436552617,1.0,1.0,1.0,3.0,9.5
6XS8,ok,1.0,41.0,0.37029160909175335,1.0,1.0,1.0,11.0,8.7
6XTM,ok,1.0,46.0,0.9450420982807372,1.0,1.0,1.0,14.0,10.1
6XTP,ok,1.0,46.0,0.6577963808947942,1.0,1.0,1.0,14.0,9.8
6XVT,ok,1.0,46.0,1.200551568683102,1.0,1.0,1.0,6.0,15.7
6Y0X,no_receptor_or_peptide,,,,,,,,
6Y9Q,ok,1.0,40.0,0.45172940039744136,1.0,1.0,1.0,11.0,13.1
6YN0,ok,1.0,43.0,6.416494524466547,0.0,0.0,0.0,13.0,16.9
6YSX,ok,1.0,48.0,0.8548237289383928,1.0,0.0,1.0,9.0,10.8
6Z13,ok,1.0,45.0,1.1703996893803403,1.0,0.0,1.0,14.0,11.2
6ZWK,ok,6.0,50.0,6.274808746526801,0.0,0.0,0.0,33.0,16.1
7A00,ok,2.0,42.0,0.9990265815919838,1.0,1.0,1.0,12.0,9.6
7A2W,ok,1.0,34.0,0.5349664599702235,1.0,1.0,1.0,12.0,10.9
7AA4,ok,1.0,44.0,0.4656772183609121,1.0,1.0,1.0,4.0,16.1
7AA9,ok,5.0,49.0,0.8372077993331914,1.0,1.0,1.0,45.0,18.0
7AAM,ok,1.0,49.0,0.47685562344375726,1.0,0.0,1.0,14.0,24.0
7AGB,ok,4.0,45.0,0.9698876288305532,1.0,1.0,1.0,16.0,22.3
7AGD,ok,4.0,45.0,0.38584474004642433,1.0,1.0,1.0,12.0,16.7
7B4T,ok,1.0,44.0,0.34619529678781696,1.0,1.0,1.0,14.0,12.0
7BEE,ok,2.0,43.0,2.1602275857224846,1.0,1.0,0.0,116.0,11.3
7BFI,ok,2.0,45.0,7.162892253105406,0.0,0.0,0.0,83.0,18.6
7BGT,ok,2.0,45.0,0.7178984274458441,1.0,1.0,1.0,12.0,9.2
7BP6,ok,1.0,43.0,1.0591658656284564,1.0,1.0,1.0,7.0,9.9
7BPH,ok,1.0,45.0,0.2794266529696932,1.0,1.0,1.0,13.0,9.3
7C5D,ok,2.0,44.0,0.881979849570788,1.0,0.0,1.0,28.0,9.8
7CCE,ok,1.0,44.0,0.8251973209564795,1.0,1.0,1.0,11.0,9.6
7CZM,ok,2.0,43.0,1.0225171123257937,1.0,0.0,1.0,18.0,12.8
7D3D,ok,2.0,43.0,0.32981828512987116,1.0,1.0,1.0,24.0,11.1
7D8D,ok,1.0,47.0,0.9922110197147433,1.0,1.0,1.0,6.0,10.1
7DFC,ok,1.0,47.0,5.294931772838754,0.0,0.0,0.0,12.0,15.6
7DNE,ok,2.0,45.0,0.3932425794478755,1.0,1.0,1.0,30.0,11.4
7DU4,ok,1.0,46.0,0.6097188348796047,1.0,1.0,1.0,10.0,8.3
7EF0,ok,1.0,44.0,0.8951754804097015,1.0,0.0,1.0,14.0,8.0
7EV6,ok,1.0,46.0,0.8023489435040031,1.0,1.0,1.0,4.0,8.9
7F2I,ok,1.0,40.0,0.9789833822067876,1.0,1.0,1.0,5.0,6.4
7F3S,ok,1.0,42.0,0.7933481341590932,1.0,1.0,1.0,17.0,6.7
7F5M,ok,1.0,47.0,0.810466714031421,1.0,0.0,1.0,19.0,10.1
7JVS,ok,1.0,45.0,0.294563258609411,1.0,1.0,1.0,11.0,6.9
7JYA,ok,3.0,48.0,0.31293272515305925,1.0,1.0,1.0,24.0,14.4
7KLD,ok,3.0,45.0,0.6487489467419815,1.0,1.0,1.0,17.0,7.8
7LBO,ok,2.0,42.0,1.0671133197582163,1.0,0.0,1.0,7.0,10.1
7LWH,ok,1.0,48.0,0.7292811463378976,1.0,1.0,1.0,23.0,7.8
7M10,ok,1.0,35.0,0.5284755635380134,1.0,1.0,1.0,7.0,5.2
7MGV,ok,2.0,47.0,1.1079891576848722,1.0,1.0,1.0,35.0,9.6
7N27,ok,2.0,44.0,0.5184778658372382,1.0,1.0,1.0,18.0,7.3
7NTJ,ok,2.0,41.0,0.5175743423370976,1.0,1.0,1.0,11.0,7.5
7NUF,ok,1.0,50.0,1.3306627711367978,1.0,1.0,0.0,20.0,11.6
7NXE,ok,1.0,44.0,0.8857373516492372,1.0,1.0,1.0,6.0,7.4
7O54,ok,1.0,40.0,0.9224667771799306,1.0,1.0,1.0,15.0,6.9
7OHI,ok,1.0,45.0,0.5218005487953301,1.0,1.0,1.0,14.0,7.6
7OXJ,ok,1.0,45.0,1.0412534783744836,1.0,1.0,1.0,7.0,7.6
7P70,ok,1.0,44.0,0.7376576035520512,1.0,1.0,1.0,7.0,7.6
7P74,ok,1.0,45.0,0.8164974743772297,1.0,1.0,1.0,4.0,7.8
7P8X,ok,1.0,45.0,2.58863237125107,1.0,1.0,0.0,3.0,7.8
7PVT,ok,1.0,41.0,0.40517065431561977,1.0,1.0,1.0,22.0,8.3
7Q44,ok,3.0,42.0,0.1768839881469143,1.0,1.0,1.0,26.0,10.7
7Q46,ok,3.0,46.0,0.5277738056253836,1.0,1.0,1.0,23.0,11.4
7Q4I,ok,2.0,43.0,2.2362911257167344,1.0,1.0,1.0,10.0,7.7
7Q51,ok,1.0,44.0,0.839872950717172,1.0,1.0,1.0,8.0,7.7
7QPB,ok,2.0,45.0,1.1740647476373036,1.0,1.0,1.0,18.0,7.5
7QTP,ok,1.0,42.0,0.22242302973809733,1.0,1.0,1.0,5.0,6.5
7QWV,ok,1.0,44.0,0.6463131561739069,1.0,1.0,1.0,15.0,7.6
7R8W,ok,1.0,41.0,0.33978821309395846,1.0,1.0,1.0,4.0,6.7
7RNV,ok,1.0,42.0,0.7276857328823217,1.0,1.0,1.0,4.0,6.1
7RUP,ok,1.0,31.0,1.2191033785024445,1.0,1.0,1.0,9.0,4.6
7S5G,ok,1.0,46.0,6.249211809833976,0.0,0.0,0.0,4.0,7.9
7S7J,ok,1.0,43.0,0.5489320756070304,1.0,1.0,1.0,18.0,6.7
7T1L,ok,1.0,43.0,0.6415566935726673,1.0,1.0,1.0,10.0,6.9
7T6I,ok,1.0,46.0,0.5198288849549104,1.0,0.0,1.0,16.0,7.7
7T8Y,ok,1.0,43.0,0.6114722763481812,1.0,1.0,1.0,6.0,7.1
7TMX,ok,2.0,46.0,0.856146915629271,1.0,1.0,1.0,11.0,8.6
7TSQ,ok,2.0,45.0,0.37264101298025354,1.0,1.0,1.0,9.0,8.0
7TSX,ok,2.0,44.0,0.5216913442614373,1.0,1.0,1.0,9.0,7.5
7UDL,ok,1.0,47.0,0.2528777296958327,1.0,1.0,1.0,33.0,7.4
7UO3,ok,1.0,43.0,1.4540238663458123,1.0,1.0,1.0,4.0,6.9
7UVA,ok,2.0,46.0,0.6541155606363941,1.0,1.0,1.0,17.0,11.7
7UVE,ok,1.0,43.0,1.0716557761686676,1.0,0.0,1.0,6.0,7.2
7UWI,ok,1.0,49.0,0.7209477040928615,1.0,1.0,1.0,13.0,12.9
7V1A,ok,1.0,45.0,0.9453747293751328,1.0,0.0,1.0,17.0,8.6
7VHE,ok,1.0,45.0,0.5105059719587681,1.0,0.0,1.0,4.0,8.3
7VLZ,ok,1.0,44.0,0.2554577467429541,1.0,1.0,1.0,26.0,8.4
7VMW,ok,1.0,45.0,0.514512454758657,1.0,1.0,1.0,5.0,8.0
7VYW,no_receptor_or_peptide,,,,,,,,
7W5M,ok,1.0,44.0,0.8640720773576683,1.0,1.0,1.0,15.0,11.7
7W64,ok,2.0,46.0,8.886491388573845,0.0,0.0,0.0,66.0,17.6
7WEG,ok,2.0,42.0,0.35387965657565823,1.0,1.0,1.0,14.0,6.6
7WFY,ok,1.0,46.0,1.2434214830173498,1.0,1.0,1.0,6.0,7.0
7WMH,ok,1.0,42.0,0.49264936703163537,1.0,0.0,1.0,11.0,6.8
7XJO,ok,2.0,45.0,0.31660566471856166,1.0,1.0,1.0,6.0,7.4
7YBF,ok,1.0,46.0,1.2080252022896596,1.0,1.0,1.0,12.0,8.2
7YF2,ok,2.0,45.0,0.7305410897312659,1.0,1.0,1.0,24.0,7.6
7YH8,no_receptor_or_peptide,,,,,,,,
7YKH,ok,2.0,46.0,0.6881849409341912,1.0,1.0,1.0,23.0,7.8
7YTA,ok,3.0,42.0,0.4622951715984551,1.0,0.0,1.0,26.0,7.1
7YXC,ok,1.0,42.0,0.6935668682751048,1.0,0.0,1.0,11.0,6.6
7YXW,ok,1.0,45.0,0.19195296746506194,1.0,1.0,1.0,11.0,7.2
7Z7C,ok,1.0,47.0,0.6637080959743356,1.0,1.0,1.0,22.0,8.7
7ZDD,ok,1.0,43.0,0.7701513696874172,1.0,1.0,1.0,9.0,6.5
7ZX4,ok,3.0,44.0,0.6889251645746035,1.0,1.0,1.0,27.0,10.4
8ACK,ok,2.0,47.0,0.38753621235601093,1.0,1.0,1.0,18.0,10.1
8AGY,ok,1.0,43.0,4.297542517462971,0.0,0.0,0.0,4.0,6.8
8AI5,ok,1.0,45.0,0.8994128455302312,1.0,1.0,1.0,22.0,8.2
8ALX,ok,1.0,43.0,0.2332459240559706,1.0,1.0,1.0,7.0,9.1
8B4J,ok,1.0,46.0,0.5698046936533752,1.0,1.0,1.0,14.0,7.8
8B9P,ok,2.0,49.0,0.5578900542939723,1.0,1.0,1.0,34.0,12.0
8B9V,ok,1.0,50.0,0.31275379523690366,1.0,1.0,1.0,11.0,8.8
8BP4,ok,3.0,45.0,0.9118607720210382,1.0,1.0,1.0,11.0,7.8
8BRH,ok,1.0,49.0,0.8142094059690701,1.0,1.0,1.0,7.0,14.9
8BV7,ok,1.0,41.0,0.6165358675800331,1.0,1.0,1.0,7.0,7.5
8BVA,ok,1.0,46.0,0.6590220184191469,1.0,1.0,1.0,5.0,7.0
8BYJ,ok,2.0,48.0,0.36446299123154646,1.0,1.0,1.0,34.0,12.9
8BZL,ok,6.0,49.0,1.7719579921598563,1.0,1.0,0.0,23.0,33.6
8C1J,ok,1.0,44.0,0.5133136471409588,1.0,1.0,1.0,6.0,8.6
8C1L,ok,1.0,46.0,1.4856075888137024,1.0,0.0,1.0,9.0,10.4
8CME,ok,3.0,48.0,0.809165571155851,1.0,0.0,1.0,45.0,17.6
8COY,ok,2.0,49.0,0.602734168121911,1.0,1.0,1.0,10.0,10.2
8CZK,ok,2.0,49.0,0.5471540483226796,1.0,1.0,1.0,10.0,9.6
8DS8,ok,2.0,44.0,0.3787913711139132,1.0,0.0,1.0,14.0,8.8
8DTU,ok,1.0,46.0,0.5430105302389767,1.0,1.0,1.0,6.0,7.3
8DZV,ok,1.0,43.0,0.6330937481390189,1.0,1.0,1.0,12.0,7.2
8EI4,ok,1.0,45.0,0.43765795775126676,1.0,1.0,1.0,16.0,7.6
8F9T,ok,2.0,43.0,0.27194351230464264,1.0,1.0,1.0,22.0,10.6
8FG6,ok,1.0,43.0,0.5889151814715213,1.0,1.0,1.0,8.0,6.3
8FSQ,ok,1.0,47.0,0.7653282008721715,1.0,1.0,1.0,5.0,9.5
8FUD,ok,2.0,46.0,0.4016533429713119,1.0,0.0,1.0,15.0,8.5
8GJF,ok,3.0,47.0,0.2580534748866828,1.0,0.0,1.0,39.0,8.7
8GNN,ok,1.0,49.0,0.8706220617325529,1.0,1.0,1.0,10.0,10.1
8GQA,ok,1.0,48.0,0.8322082571888677,1.0,1.0,1.0,9.0,7.4
8GTX,ok,1.0,44.0,0.7158060276387676,1.0,1.0,1.0,20.0,8.3
8HLO,ok,1.0,32.0,1.0294307158942282,1.0,1.0,1.0,13.0,5.3
8I82,no_receptor_or_peptide,,,,,,,,
8I8H,no_receptor_or_peptide,,,,,,,,
8IJ0,ok,1.0,47.0,0.5295613327421249,1.0,1.0,1.0,20.0,8.4
8IR4,ok,1.0,48.0,0.8998598887657769,1.0,1.0,1.0,28.0,8.1
8J5U,ok,1.0,39.0,0.5069373363631257,1.0,1.0,1.0,9.0,6.3
8JG4,ok,2.0,45.0,4.204989406403065,0.0,0.0,0.0,10.0,7.6
8JJV,ok,1.0,43.0,0.6031168479701793,1.0,1.0,1.0,11.0,7.0
8JYQ,ok,2.0,45.0,0.5974567529438294,1.0,1.0,1.0,15.0,7.8
8JZW,ok,1.0,45.0,0.4051814118442436,1.0,1.0,1.0,25.0,6.9
8KCV,ok,2.0,45.0,0.6215200482867428,1.0,1.0,1.0,18.0,10.2
8KDX,ok,1.0,35.0,0.5894962751301626,1.0,0.0,1.0,10.0,4.8
8OKF,ok,1.0,42.0,0.5081274130572992,1.0,0.0,1.0,9.0,5.6
8P9R,ok,1.0,41.0,0.7786244434605547,1.0,1.0,1.0,9.0,6.1
8PN5,ok,7.0,50.0,5.144874011950858,0.0,0.0,0.0,87.0,32.4
8PUU,ok,1.0,41.0,3.1091690063095676,1.0,1.0,0.0,8.0,6.2
8Q7I,ok,1.0,45.0,0.8446001651074222,1.0,1.0,1.0,12.0,8.8
8QCI,ok,1.0,45.0,0.4295744379272327,1.0,1.0,1.0,10.0,13.8
8QLM,ok,2.0,46.0,0.8274693060336533,1.0,1.0,1.0,22.0,12.6
8QLV,ok,1.0,45.0,0.26946348238433127,1.0,1.0,1.0,10.0,6.7
8QTT,ok,10.0,47.0,1.7109428206115713,1.0,1.0,1.0,49.0,33.2
8R58,ok,1.0,46.0,0.7849467297885295,1.0,1.0,1.0,10.0,10.6
8R7U,no_receptor_or_peptide,,,,,,,,
8RBH,ok,2.0,40.0,0.36445156239583815,1.0,1.0,1.0,15.0,8.7
8RTE,ok,2.0,44.0,0.7799915282854932,1.0,1.0,1.0,12.0,9.1
8S6O,ok,8.0,42.0,0.850769224130296,1.0,1.0,1.0,48.0,8.9
8S6U,ok,1.0,43.0,0.4977202546969263,1.0,1.0,1.0,29.0,6.8
8SKJ,ok,3.0,47.0,0.2933008987473031,1.0,1.0,1.0,56.0,8.4
8SP6,ok,2.0,45.0,0.5021099995507674,1.0,1.0,1.0,18.0,8.9
8SRU,ok,4.0,47.0,0.6700770981663418,1.0,1.0,1.0,16.0,11.6
8T0P,ok,1.0,44.0,0.16409523021928787,1.0,0.0,1.0,18.0,6.6
8TG7,ok,1.0,42.0,0.5979651403785678,1.0,1.0,1.0,20.0,6.4
8TG8,ok,1.0,37.0,0.7644049982389501,1.0,1.0,1.0,10.0,5.8
8TH6,ok,4.0,45.0,0.6323764145511909,1.0,1.0,1.0,70.0,11.0
8TI7,ok,4.0,44.0,0.385419915884374,1.0,0.0,1.0,96.0,9.7
8TM9,no_receptor_or_peptide,,,,,,,,
8TTT,ok,1.0,48.0,0.6246092325138505,1.0,0.0,1.0,6.0,7.1
8TTV,ok,1.0,47.0,1.8576822179153583,1.0,0.0,1.0,4.0,8.4
8V3O,ok,1.0,46.0,0.5549392984822747,1.0,1.0,1.0,6.0,7.3
8V3P,no_receptor_or_peptide,,,,,,,,
8V5Y,ok,1.0,41.0,0.694386941742762,1.0,1.0,1.0,6.0,7.8
8VJW,ok,2.0,47.0,0.972955149046971,1.0,1.0,1.0,8.0,13.6
8VLD,ok,2.0,39.0,0.7792645629677606,1.0,1.0,1.0,10.0,5.1
8VP4,ok,2.0,46.0,0.3746263362011477,1.0,1.0,1.0,8.0,7.5
8Y47,ok,1.0,44.0,0.817450570565541,1.0,1.0,1.0,12.0,7.1
8YE8,ok,1.0,46.0,4.092650841512743,0.0,0.0,0.0,5.0,9.6
9B0A,ok,2.0,45.0,0.22333152261363232,1.0,1.0,1.0,36.0,7.3
9BT3,ok,6.0,49.0,0.21397388677184195,1.0,1.0,1.0,104.0,14.6
9BTN,ok,1.0,48.0,0.6939683249891275,1.0,1.0,1.0,13.0,8.2
9D34,ok,1.0,38.0,0.6018627024864723,1.0,1.0,1.0,5.0,5.2
9DPF,ok,2.0,49.0,1.0364970363103785,1.0,1.0,1.0,34.0,8.2
9E0V,ok,1.0,44.0,2.6948935943844066,1.0,0.0,1.0,10.0,6.4
9EAF,ok,2.0,47.0,1.1328955043694275,1.0,1.0,1.0,15.0,7.3
9EBY,ok,1.0,46.0,0.30898135804096766,1.0,1.0,1.0,5.0,6.3
9EJG,ok,1.0,46.0,0.7056443120410383,1.0,0.0,1.0,10.0,10.9
9FKU,ok,2.0,45.0,0.5717126099379337,1.0,1.0,1.0,12.0,9.6
9FM5,ok,2.0,45.0,0.7805081667403249,1.0,1.0,1.0,8.0,9.5
9G4A,ok,1.0,45.0,0.5050448505567849,1.0,1.0,1.0,15.0,7.0
9G7U,ok,1.0,43.0,0.5380365620958334,1.0,1.0,1.0,11.0,6.4
9G8H,ok,1.0,48.0,4.859525835625057,0.0,0.0,0.0,6.0,8.1
9GHK,ok,1.0,41.0,0.5231717786355857,1.0,1.0,1.0,7.0,6.3
9GVU,ok,1.0,46.0,0.6125723948124118,1.0,1.0,1.0,24.0,6.5
9H3D,ok,6.0,45.0,0.649335689811451,1.0,1.0,1.0,97.0,6.7
9I0E,ok,1.0,38.0,0.6727742903078432,1.0,1.0,1.0,10.0,5.7
9IA3,ok,1.0,46.0,7.171702770979473,0.0,0.0,0.0,23.0,7.1
9J5E,ok,1.0,43.0,0.7334981205834367,1.0,0.0,1.0,11.0,6.3
9JNM,ok,1.0,49.0,0.43027979043175046,1.0,1.0,1.0,24.0,7.7
9JUI,ok,1.0,42.0,0.7871311767713577,1.0,1.0,1.0,9.0,6.1
9JVJ,ok,1.0,44.0,0.7174604806646702,1.0,1.0,1.0,5.0,6.0
9LXG,ok,1.0,38.0,0.7570369920172968,1.0,1.0,1.0,13.0,5.6
9M4R,ok,1.0,26.0,0.9304636140063725,1.0,1.0,1.0,5.0,3.6
9M4S,ok,1.0,37.0,0.5720874988121376,1.0,1.0,1.0,8.0,6.0
9N28,ok,1.0,45.0,0.672151640640068,1.0,0.0,1.0,11.0,7.9
9NLO,ok,2.0,49.0,0.7500381375912751,1.0,1.0,1.0,6.0,7.5
9NMW,ok,1.0,43.0,0.5553214274460929,1.0,1.0,1.0,9.0,9.1
9OJ3,ok,1.0,46.0,0.33740307335594266,1.0,1.0,1.0,30.0,7.1
9P4B,ok,2.0,47.0,0.7376187865698441,1.0,1.0,1.0,24.0,8.5
9P4H,no_receptor_or_peptide,,,,,,,,
9PFD,ok,1.0,40.0,0.8250111098282142,1.0,1.0,1.0,12.0,6.0
9PLW,ok,1.0,49.0,0.5270054216727162,1.0,1.0,1.0,5.0,7.4
9QHL,ok,3.0,39.0,0.5327229725523,1.0,1.0,1.0,45.0,5.3
9QM9,ok,1.0,46.0,0.45792202181147434,1.0,1.0,1.0,10.0,6.6
9R4D,ok,1.0,46.0,0.6124701948631621,1.0,1.0,1.0,16.0,7.3
9R9B,ok,1.0,47.0,16.42050596723099,0.0,0.0,0.0,18.0,12.1
9RA5,no_receptor_or_peptide,,,,,,,,
9S1S,ok,1.0,41.0,1.6297267921318042,1.0,0.0,1.0,3.0,7.6
9SVZ,ok,1.0,48.0,0.6193599249123085,1.0,1.0,1.0,18.0,11.7
9TDZ,ok,1.0,48.0,0.7485376666148029,1.0,1.0,1.0,8.0,7.3
9TG7,ok,1.0,45.0,0.7804645786773565,1.0,1.0,1.0,7.0,7.1
9UF9,ok,1.0,45.0,0.2952127072839988,1.0,1.0,1.0,3.0,7.9
9UPI,no_receptor_or_peptide,,,,,,,,
9UPK,no_receptor_or_peptide,,,,,,,,
9VFL,ok,11.0,45.0,0.5108304878492429,1.0,1.0,1.0,122.0,14.1
9VNO,ok,1.0,43.0,0.47343791286855,1.0,1.0,1.0,8.0,6.4
9VXG,ok,1.0,43.0,7.871158220702441,0.0,0.0,0.0,16.0,7.0
9WOY,ok,2.0,44.0,0.4598643579356644,1.0,1.0,1.0,28.0,8.0
9YBQ,ok,6.0,49.0,0.8299769283454406,1.0,0.0,1.0,24.0,16.6
9ZIQ,ok,2.0,49.0,0.3084292298029115,1.0,1.0,1.0,14.0,10.6
