pdb,status,n_sites,n_cands,best_dca,hit,n_atoms,seconds
10QV,ok,5.0,30.0,0.6856015091768356,1.0,8679.0,4.1
12GS,ok,2.0,30.0,0.7218422603433646,1.0,3262.0,2.9
13TC,ok,1.0,30.0,1.2063768670749682,1.0,1265.0,3.2
13YB,ok,1.0,30.0,15.073159468071681,0.0,3639.0,3.4
13YH,ok,2.0,30.0,0.6279336245040037,1.0,3639.0,3.1
13ZL,ok,2.0,30.0,1.945920498255473,1.0,3639.0,2.8
1A28,ok,2.0,30.0,0.5695957818108864,1.0,4036.0,3.6
1A7D,no_protein_or_ligand,,,,,,
1AE1,ok,2.0,30.0,0.34102673576791176,1.0,3829.0,2.7
1AL6,ok,1.0,30.0,0.5848162120540221,1.0,3391.0,3.0
1AOG,ok,2.0,30.0,0.5070741381315934,1.0,7447.0,3.4
1AP9,ok,1.0,30.0,0.40216865179936445,1.0,1694.0,3.2
1ATL,ok,2.0,30.0,0.6974391925226537,1.0,3210.0,2.7
1B0P,ok,8.0,30.0,1.5093668545472592,1.0,18764.0,5.1
1B5P,ok,2.0,30.0,0.5833118996623451,1.0,5892.0,2.8
1B8N,ok,1.0,30.0,0.9723661718933394,1.0,2182.0,3.7
1BL4,ok,2.0,30.0,0.2967233805127872,1.0,1656.0,3.5
1C1X,ok,4.0,30.0,0.2097131712926303,1.0,5017.0,3.0
1C4V,ok,1.0,30.0,0.8361129665963686,1.0,2396.0,3.0
1C80,ok,2.0,30.0,0.873151098537884,1.0,3110.0,3.0
1CNT,no_protein_or_ligand,,,,,,
1CU0,ok,1.0,30.0,1.1400892887826084,1.0,1292.0,3.6
1CZC,ok,1.0,30.0,0.3627971401953286,1.0,3072.0,3.1
1DHJ,ok,2.0,30.0,0.33643836744121036,1.0,2494.0,3.1
1DJX,ok,2.0,30.0,1.4028724201436669,1.0,8535.0,4.6
1DK0,ok,2.0,30.0,0.4946943205688956,1.0,2512.0,3.4
1DOR,ok,2.0,30.0,0.6631231656170732,1.0,4818.0,2.6
1E1L,ok,2.0,30.0,0.35040458887415976,1.0,3505.0,3.2
1E92,ok,4.0,30.0,0.5483910535174868,1.0,7806.0,3.7
1EL5,ok,2.0,30.0,0.46630364361481674,1.0,6016.0,2.7
1EVL,ok,4.0,30.0,1.1630740207592447,1.0,13062.0,3.8
1EWH,ok,3.0,30.0,0.5345733822662055,1.0,5748.0,3.6
1EZ1,ok,5.0,30.0,0.5448337957599315,1.0,5930.0,3.4
1EZ4,ok,4.0,30.0,0.7915601039476634,1.0,9392.0,3.5
1F3L,ok,1.0,30.0,0.7294887032322027,1.0,2496.0,3.2
1F5F,ok,1.0,30.0,0.8787783248637638,1.0,1340.0,2.9
1F9W,ok,2.0,30.0,0.18839961498080968,1.0,4744.0,3.3
1FCY,ok,2.0,30.0,0.6500056957015424,1.0,1856.0,3.0
1FDD,ok,1.0,30.0,1.559279163150131,1.0,841.0,2.7
1FJ6,ok,1.0,30.0,0.6257384372377448,1.0,2505.0,3.0
1FKJ,ok,1.0,30.0,0.8477496724367412,1.0,832.0,3.9
1FOL,ok,2.0,30.0,0.8781368676132367,1.0,6593.0,2.9
1FPE,ok,4.0,30.0,0.6836390604155249,1.0,4852.0,2.7
1FZU,ok,1.0,30.0,0.4839424555815738,1.0,775.0,3.0
1G0K,ok,1.0,30.0,0.7158298140656529,1.0,1307.0,3.1
1G2N,ok,1.0,30.0,0.6767990334738598,1.0,1939.0,3.0
1G3E,ok,1.0,30.0,1.0214497354170102,1.0,1629.0,3.0
1GFI,ok,1.0,30.0,0.6654633246919058,1.0,2516.0,3.3
1GP2,ok,1.0,30.0,0.8883987184070795,1.0,5779.0,2.7
1GQK,ok,2.0,30.0,0.8215342126686118,1.0,11376.0,3.8
1GS5,ok,2.0,30.0,0.6841400599928891,1.0,1903.0,3.3
1GUA,ok,1.0,30.0,0.324890419240467,1.0,1939.0,3.0
1GZR,ok,1.0,27.0,0.9862317978901032,1.0,469.0,3.0
1H6H,ok,1.0,30.0,1.2644375731075264,1.0,1150.0,3.4
1H74,ok,4.0,30.0,0.3754125719719704,1.0,9076.0,3.4
1H7Q,ok,1.0,30.0,1.000219062269203,1.0,1984.0,3.8
1H8I,ok,1.0,30.0,0.5953391783341389,1.0,2352.0,3.1
1HK4,ok,1.0,30.0,0.6335955536780417,1.0,4490.0,2.7
1HW8,ok,6.0,30.0,0.684400256176465,1.0,11565.0,3.6
1HYB,ok,1.0,30.0,0.7269245336292176,1.0,1274.0,3.1
1I19,ok,2.0,30.0,0.36020235713767174,1.0,8415.0,3.4
1I5S,ok,1.0,30.0,0.6518095971561179,1.0,2596.0,3.2
1IG0,ok,2.0,30.0,1.1061940468113558,1.0,5124.0,2.9
1II7,ok,1.0,30.0,0.6994788524880329,1.0,5501.0,3.6
1IIH,ok,1.0,30.0,0.7684138056047578,1.0,3766.0,3.2
1IM8,ok,2.0,30.0,0.5678792971541349,1.0,3589.0,2.6
1IO3,ok,1.0,30.0,0.6617329689177183,1.0,821.0,3.0
1IUU,ok,1.0,30.0,0.47436303659037365,1.0,3124.0,2.8
1JAF,ok,2.0,30.0,0.5759027805905462,1.0,1780.0,3.2
1JDO,ok,1.0,30.0,0.7143186210756669,1.0,1228.0,3.0
1JEU,no_protein_or_ligand,,,,,,
1JG7,ok,1.0,30.0,0.8213522217173697,1.0,2869.0,2.9
1JHA,ok,1.0,30.0,0.6344630674386107,1.0,2429.0,3.3
1JP4,ok,1.0,30.0,0.5029763974694689,1.0,2257.0,3.2
1JS2,ok,4.0,30.0,1.3707026045242492,1.0,2640.0,3.0
1JXM,ok,1.0,30.0,2.5829505062321325,1.0,2069.0,3.1
1K0G,ok,2.0,30.0,0.7505755861726461,1.0,6628.0,3.4
1K1I,ok,1.0,30.0,1.0277724743757002,1.0,1629.0,3.1
1K4D,ok,1.0,30.0,12.234753149404643,0.0,3993.0,3.6
1KAH,ok,2.0,30.0,1.4984803276098295,1.0,6432.0,3.1
1KAV,ok,1.0,30.0,0.5276761993981087,1.0,2427.0,2.9
1KEC,ok,1.0,30.0,1.279747557318941,1.0,6074.0,3.8
1KHE,ok,1.0,30.0,0.5816868847671982,1.0,4721.0,3.1
1KI4,ok,2.0,30.0,0.8743178006532306,1.0,4625.0,2.7
1KWU,ok,3.0,30.0,11.371251637733717,0.0,3459.0,3.4
1L6Y,ok,2.0,30.0,0.9822920108133399,1.0,4906.0,2.6
1L8P,ok,4.0,30.0,1.362538309322314,1.0,13160.0,5.8
1LGT,ok,2.0,30.0,0.48976555537467165,1.0,2205.0,2.9
1LH1,ok,1.0,30.0,0.18644625053057792,1.0,1178.0,2.9
1LOY,ok,1.0,30.0,0.9620225348026326,1.0,772.0,3.0
1LWL,ok,2.0,30.0,0.4954026287229353,1.0,3199.0,2.9
1LXY,ok,2.0,30.0,0.8369520896308476,1.0,6540.0,3.0
1MJ7,ok,1.0,30.0,0.49654901895217307,1.0,3158.0,2.9
1ML4,ok,1.0,30.0,1.4791738817544573,1.0,2450.0,3.0
1MMZ,ok,2.0,30.0,1.0249438340064136,1.0,5364.0,3.0
1N2B,ok,2.0,30.0,0.13196545786423422,1.0,4182.0,2.5
1N7M,ok,1.0,30.0,0.9131598774120444,1.0,3261.0,3.3
1N83,ok,1.0,30.0,0.3345886110131675,1.0,2066.0,3.6
1NDY,ok,1.0,30.0,0.71657895146519,1.0,2788.0,2.8
1NGJ,ok,1.0,30.0,0.6340637070190832,1.0,2958.0,3.4
1NHJ,ok,1.0,30.0,1.018654966029866,1.0,2620.0,2.9
1NHX,ok,2.0,30.0,0.5579881589971015,1.0,4735.0,3.4
1NJJ,ok,7.0,30.0,1.0463780218679957,1.0,11019.0,7.2
1NOJ,ok,2.0,30.0,1.028945791933903,1.0,6759.0,2.9
1O03,ok,1.0,30.0,0.9218505616571976,1.0,1707.0,3.3
1O0M,ok,2.0,30.0,0.5789410739585557,1.0,1902.0,3.2
1O5B,ok,1.0,30.0,0.5512678728195848,1.0,1989.0,3.2
1O6L,ok,1.0,30.0,0.6392308790020091,1.0,2659.0,3.2
1OE7,ok,2.0,30.0,1.2731094321124865,1.0,3254.0,2.5
1OIN,ok,2.0,30.0,2.041743042673858,1.0,7108.0,3.5
1OJ6,ok,4.0,30.0,0.3380794162777173,1.0,4584.0,2.6
1OKC,ok,6.0,30.0,0.6085280455510855,1.0,2254.0,3.2
1OWO,ok,1.0,30.0,0.443911444880732,1.0,3781.0,2.7
1OXO,ok,2.0,30.0,0.8606115233438044,1.0,6322.0,3.0
1P3U,ok,1.0,30.0,1.0175003988017957,1.0,1578.0,3.1
1PHE,ok,1.0,30.0,0.6240627574804831,1.0,3204.0,3.1
1PSC,ok,2.0,30.0,1.644263992838987,1.0,5021.0,2.9
1Q4S,ok,2.0,30.0,1.0556304887936085,1.0,2148.0,3.0
1QBV,ok,1.0,30.0,0.4502726281740614,1.0,2314.0,3.1
1QJ8,ok,1.0,30.0,0.9855770950046919,1.0,1158.0,3.5
1RAF,ok,2.0,30.0,0.5451593397052062,1.0,7222.0,4.1
1RE1,ok,1.0,30.0,1.2612271051652635,1.0,1869.0,4.3
1REF,ok,1.0,30.0,0.44908409206246946,1.0,2944.0,3.1
1REQ,ok,2.0,30.0,0.7789395473555432,1.0,20510.0,9.7
1RGA,ok,2.0,29.0,0.5363789856464941,1.0,781.0,2.7
1RMQ,no_protein_or_ligand,,,,,,
1RW8,ok,1.0,30.0,0.2744216877271504,1.0,2418.0,3.5
1S5N,ok,1.0,30.0,0.5829308875777789,1.0,3025.0,3.4
1SNM,ok,1.0,30.0,0.8104390483272381,1.0,1082.0,4.0
1T1R,ok,2.0,30.0,0.7197471600581637,1.0,6052.0,3.1
1TA8,ok,1.0,30.0,1.0885766460034578,1.0,2513.0,3.3
1TRB,ok,1.0,30.0,0.6788617340719306,1.0,2394.0,3.5
1TSN,ok,2.0,30.0,0.33305155605421694,1.0,2142.0,3.4
1TZJ,ok,4.0,30.0,0.6528702603068555,1.0,10068.0,4.0
1U1I,ok,4.0,30.0,0.4476840224919537,1.0,12336.0,3.8
1U30,ok,2.0,30.0,0.8371187961772277,1.0,3937.0,3.5
1U32,ok,1.0,30.0,0.83268445466142,1.0,2371.0,3.3
1U9M,ok,6.0,30.0,0.2793481577565244,1.0,4038.0,2.6
1UBM,ok,3.0,30.0,1.4073189451404073,1.0,6196.0,2.8
1UEU,ok,1.0,30.0,0.9206374432773865,1.0,3577.0,3.5
1UHE,ok,1.0,30.0,0.5352172269275327,1.0,948.0,3.7
1UHJ,ok,2.0,30.0,0.46196245067571623,1.0,3020.0,2.6
1UIW,ok,8.0,30.0,0.5891489199047277,1.0,8759.0,3.8
1UMA,ok,1.0,30.0,0.807012645642524,1.0,2419.0,2.8
1UMB,ok,2.0,30.0,0.8490181801377187,1.0,10675.0,3.5
1UX9,ok,4.0,30.0,0.3107018206003206,1.0,2464.0,2.5
1UZ4,ok,1.0,30.0,1.2186990519945085,1.0,3308.0,2.6
1V0M,ok,1.0,30.0,2.7033219562689137,1.0,2330.0,3.3
1V5Y,ok,2.0,30.0,0.45089425024581925,1.0,3468.0,2.7
1V9N,ok,1.0,30.0,0.7359816222692684,1.0,2617.0,2.8
1VP4,ok,2.0,30.0,0.5803093054968267,1.0,6535.0,2.8
1WAD,ok,4.0,30.0,0.5147549380416948,1.0,799.0,3.9
1WC0,ok,2.0,30.0,0.4902549134882082,1.0,3042.0,2.8
1WCQ,ok,3.0,30.0,1.2068476582522745,1.0,13589.0,7.6
1WTC,ok,2.0,30.0,0.8462547647104928,1.0,2397.0,3.5
1WUA,ok,1.0,30.0,0.8162133470742045,1.0,2791.0,4.2
1XGI,ok,1.0,30.0,0.9361380125786701,1.0,5401.0,3.9
1XJM,ok,4.0,30.0,0.6023166581234025,1.0,9828.0,3.4
1XK3,ok,2.0,30.0,1.0327296113590094,1.0,3486.0,3.1
1XQ3,ok,1.0,30.0,0.6489496161459198,1.0,1988.0,3.0
1XXN,ok,1.0,30.0,0.49626480173648013,1.0,1447.0,3.1
1Y30,ok,1.0,30.0,0.39481724310305627,1.0,2232.0,3.2
1Y8J,ok,1.0,30.0,0.5649215702604505,1.0,5595.0,2.9
1YBQ,ok,2.0,30.0,0.5912250126733314,1.0,5751.0,3.3
1YEA,ok,1.0,30.0,0.4508224827965952,1.0,862.0,2.5
1YNU,ok,1.0,30.0,0.633060243033899,1.0,3300.0,2.7
1YWA,ok,1.0,30.0,0.547238305655867,1.0,1428.0,2.6
1YWB,ok,1.0,30.0,0.4315221369158344,1.0,1428.0,2.9
1YWQ,ok,1.0,30.0,1.214814149921801,1.0,1600.0,3.1
1YZN,ok,1.0,30.0,0.6045334528382008,1.0,1391.0,3.4
1Z84,ok,2.0,30.0,0.7186931789484976,1.0,4877.0,3.0
1ZEJ,ok,1.0,30.0,2.2845374579618554,1.0,2202.0,3.9
1ZPZ,ok,1.0,30.0,0.6159260682273463,1.0,1841.0,2.9
1ZZ1,ok,4.0,30.0,0.5021756777365404,1.0,10988.0,4.4
24AQ,ok,1.0,30.0,2.436152221210731,1.0,2544.0,3.7
2A2S,ok,2.0,30.0,1.086503724620017,1.0,3284.0,2.8
2A3A,ok,6.0,30.0,1.0019974677099597,1.0,6132.0,3.3
2A4R,ok,1.0,30.0,0.4496545499430614,1.0,2724.0,3.4
2A7X,ok,1.0,30.0,1.1048395194037746,1.0,2034.0,2.8
2A8T,ok,4.0,30.0,0.4164388557864653,1.0,2924.0,3.0
2ABK,ok,1.0,30.0,1.586419092066191,1.0,1655.0,3.5
2AG4,ok,2.0,30.0,0.5824891725547138,1.0,2496.0,3.4
2AL1,ok,2.0,30.0,0.6779679204311874,1.0,6555.0,3.0
2AL5,ok,3.0,30.0,0.8823688518633638,1.0,4016.0,2.8
2AN9,ok,4.0,30.0,0.29266482342801814,1.0,3290.0,3.4
2AUQ,ok,2.0,30.0,0.48353917490533,1.0,2224.0,2.9
2AVN,ok,2.0,30.0,0.6626344494108352,1.0,3991.0,2.8
2AX0,ok,2.0,30.0,0.46237071354746967,1.0,8644.0,3.9
2B00,ok,1.0,30.0,0.7769666177284709,1.0,971.0,3.3
2BGU,ok,1.0,30.0,0.9191460249504879,1.0,2672.0,3.2
2BIA,ok,2.0,30.0,0.7125910020932054,1.0,5601.0,2.9
2BIG,ok,2.0,30.0,0.7130424740140466,1.0,5586.0,3.2
2BKL,ok,3.0,30.0,1.0961882716496618,1.0,10717.0,4.0
2BKS,ok,1.0,30.0,0.45417566122591946,1.0,5080.0,3.5
2BT6,ok,2.0,30.0,2.1826408425504873,1.0,1605.0,3.6
2C27,ok,3.0,30.0,0.5206451768358706,1.0,2274.0,3.6
2C29,ok,4.0,30.0,0.520776612416074,1.0,4990.0,3.4
2C2N,ok,1.0,30.0,1.216328313871259,1.0,4779.0,4.1
2C2Z,ok,1.0,30.0,1.072510800559856,1.0,1936.0,3.4
2C4M,ok,4.0,30.0,1.1241474225944117,1.0,25326.0,7.5
2CDC,ok,6.0,30.0,0.9657402879421647,1.0,11288.0,3.9
2CDV,ok,4.0,30.0,0.3969674997743359,1.0,801.0,2.8
2CES,ok,2.0,30.0,1.3389826090774872,1.0,7155.0,3.4
2CFI,ok,1.0,30.0,1.183331472642292,1.0,2409.0,3.5
2CHX,ok,1.0,30.0,1.0233617673899282,1.0,6837.0,3.4
2CJE,ok,1.0,30.0,0.9097422622338748,1.0,2000.0,3.8
2CJZ,ok,1.0,30.0,0.5615864283856967,1.0,2194.0,3.5
2CLM,ok,2.0,30.0,0.33016636393760046,1.0,4870.0,2.9
2CZC,ok,4.0,30.0,0.7530593768503908,1.0,10474.0,4.1
2D06,ok,4.0,30.0,0.38093025908885203,1.0,4585.0,2.7
2DD7,ok,1.0,30.0,15.163091812345197,0.0,3402.0,3.4
2DE3,ok,2.0,30.0,0.4817728442563782,1.0,5225.0,3.2
2DRE,ok,2.0,30.0,0.5830059760416966,1.0,5353.0,3.8
2DV7,ok,1.0,30.0,0.43655033032095364,1.0,4176.0,2.9
2E1T,ok,2.0,30.0,1.1159016496996566,1.0,6932.0,2.9
2ECU,ok,1.0,30.0,0.40951836298477307,1.0,2260.0,3.2
2F07,ok,2.0,30.0,0.5965168877775433,1.0,3185.0,2.7
2F6V,ok,1.0,30.0,0.7437284672944872,1.0,2427.0,3.5
2F8P,ok,1.0,30.0,0.5185448487421732,1.0,1529.0,2.9
2FDU,ok,4.0,30.0,0.4899275805421336,1.0,15009.0,5.3
2FEQ,ok,1.0,30.0,0.8182488779933939,1.0,2319.0,3.3
2FS9,ok,4.0,30.0,0.3050041216076963,1.0,7680.0,3.4
2FSZ,ok,4.0,30.0,0.14477014776811198,1.0,3561.0,2.7
2G19,ok,1.0,30.0,1.530959012880333,1.0,1708.0,3.4
2GC3,ok,2.0,30.0,0.5239023678074796,1.0,3020.0,2.8
2GFJ,ok,2.0,30.0,0.4671083722367931,1.0,4002.0,3.1
2GJL,ok,1.0,30.0,0.5213369701663918,1.0,2419.0,3.2
2GXS,ok,2.0,30.0,0.9944899617758,1.0,3132.0,3.1
2HA6,ok,4.0,30.0,0.707817262296199,1.0,8333.0,3.3
2HNV,ok,5.0,30.0,0.6462500973676879,1.0,2780.0,3.5
2HUW,ok,2.0,30.0,0.3695495590608698,1.0,1642.0,3.1
2HVO,ok,2.0,30.0,0.7711816591654701,1.0,2517.0,3.1
2HY8,ok,1.0,30.0,0.7685088399430683,1.0,2209.0,3.2
2HZA,ok,1.0,30.0,0.9379217641211732,1.0,1945.0,3.8
2I6B,ok,2.0,30.0,0.7883442313482542,1.0,5151.0,4.0
2I7O,ok,1.0,30.0,3.9915402658469503,1.0,980.0,3.9
2I9V,ok,1.0,30.0,0.615589887351938,1.0,969.0,3.2
2IDO,ok,2.0,30.0,0.8644059048040016,1.0,3959.0,3.2
2IO6,ok,1.0,30.0,0.7595720924716034,1.0,2009.0,3.2
2ISK,ok,8.0,30.0,0.6666459758693952,1.0,13928.0,4.4
2IXC,ok,4.0,30.0,0.7309791477557045,1.0,6172.0,3.9
2IYF,ok,4.0,30.0,0.7112919152178117,1.0,5901.0,3.8
2J9X,ok,2.0,30.0,0.5896052123068897,1.0,4881.0,3.1
2JCJ,ok,1.0,30.0,1.221753442704661,1.0,2370.0,2.8
2JDZ,ok,1.0,30.0,0.9272809168418977,1.0,1761.0,3.5
2JGS,ok,4.0,30.0,0.9273247625894575,1.0,3528.0,2.5
2JI8,ok,6.0,30.0,0.4319907265702705,1.0,8326.0,3.0
2MYE,ok,1.0,30.0,0.6424741089920494,1.0,1217.0,3.5
2O06,ok,2.0,30.0,0.6464601179439587,1.0,4596.0,2.8
2OBM,ok,1.0,30.0,0.7900988796786252,1.0,2595.0,2.8
2OLC,ok,3.0,30.0,0.3899001874670477,1.0,5917.0,3.0
2OLN,ok,1.0,30.0,0.5131025739148862,1.0,3012.0,2.5
2OS1,ok,1.0,30.0,0.9042809840729034,1.0,1405.0,3.4
2P9A,ok,1.0,30.0,0.8506659941436705,1.0,2035.0,3.5
2P9T,ok,1.0,30.0,1.2809805920439807,1.0,3118.0,3.2
2PCG,ok,1.0,30.0,0.6781647089433475,1.0,4172.0,2.8
2PD6,ok,4.0,30.0,0.11004624189897261,1.0,6605.0,3.0
2PMP,ok,1.0,30.0,2.68916852689789,1.0,1220.0,3.2
2PQB,ok,1.0,30.0,0.6335963468281574,1.0,3260.0,3.3
2PR5,ok,2.0,30.0,0.3690763615876683,1.0,2043.0,3.1
2PUT,ok,8.0,30.0,1.3085517668383266,1.0,10705.0,3.8
2PV7,ok,4.0,30.0,0.4169008487178985,1.0,4427.0,2.6
2PZF,ok,2.0,30.0,0.8645902486819323,1.0,3254.0,2.7
2Q0C,ok,1.0,30.0,0.7921067228262055,1.0,5108.0,3.3
2Q0O,ok,2.0,30.0,0.4270437076475717,1.0,5050.0,3.2
2Q7A,ok,2.0,30.0,0.40664179707270637,1.0,2332.0,3.1
2QBT,ok,1.0,30.0,0.7750433186818229,1.0,3047.0,2.8
2QEO,ok,2.0,30.0,0.6777359772680445,1.0,2370.0,2.9
2QNY,ok,2.0,30.0,0.4669088733640692,1.0,4783.0,2.4
2QQ0,ok,4.0,30.0,0.36888395854663397,1.0,2659.0,2.9
2QSZ,ok,1.0,30.0,0.42669260735152803,1.0,1536.0,3.0
2QWL,ok,2.0,30.0,0.7174353572690725,1.0,5898.0,3.3
2R0C,ok,1.0,30.0,0.9107144190614428,1.0,3887.0,2.8
2R0T,ok,2.0,30.0,0.5736410231331948,1.0,6184.0,4.1
2R4Z,ok,2.0,30.0,0.41060814803704243,1.0,2251.0,3.2
2R9R,ok,13.0,30.0,0.715672091079514,1.0,11159.0,7.2
2REH,ok,4.0,30.0,0.3040108337911217,1.0,13204.0,4.4
2RFB,ok,3.0,30.0,0.3788768241151438,1.0,8181.0,3.9
2RJ4,ok,2.0,30.0,0.5641768526349161,1.0,2391.0,4.2
2RKU,ok,4.0,30.0,0.5452576465083372,1.0,2379.0,3.2
2RTE,ok,2.0,30.0,0.4781927299828031,1.0,1819.0,3.6
2UV2,ok,1.0,30.0,0.8956037494269647,1.0,2242.0,3.2
2UV7,ok,1.0,30.0,0.44597434678299713,1.0,1132.0,3.0
2V0L,ok,1.0,30.0,0.4709644573579046,1.0,3415.0,3.8
2V34,ok,3.0,30.0,1.049716302216619,1.0,4237.0,3.2
2V4J,ok,8.0,30.0,0.7949953469661476,1.0,14478.0,4.4
2VCZ,ok,5.0,30.0,0.9134823588533437,1.0,6369.0,2.7
2VD8,ok,2.0,30.0,0.35702202614571116,1.0,5809.0,2.7
2VIA,ok,1.0,30.0,0.7925299906632579,1.0,3115.0,3.5
2VIO,ok,1.0,30.0,0.8156352209477947,1.0,1952.0,3.6
2VNV,ok,5.0,30.0,0.5093609364474819,1.0,4810.0,4.4
2VRX,ok,2.0,30.0,0.7496425055700309,1.0,5182.0,4.5
2W2T,ok,1.0,30.0,0.7280985528960832,1.0,1336.0,3.8
2W3L,ok,2.0,30.0,0.5726939374281484,1.0,2318.0,3.3
2W70,ok,2.0,30.0,1.0051884457848843,1.0,6866.0,3.9
2W7J,ok,1.0,30.0,0.5773066253664667,1.0,3109.0,3.3
2WGH,ok,2.0,30.0,0.32231741345649856,1.0,10357.0,4.7
2WHQ,ok,2.0,30.0,0.32285887475505853,1.0,8293.0,3.5
2WKH,ok,2.0,30.0,1.0557172932743815,1.0,3868.0,3.1
2WKP,ok,2.0,30.0,0.20773177669765736,1.0,2544.0,3.5
2WKU,ok,4.0,30.0,4.944792941221694,0.0,11260.0,3.7
2WLG,ok,2.0,30.0,0.159856788186791,1.0,4856.0,3.4
2WR8,ok,1.0,30.0,1.254362926329348,1.0,2031.0,4.0
2X13,ok,2.0,30.0,0.3868429531337374,1.0,3063.0,3.3
2X1L,ok,6.0,30.0,1.1699774482086702,1.0,11638.0,5.7
2X4D,no_protein_or_ligand,,,,,,
2X7C,ok,4.0,30.0,0.25555206315646956,1.0,5230.0,3.3
2X7E,ok,4.0,30.0,0.3417479284166741,1.0,5244.0,3.7
2X9I,ok,4.0,30.0,0.11052186563039514,1.0,6870.0,3.8
2XAN,ok,4.0,30.0,0.6104913381409224,1.0,6590.0,4.4
2XDA,ok,1.0,30.0,0.5636200669645973,1.0,1153.0,3.6
2XIM,ok,4.0,30.0,1.453518651952192,1.0,12220.0,3.7
2Y1D,ok,1.0,30.0,0.7972012619919966,1.0,5413.0,4.2
2Y1W,ok,8.0,30.0,0.22479604276896664,1.0,11008.0,4.8
2Y59,ok,4.0,30.0,0.39002491280200996,1.0,13394.0,8.7
2Y60,ok,1.0,30.0,1.208175058823116,1.0,2639.0,3.2
2Y6B,ok,1.0,30.0,0.5844860551096719,1.0,1899.0,3.9
2YCF,ok,1.0,30.0,0.6948518001373137,1.0,2286.0,3.1
2YCP,ok,6.0,30.0,0.485819638709616,1.0,14444.0,3.8
2YFO,ok,1.0,30.0,1.2571749190780694,1.0,5714.0,3.2
2YGX,ok,4.0,30.0,0.43626711711665916,1.0,12196.0,4.0
2YMV,ok,1.0,30.0,0.7570711515090988,1.0,2533.0,3.0
2YQH,ok,2.0,30.0,0.42772462822496443,1.0,7259.0,3.7
2YQS,ok,1.0,30.0,0.38236696566951067,1.0,3653.0,2.8
2YV5,ok,1.0,30.0,0.5947499075259733,1.0,2367.0,2.9
2Z6J,ok,4.0,30.0,0.39110711422331723,1.0,4507.0,2.6
2Z73,ok,5.0,30.0,0.3288915140302776,1.0,5542.0,2.9
2ZFN,ok,1.0,30.0,0.4246064123320087,1.0,3040.0,2.7
2ZHQ,ok,1.0,30.0,1.0904119586869607,1.0,2327.0,2.7
2ZHZ,ok,2.0,30.0,0.3925342105298279,1.0,3673.0,2.8
2ZVJ,ok,2.0,30.0,0.596540264324322,1.0,1672.0,3.3
2ZYW,ok,1.0,30.0,0.7269053092953397,1.0,2423.0,3.1
3A1S,ok,2.0,30.0,1.6504291470914514,1.0,4034.0,2.7
3AH5,ok,12.0,30.0,0.294092903891479,1.0,10175.0,3.9
3ASZ,ok,2.0,30.0,0.5825153354647881,1.0,3268.0,3.2
3AV7,ok,4.0,30.0,0.9956843463061934,1.0,6494.0,3.6
3B0H,ok,2.0,30.0,1.3102750952296576,1.0,8472.0,3.6
3B3P,ok,4.0,30.0,0.31036428456051174,1.0,6676.0,3.9
3B82,ok,3.0,30.0,1.8396683308056536,1.0,23952.0,19.0
3BHH,ok,2.0,30.0,0.8743653960861537,1.0,8617.0,4.5
3BTO,ok,8.0,30.0,0.6035784463713426,1.0,11140.0,6.0
3C2C,ok,1.0,30.0,0.5402099130729837,1.0,832.0,4.0
3C41,ok,2.0,30.0,1.1110325278984259,1.0,3792.0,5.8
3C78,ok,1.0,30.0,0.2550641556728658,1.0,1428.0,4.2
3CCZ,ok,4.0,30.0,0.8299575384363616,1.0,12040.0,6.1
3CDB,ok,4.0,30.0,1.0833280373787129,1.0,12283.0,4.3
3CEA,ok,4.0,30.0,0.4241003438779785,1.0,10435.0,3.5
3CFD,ok,2.0,30.0,0.611952142255593,1.0,6641.0,4.1
3CKL,ok,4.0,30.0,0.533199990467555,1.0,4821.0,3.3
3CKN,ok,1.0,30.0,0.6966185142922272,1.0,2231.0,4.4
3CKU,ok,1.0,30.0,1.3352239483509796,1.0,2359.0,4.2
3CN8,ok,2.0,30.0,0.42225606247161185,1.0,7711.0,4.0
3CNS,ok,4.0,30.0,0.3569084800989962,1.0,7831.0,3.9
3CPJ,ok,1.0,30.0,0.4065335465281576,1.0,4749.0,3.0
3CTL,ok,6.0,30.0,0.9805420989882085,1.0,10464.0,4.0
3CW8,ok,1.0,30.0,0.35318428910716515,1.0,3723.0,2.8
3D4B,ok,1.0,30.0,0.3383683459609834,1.0,1839.0,3.2
3DHF,ok,2.0,30.0,0.46819356538884815,1.0,7422.0,3.1
3DOD,ok,2.0,30.0,0.7512631364539045,1.0,6552.0,3.3
3DPK,ok,1.0,30.0,0.4527784188510129,1.0,2208.0,2.8
3DV3,ok,2.0,30.0,0.8546615863252524,1.0,2255.0,2.8
3DYS,ok,2.0,30.0,0.5978092772637827,1.0,5384.0,3.4
3E16,ok,1.0,30.0,0.6353489949718095,1.0,1879.0,3.3
3ECN,ok,2.0,30.0,0.5334626605370012,1.0,5488.0,3.2
3EDO,ok,2.0,30.0,0.6774912986736634,1.0,2353.0,3.2
3EFW,ok,2.0,30.0,0.58277791077254,1.0,3846.0,3.2
3EHG,ok,1.0,30.0,0.6660248625080399,1.0,987.0,3.1
3EHW,ok,6.0,30.0,0.7231450890341704,1.0,6346.0,2.6
3EKU,ok,2.0,30.0,0.2459789732442151,1.0,2820.0,3.1
3EMM,ok,1.0,30.0,0.5887911125594472,1.0,1203.0,3.4
3EPW,ok,2.0,30.0,1.057664504700564,1.0,5031.0,2.9
3EQI,ok,1.0,30.0,0.7381822070681215,1.0,2466.0,2.6
3ESC,ok,1.0,30.0,0.6729931421416981,1.0,1430.0,3.0
3ETJ,ok,2.0,30.0,0.630874816764557,1.0,5537.0,3.3
3EZ2,ok,4.0,30.0,0.6593595454301496,1.0,6116.0,3.1
3F68,ok,1.0,30.0,0.546801040226215,1.0,2268.0,3.0
3F9B,ok,1.0,30.0,0.9148451688884335,1.0,2163.0,3.2
3F9M,ok,1.0,30.0,0.7324382168009044,1.0,3549.0,2.9
3FDY,ok,1.0,30.0,0.6072863785415606,1.0,4538.0,3.0
3FJZ,ok,1.0,30.0,1.129108754222655,1.0,3232.0,3.1
3FNM,ok,2.0,30.0,0.9510695482368611,1.0,8086.0,2.9
3FU0,ok,1.0,30.0,0.07547987088400192,1.0,4853.0,2.9
3FUG,ok,1.0,30.0,0.7811385898891904,1.0,1751.0,2.7
3FW3,ok,2.0,30.0,0.8563469760630794,1.0,3962.0,3.3
3G5F,ok,1.0,30.0,0.2824404840098763,1.0,3031.0,2.7
3GAL,ok,2.0,30.0,0.8561292616422582,1.0,2110.0,3.2
3GG4,ok,1.0,30.0,1.645283570112191,1.0,8181.0,3.6
3GPO,ok,4.0,30.0,0.49527410007155953,1.0,4916.0,3.3
3GSM,ok,1.0,30.0,0.8497585782966047,1.0,2512.0,3.0
3GWT,ok,1.0,30.0,0.2882887163169873,1.0,2711.0,3.0
3H18,ok,1.0,30.0,1.1611817426976263,1.0,2214.0,3.3
3H73,ok,2.0,30.0,0.9661466945118447,1.0,7518.0,3.6
3HCN,ok,4.0,30.0,0.6378263540763934,1.0,5782.0,2.7
3HHI,ok,2.0,30.0,0.4574590099856146,1.0,3990.0,4.0
3HXN,ok,5.0,30.0,0.3819458542638124,1.0,4384.0,3.4
3IBQ,ok,1.0,30.0,0.5726049648996817,1.0,2037.0,3.2
3IEI,ok,8.0,30.0,0.4253154982514491,1.0,20040.0,5.7
3IG6,ok,2.0,30.0,0.2731546924614438,1.0,3939.0,2.7
3IR5,ok,9.0,30.0,0.5222340610695175,1.0,15652.0,4.6
3IUQ,ok,1.0,30.0,0.6616634880576127,1.0,5268.0,3.1
3JV7,ok,4.0,30.0,0.4963295705232791,1.0,9892.0,3.4
3K6P,ok,1.0,30.0,0.3539897717892549,1.0,1752.0,2.7
3KAR,ok,1.0,30.0,0.6690964868905797,1.0,2475.0,2.6
3KEC,ok,2.0,30.0,0.4251998530051978,1.0,2653.0,2.9
3KJN,ok,1.0,30.0,1.0926118348357472,1.0,1906.0,3.1
3KMT,ok,3.0,30.0,0.3007479262189334,1.0,2925.0,2.9
3KZN,ok,1.0,30.0,0.7139521493029579,1.0,2607.0,3.0
3L0D,ok,2.0,30.0,0.519762514356885,1.0,4941.0,3.4
3LBK,ok,1.0,30.0,0.8344228662552761,1.0,695.0,3.4
3LKK,ok,4.0,30.0,0.7544473436169894,1.0,3646.0,3.1
3LSC,ok,1.0,30.0,0.6866257604827014,1.0,6956.0,3.2
3LXN,ok,1.0,30.0,0.7992936142812196,1.0,2222.0,2.8
3M28,ok,1.0,30.0,0.3067980205677085,1.0,2356.0,3.1
3M55,ok,1.0,30.0,1.2194177905723416,1.0,1922.0,3.6
3M5D,ok,1.0,30.0,0.5986544264909367,1.0,2618.0,3.1
3M5E,ok,1.0,30.0,0.7932110869813626,1.0,2059.0,3.8
3MB9,ok,2.0,30.0,0.3864995506226301,1.0,2498.0,2.8
3MBH,ok,6.0,30.0,14.360181087810089,0.0,13632.0,4.6
3MBI,ok,4.0,30.0,0.47445974479362946,1.0,9060.0,3.3
3MDT,ok,2.0,30.0,0.47661281797688904,1.0,6836.0,4.4
3MMJ,ok,2.0,30.0,0.4977671705472467,1.0,5103.0,4.0
3MPN,ok,1.0,30.0,1.0554257943665792,1.0,4017.0,4.1
3MYR,ok,12.0,30.0,14.684984681076646,0.0,25641.0,10.8
3N1S,ok,8.0,30.0,0.505254957740916,1.0,7270.0,4.5
3N8I,ok,1.0,30.0,1.0262311356836349,1.0,1229.0,4.3
3NBS,ok,4.0,30.0,0.35951613721453557,1.0,3292.0,3.5
3NDC,ok,2.0,30.0,0.9310167293065558,1.0,3435.0,3.7
3NJU,ok,1.0,30.0,1.0696283026086797,1.0,910.0,4.8
3OOI,ok,1.0,30.0,0.8799680738640602,1.0,1850.0,4.1
3OUZ,ok,3.0,30.0,0.7988171914205973,1.0,6891.0,3.9
3OWM,ok,16.0,30.0,0.6255923633582176,1.0,8206.0,5.2
3P6M,ok,2.0,30.0,0.572417931897838,1.0,3198.0,3.8
3P76,ok,1.0,30.0,0.4704266272569982,1.0,2141.0,3.9
3P7Y,ok,1.0,30.0,0.7479594518941124,1.0,2765.0,4.3
3P8X,ok,1.0,30.0,0.3235854554804029,1.0,2026.0,4.0
3PC0,ok,2.0,30.0,0.4965960185552562,1.0,3313.0,3.0
3PD8,ok,3.0,30.0,0.35755477663534935,1.0,6088.0,3.5
3PEN,ok,2.0,30.0,0.3222124205481811,1.0,3123.0,3.2
3PXW,ok,4.0,30.0,0.6565693554197073,1.0,13201.0,4.4
3PZC,ok,2.0,30.0,0.2875363817686985,1.0,4462.0,2.9
3Q11,ok,4.0,30.0,0.5340656940083675,1.0,5456.0,3.3
3Q2Z,ok,1.0,30.0,0.5988120333856792,1.0,2637.0,3.0
3Q78,ok,3.0,30.0,0.5925749487506229,1.0,6343.0,3.1
3Q7P,ok,2.0,30.0,0.5096573141982733,1.0,2223.0,2.8
3Q86,ok,2.0,30.0,0.5644186728723654,1.0,2290.0,2.9
3Q8G,ok,1.0,30.0,0.4098084480247137,1.0,2512.0,2.6
3QE8,ok,2.0,30.0,1.8993916339985686,1.0,2002.0,3.6
3QTC,ok,2.0,30.0,0.7690482083505237,1.0,2102.0,3.4
3QVI,ok,3.0,30.0,1.0080125183565218,1.0,10393.0,3.8
3QWV,ok,1.0,30.0,0.5635638838411885,1.0,3441.0,3.0
3QXJ,ok,1.0,30.0,1.1388052305695189,1.0,1756.0,3.6
3R56,ok,1.0,30.0,2.7441296421284003,1.0,1240.0,3.4
3R88,ok,3.0,30.0,0.8049225318388716,1.0,4976.0,3.6
3RHJ,ok,4.0,30.0,1.4682143558484713,1.0,15239.0,4.7
3RIY,ok,2.0,30.0,0.5075332291357157,1.0,4248.0,2.8
3RN6,ok,2.0,30.0,0.8419288579480293,1.0,3313.0,3.0
3RNO,ok,1.0,30.0,0.5204295790575408,1.0,1808.0,3.1
3RTA,ok,2.0,30.0,0.6587123750274237,1.0,3778.0,3.1
3RUA,ok,4.0,30.0,0.9812453428432415,1.0,10724.0,3.7
3RWG,ok,1.0,30.0,1.370610458944347,1.0,3167.0,3.1
3RYK,ok,2.0,30.0,1.8465196574544749,1.0,2814.0,2.6
3S3Q,ok,1.0,30.0,0.31660479444023043,1.0,1998.0,3.5
3S66,ok,2.0,30.0,0.221385424401021,1.0,2168.0,3.1
3SJ1,ok,4.0,30.0,0.6288238641775726,1.0,532.0,3.1
3ST6,ok,2.0,30.0,0.7599007129296851,1.0,12810.0,4.7
3T2D,ok,1.0,30.0,0.8364565584359949,1.0,3057.0,2.8
3T2Z,ok,2.0,30.0,0.4048495285304978,1.0,6544.0,3.1
3T70,ok,3.0,30.0,1.6745393326157956,1.0,3458.0,3.0
3TFZ,ok,7.0,30.0,0.6233972465087462,1.0,7675.0,3.4
3TK1,ok,2.0,30.0,0.657091818283948,1.0,4435.0,3.0
3TL1,ok,2.0,30.0,0.39141148982746343,1.0,2536.0,2.9
3TSK,ok,1.0,30.0,0.4181098101175086,1.0,1246.0,3.7
3TTU,ok,4.0,30.0,1.1666913060578648,1.0,22948.0,5.3
3TTW,ok,4.0,30.0,1.4851498152619933,1.0,22920.0,4.3
3TUC,ok,1.0,30.0,0.5993281960358746,1.0,2088.0,4.0
3TVC,ok,1.0,30.0,0.4057566179767901,1.0,1347.0,3.4
3TWB,ok,5.0,30.0,1.5132458376984443,1.0,16139.0,6.3
3TXG,no_protein_or_ligand,,,,,,
3U91,ok,1.0,22.0,2.059383915285635,1.0,255.0,2.4
3UAZ,ok,1.0,30.0,1.3247387251626634,1.0,1755.0,3.3
3UKD,ok,2.0,30.0,0.5435273177402308,1.0,1516.0,2.8
3V1H,ok,1.0,30.0,0.9246899251941805,1.0,2455.0,2.9
3V70,ok,2.0,30.0,0.3962316874923203,1.0,3156.0,3.0
3V7Z,ok,1.0,30.0,0.5230022748866828,1.0,2581.0,3.3
3VBI,ok,6.0,30.0,0.21962175725043906,1.0,4311.0,2.8
3VEG,ok,3.0,30.0,0.32743307096843205,1.0,7018.0,2.9
3VKX,ok,1.0,30.0,1.023695070985304,1.0,1907.0,3.1
3VQP,ok,1.0,30.0,0.3479402980810583,1.0,2148.0,3.3
3VRI,ok,1.0,30.0,0.9207476959943819,1.0,3137.0,3.2
3VRY,ok,2.0,30.0,0.6345447459555446,1.0,6959.0,4.2
3W1B,no_protein_or_ligand,,,,,,
3WCI,ok,6.0,30.0,0.8018421443353271,1.0,16176.0,6.2
3WDL,ok,4.0,30.0,0.44878713122217495,1.0,7734.0,3.6
3WF2,ok,4.0,30.0,0.5597344155154603,1.0,19206.0,6.8
3WJP,ok,1.0,30.0,0.8187949255859418,1.0,2494.0,3.5
3X01,ok,4.0,30.0,0.36177035452322126,1.0,5063.0,3.7
3ZCP,ok,2.0,30.0,0.6953125305808061,1.0,6589.0,3.3
3ZSY,ok,2.0,30.0,0.8750593144866334,1.0,2318.0,3.0
3ZUP,ok,2.0,30.0,1.2094466314056154,1.0,3912.0,3.3
4AA4,ok,1.0,30.0,0.40712478692415194,1.0,2800.0,2.7
4ACC,ok,2.0,30.0,1.602915313602297,1.0,5610.0,3.1
4AHG,ok,1.0,30.0,0.9113648276651919,1.0,960.0,3.0
4AOU,ok,2.0,30.0,0.28819338037964853,1.0,3210.0,3.4
4AVK,ok,2.0,30.0,1.187970117469289,1.0,2392.0,3.2
4AWI,ok,1.0,30.0,0.34708125007029067,1.0,2832.0,2.8
4AZK,ok,2.0,30.0,0.6833638088783226,1.0,5632.0,3.1
4B2W,ok,4.0,30.0,0.4988780806436293,1.0,9127.0,3.5
4B52,ok,2.0,30.0,0.7293780248818895,1.0,4580.0,3.0
4B6S,ok,3.0,30.0,0.47824468958264005,1.0,3638.0,3.1
4BAM,ok,1.0,30.0,0.5581643965430427,1.0,2313.0,2.8
4BBV,ok,1.0,30.0,0.6875445450187508,1.0,976.0,3.0
4BGK,ok,1.0,30.0,0.8551996721735516,1.0,3116.0,2.9
4BHG,ok,1.0,30.0,0.9676159183028282,1.0,3130.0,3.2
4BK1,ok,2.0,30.0,0.5224276836961789,1.0,3023.0,3.4
4BM4,ok,1.0,30.0,0.5569032591034134,1.0,2536.0,3.2
4BRH,ok,2.0,30.0,0.5960455627813122,1.0,5744.0,3.2
4BVB,ok,2.0,30.0,0.6557202363763456,1.0,2144.0,3.1
4C2Z,ok,2.0,30.0,0.5397952140381186,1.0,6272.0,3.2
4C72,ok,4.0,30.0,0.3965347105635452,1.0,6036.0,2.8
4C7X,ok,1.0,30.0,0.49957598011648113,1.0,5092.0,3.1
4C9X,ok,1.0,30.0,0.52792942967898,1.0,1249.0,3.3
4CES,ok,2.0,30.0,0.4183575488107125,1.0,2318.0,2.7
4CF0,ok,2.0,30.0,0.6484998893461233,1.0,2318.0,2.8
4CIP,ok,2.0,30.0,0.35938364958913155,1.0,941.0,3.2
4CNG,ok,3.0,30.0,0.5996012982576218,1.0,2433.0,2.9
4CPF,ok,1.0,30.0,1.1085070850726324,1.0,1785.0,3.2
4CQ6,ok,2.0,30.0,0.3418551733418687,1.0,4092.0,2.7
4CQE,ok,2.0,30.0,0.4241857740690783,1.0,3992.0,2.8
4CT7,ok,1.0,30.0,8.240696838223514,0.0,3961.0,3.0
4CVQ,ok,2.0,30.0,0.5693143551239516,1.0,6395.0,2.8
4CYH,ok,1.0,30.0,2.852885243650449,1.0,1258.0,3.1
4CZJ,ok,2.0,30.0,0.8904589313616229,1.0,4647.0,2.7
4D05,ok,2.0,30.0,0.9877383641016152,1.0,4080.0,3.0
4DDN,ok,4.0,30.0,0.5319867027063019,1.0,4668.0,2.9
4DH1,ok,1.0,30.0,1.1380989387101454,1.0,2907.0,2.6
4DJD,ok,2.0,30.0,7.281756244370276,0.0,15162.0,5.4
4DN5,ok,2.0,30.0,0.6575693980105695,1.0,5128.0,3.1
4E1K,ok,1.0,30.0,0.5279522173406261,1.0,3414.0,3.5
4E2P,ok,1.0,30.0,0.4685334078183853,1.0,2939.0,3.2
4E3K,ok,2.0,30.0,0.4407028603062426,1.0,5492.0,3.0
4ED9,ok,1.0,30.0,3.744714230560902,1.0,2838.0,3.3
4EDG,ok,1.0,30.0,0.4373443521024301,1.0,2578.0,3.4
4EEJ,ok,2.0,30.0,0.19442153587198582,1.0,2156.0,2.8
4EF1,no_protein_or_ligand,,,,,,
4EFB,ok,2.0,30.0,0.6132259130035451,1.0,2513.0,3.2
4EID,ok,1.0,30.0,0.4538840903720552,1.0,660.0,3.3
4EJ7,ok,3.0,30.0,0.8384006015800518,1.0,6472.0,4.2
4ENR,ok,4.0,30.0,0.8389922351131547,1.0,22924.0,4.8
4ER3,ok,1.0,30.0,0.5998722439786969,1.0,2424.0,3.2
4F28,no_protein_or_ligand,,,,,,
4FOC,ok,1.0,30.0,0.5808572140298258,1.0,2333.0,3.3
4FOD,ok,1.0,30.0,0.7848190118847678,1.0,2423.0,3.3
4FPF,ok,1.0,30.0,0.4125132999149077,1.0,5189.0,3.1
4FT3,ok,1.0,30.0,0.8739974584011474,1.0,2134.0,2.9
4FV0,ok,1.0,30.0,1.056248570435973,1.0,2737.0,2.7
4FX8,ok,2.0,30.0,0.43765621657560283,1.0,3230.0,2.8
4G05,ok,1.0,30.0,1.0212141249952913,1.0,2341.0,3.2
4G10,ok,1.0,30.0,0.6469679523410299,1.0,2115.0,3.2
4G38,ok,1.0,30.0,1.2926827301025492,1.0,3522.0,2.7
4G5F,ok,2.0,30.0,0.6672370562607387,1.0,4076.0,2.5
4GBM,ok,1.0,30.0,0.38155427643577067,1.0,2275.0,2.8
4GCH,ok,1.0,30.0,0.6138134516314933,1.0,1736.0,3.4
4GCI,ok,2.0,30.0,1.1323913897215798,1.0,3196.0,2.9
4GH5,ok,4.0,30.0,0.5611229040500346,1.0,6895.0,3.1
4GOJ,ok,2.0,30.0,0.4355415024635021,1.0,5453.0,3.3
4GQR,ok,1.0,30.0,0.6808113904061348,1.0,3938.0,3.6
4GTT,ok,1.0,30.0,1.5290636062773502,1.0,4995.0,3.1
4GV2,ok,1.0,30.0,0.6364258508413791,1.0,2752.0,3.5
4GYD,ok,6.0,30.0,0.4710529097139766,1.0,3840.0,2.6
4H2S,ok,4.0,30.0,0.6064324697538157,1.0,5337.0,3.5
4HJL,ok,1.0,30.0,0.5911228088213224,1.0,5073.0,3.3
4HMN,ok,2.0,30.0,0.617541892508908,1.0,2437.0,4.4
4HO5,ok,4.0,30.0,0.43827122991257433,1.0,4518.0,3.4
4I08,ok,2.0,30.0,0.2510449887998262,1.0,3546.0,6.4
4IB7,ok,1.0,30.0,0.7310897783453009,1.0,1250.0,4.7
4IJH,ok,3.0,30.0,0.6890638015582875,1.0,941.0,5.9
4IKL,ok,2.0,30.0,0.784353099794306,1.0,1777.0,6.5
4IMR,ok,2.0,30.0,0.23068323467800267,1.0,3749.0,3.8
4IVK,ok,1.0,30.0,1.640262994188695,1.0,3086.0,5.4
4J31,ok,2.0,30.0,0.4129591424227807,1.0,5892.0,3.6
4J5S,ok,4.0,30.0,0.37810565644369415,1.0,4457.0,3.5
4JAO,ok,2.0,30.0,0.4716574117705272,1.0,10568.0,3.7
4JI9,ok,2.0,30.0,0.38469883782253994,1.0,4715.0,3.2
4JIB,ok,4.0,30.0,0.3272943761078094,1.0,10935.0,4.4
4JIQ,ok,1.0,30.0,0.8743189996029831,1.0,2790.0,4.0
4JL6,ok,4.0,30.0,0.5972219528554996,1.0,3236.0,2.8
4JQA,ok,4.0,30.0,0.7041966046839281,1.0,5053.0,3.6
4K46,ok,2.0,30.0,0.5549182455634879,1.0,1617.0,2.6
4K4O,ok,1.0,30.0,0.35649110934033407,1.0,1503.0,3.6
4K7Y,ok,1.0,30.0,0.4451062586573159,1.0,3171.0,3.3
4K93,ok,10.0,30.0,0.5572738638941325,1.0,5008.0,2.6
4KBC,ok,2.0,30.0,0.5025351923723155,1.0,4634.0,4.1
4KCX,ok,2.0,30.0,0.8962459584150706,1.0,1774.0,3.0
4KEY,ok,4.0,30.0,0.33839006566199575,1.0,7184.0,4.0
4KFO,ok,2.0,30.0,0.336506741891977,1.0,7529.0,3.7
4KPD,ok,1.0,30.0,1.4168780804789551,1.0,2719.0,3.7
4KPR,ok,4.0,30.0,0.8092245836303192,1.0,14940.0,8.1
4KRV,ok,4.0,30.0,0.22363942846795626,1.0,4442.0,3.9
4KTR,ok,3.0,30.0,1.237107184997528,1.0,48696.0,18.9
4L3G,ok,4.0,30.0,0.5078734566611386,1.0,13187.0,4.3
4L4M,ok,2.0,30.0,0.5892506958489535,1.0,7524.0,6.1
4L8W,ok,2.0,30.0,3.8094081994366946,1.0,13842.0,5.7
4LCW,ok,2.0,30.0,1.0665503532057066,1.0,12397.0,9.5
4LFG,ok,2.0,30.0,1.153593595789635,1.0,4520.0,2.5
4M3P,ok,2.0,30.0,21.071514515944216,0.0,11469.0,3.6
4M5J,ok,2.0,30.0,0.7442483529793584,1.0,1255.0,3.6
4MBC,ok,1.0,30.0,0.4737938082665442,1.0,1485.0,3.4
4MBG,ok,1.0,30.0,1.5956914410929925,1.0,6185.0,4.2
4MKA,ok,2.0,30.0,0.44300370835295555,1.0,8680.0,3.8
4MMW,ok,2.0,30.0,0.9952952752921953,1.0,6018.0,3.9
4MOE,ok,8.0,30.0,0.9819266004667349,1.0,18119.0,5.2
4MRH,ok,1.0,30.0,0.6415611031060194,1.0,1171.0,3.1
4MUB,ok,2.0,30.0,0.7467423907239809,1.0,2087.0,2.6
4MZN,ok,1.0,30.0,0.9879216729200193,1.0,2429.0,3.3
4N4V,ok,2.0,30.0,0.5222602064516779,1.0,3312.0,2.9
4N7B,no_protein_or_ligand,,,,,,
4N94,ok,1.0,30.0,0.6588425288257997,1.0,5578.0,3.5
4NHV,ok,2.0,30.0,11.349965818749935,0.0,4153.0,3.4
4NRB,ok,1.0,30.0,0.9190525923794848,1.0,920.0,3.5
4NT0,ok,2.0,30.0,0.7665756805648642,1.0,3278.0,2.6
4NZO,ok,2.0,30.0,0.4234417111680465,1.0,2604.0,3.1
4O59,ok,4.0,30.0,0.4182578619634099,1.0,10052.0,3.6
4OBA,ok,3.0,30.0,0.21451751684065826,1.0,2148.0,3.5
4OG1,ok,1.0,30.0,0.3350019470066853,1.0,1948.0,2.9
4OH4,ok,2.0,30.0,0.6434321029382514,1.0,4885.0,3.3
4OK1,ok,1.0,30.0,0.8657851391872102,1.0,2096.0,3.3
4OTE,no_protein_or_ligand,,,,,,
4OU4,ok,1.0,30.0,3.006126517247146,1.0,2426.0,3.2
4OUG,ok,1.0,30.0,0.20937675140768555,1.0,5344.0,2.8
4OVT,ok,2.0,30.0,0.4109525529107201,1.0,4760.0,3.6
4P8E,ok,2.0,30.0,1.2679474964212212,1.0,3265.0,3.0
4P8L,ok,4.0,30.0,0.23719286208540624,1.0,6730.0,3.9
4PE0,ok,2.0,30.0,0.9348422811501276,1.0,1464.0,3.0
4PF7,ok,2.0,30.0,9.445060098336555,0.0,15646.0,6.1
4PKV,ok,1.0,30.0,0.6557885731380233,1.0,4165.0,3.9
4PWC,ok,1.0,30.0,0.5215490743524064,1.0,3853.0,3.2
4PYN,ok,1.0,30.0,0.5082387254314519,1.0,1713.0,4.5
4PYR,ok,1.0,30.0,0.601458751591623,1.0,2200.0,3.6
4Q3S,ok,4.0,30.0,0.6979150327611792,1.0,10222.0,5.3
4Q9M,ok,4.0,30.0,0.6310968219423729,1.0,3679.0,3.1
4QA2,ok,2.0,30.0,0.7763670330206468,1.0,5580.0,3.2
4QB2,ok,2.0,30.0,0.499279490324197,1.0,981.0,3.7
4QJW,ok,4.0,30.0,0.4133323668855874,1.0,8392.0,3.1
4QNB,ok,1.0,30.0,0.7508189885002196,1.0,1662.0,3.8
4QPM,ok,2.0,30.0,0.3584625137196107,1.0,5336.0,4.2
4QQ6,ok,1.0,23.0,0.7707456713552727,1.0,454.0,2.3
4R37,ok,2.0,30.0,0.7998264884962677,1.0,3894.0,3.7
4R82,ok,4.0,30.0,0.20180372224771417,1.0,2470.0,3.0
4RFL,ok,4.0,30.0,0.7687984765322755,1.0,10348.0,4.7
4RFM,ok,1.0,30.0,0.7847171362466551,1.0,1977.0,3.1
4RMG,ok,2.0,30.0,0.4569237175366076,1.0,2350.0,2.8
4RXT,ok,1.0,30.0,1.072936806095814,1.0,2149.0,2.9
4S3C,ok,1.0,30.0,0.7982751543677832,1.0,3064.0,2.9
4TKU,ok,4.0,30.0,0.17841580660412396,1.0,15882.0,4.1
4TRO,ok,1.0,30.0,0.9047224436667878,1.0,1994.0,3.2
4TZ8,ok,1.0,30.0,0.28389399485491573,1.0,1064.0,3.4
4U0I,ok,1.0,30.0,0.3431684971334335,1.0,2356.0,3.1
4U41,ok,1.0,30.0,0.6095814878348332,1.0,4623.0,3.0
4U69,ok,1.0,30.0,0.9463692023583693,1.0,2395.0,3.1
4U79,ok,1.0,30.0,0.6332230645420145,1.0,2737.0,3.8
4U7H,ok,4.0,30.0,0.43502382761700326,1.0,3647.0,3.9
4U9J,ok,2.0,30.0,0.4010060544828276,1.0,2951.0,4.5
4U9R,ok,1.0,30.0,5.203343272820633,0.0,1115.0,4.2
4UHG,ok,2.0,30.0,0.6763571388581405,1.0,3347.0,4.8
4UMC,ok,4.0,30.0,0.8153631511320466,1.0,10110.0,5.6
4UND,ok,2.0,30.0,0.39257253392805774,1.0,5550.0,6.3
4UOB,ok,1.0,30.0,1.5486277305291674,1.0,1915.0,5.4
4UU0,ok,1.0,30.0,0.7807584439345412,1.0,7671.0,8.1
4UUW,ok,1.0,30.0,0.6692020525262143,1.0,6056.0,5.7
4UXH,ok,2.0,30.0,0.7206120330707557,1.0,2592.0,5.9
4UXM,ok,1.0,30.0,1.0125954835338777,1.0,1076.0,7.1
4W66,ok,2.0,30.0,0.539473950345611,1.0,3581.0,5.0
4WCU,ok,4.0,30.0,0.292736849886122,1.0,10669.0,8.5
4WDF,ok,1.0,30.0,1.6035034030437432,1.0,1652.0,5.1
4WFR,ok,1.0,30.0,2.4986204001837797,1.0,1594.0,4.7
4WG4,ok,1.0,30.0,1.0612912198144233,1.0,3626.0,4.5
4WKN,ok,1.0,30.0,1.8226828016772918,1.0,1753.0,5.7
4X45,ok,1.0,30.0,0.5912950699682573,1.0,2691.0,5.0
4XJ4,ok,1.0,30.0,0.6082045881468912,1.0,2934.0,5.5
4XY8,ok,1.0,30.0,0.9553748773387354,1.0,920.0,6.2
4XZI,ok,2.0,30.0,0.3783449762217171,1.0,2524.0,5.7
4Y4S,ok,1.0,30.0,1.288089148900421,1.0,1177.0,6.0
4YRO,ok,2.0,30.0,0.6967317802392571,1.0,3251.0,5.2
4YV1,ok,6.0,30.0,0.3300832484359213,1.0,8872.0,5.5
4Z04,ok,1.0,30.0,0.9541413344994435,1.0,933.0,5.7
4Z6U,ok,1.0,30.0,12.298324836669252,0.0,11510.0,5.2
4Z83,ok,2.0,30.0,0.4816100448262399,1.0,2864.0,4.8
4ZAB,ok,1.0,30.0,0.7757722843444235,1.0,3843.0,3.7
4ZOJ,ok,4.0,30.0,0.2904678602167335,1.0,4793.0,4.0
4ZZX,ok,2.0,30.0,0.9110143551532296,1.0,5576.0,4.9
5A89,ok,4.0,30.0,1.0317034615273235,1.0,2354.0,3.6
5ABN,ok,1.0,30.0,0.4337828085390708,1.0,2407.0,3.8
5AEN,ok,1.0,30.0,0.45827887539960205,1.0,4854.0,3.3
5AJQ,ok,2.0,30.0,0.25717880455544234,1.0,4170.0,3.2
5AJT,ok,5.0,30.0,1.2239618435071014,1.0,6544.0,4.2
5ALN,ok,1.0,30.0,0.43545344508947564,1.0,4323.0,3.1
5ALX,ok,1.0,30.0,0.966632405568013,1.0,4323.0,3.0
5AZ3,ok,1.0,30.0,0.5426003439057527,1.0,2244.0,3.6
5B6H,ok,1.0,30.0,0.49103988877722016,1.0,1355.0,3.5
5BJ3,ok,4.0,30.0,0.37651914339966336,1.0,11228.0,4.4
5BTX,ok,2.0,30.0,0.9621768925449723,1.0,2057.0,3.6
5BZE,ok,1.0,30.0,1.2708464525572187,1.0,1171.0,3.4
5C3D,ok,1.0,30.0,0.41273313619140284,1.0,2250.0,3.8
5C5L,ok,1.0,30.0,0.701440659700962,1.0,1045.0,3.3
5C66,no_protein_or_ligand,,,,,,
5C7N,ok,1.0,30.0,0.5429069285495106,1.0,930.0,3.2
5C88,ok,2.0,30.0,0.4250130393586649,1.0,2592.0,3.3
5CGB,ok,2.0,30.0,1.4711487985456344,1.0,2392.0,4.1
5CNG,ok,1.0,30.0,0.4780777525514893,1.0,1194.0,3.4
5CPN,ok,2.0,30.0,0.2938213275422969,1.0,5552.0,3.2
5CW2,ok,4.0,30.0,0.6258217846196219,1.0,9892.0,3.5
5D21,ok,4.0,30.0,0.21141080125192796,1.0,3604.0,3.3
5DCZ,ok,1.0,30.0,0.7213493035149775,1.0,1613.0,3.3
5DII,ok,2.0,30.0,0.18019173215627646,1.0,8812.0,4.5
5DTK,ok,4.0,30.0,0.7413662351500852,1.0,7896.0,3.7
5DWQ,ok,4.0,30.0,0.26032108701995804,1.0,11098.0,3.4
5E26,ok,8.0,30.0,0.8038706651089479,1.0,11071.0,6.4
5E95,ok,1.0,30.0,0.15796742173430078,1.0,2039.0,3.3
5E9O,ok,5.0,30.0,2.8045100443939317,1.0,2840.0,4.1
5EAG,ok,1.0,30.0,0.5592195023196139,1.0,4271.0,3.2
5EH0,ok,1.0,30.0,0.7030221333642347,1.0,1999.0,3.3
5EJ2,ok,4.0,30.0,0.38507556004435695,1.0,8185.0,3.2
5EOB,ok,1.0,30.0,0.8154684575478824,1.0,2257.0,3.1
5EQ1,ok,1.0,30.0,0.8801564396821355,1.0,926.0,3.2
5EQD,ok,3.0,30.0,0.30942935755384177,1.0,6365.0,3.2
5EQE,ok,2.0,30.0,0.7916301342883688,1.0,5799.0,3.1
5EZ6,ok,1.0,30.0,0.6392887663332757,1.0,1418.0,3.1
5F3D,ok,1.0,30.0,0.6190577451098231,1.0,2396.0,2.9
5F5E,ok,1.0,30.0,0.732201052653891,1.0,1156.0,3.1
5FE6,ok,1.0,30.0,1.138560344890772,1.0,1822.0,3.0
5FEN,ok,2.0,30.0,0.38208691899813624,1.0,2185.0,2.8
5FJO,ok,2.0,30.0,0.5354411462831407,1.0,5546.0,2.8
5FUT,ok,1.0,30.0,0.4507250811364183,1.0,2944.0,2.7
5FVE,ok,1.0,30.0,0.9100881470766521,1.0,2870.0,3.1
5FZ0,ok,1.0,30.0,1.624117699591618,1.0,3652.0,2.7
5GLG,ok,1.0,30.0,0.7403059047045905,1.0,3617.0,3.0
5GQJ,ok,2.0,30.0,3.7951460593065476,1.0,1988.0,3.4
5GT4,ok,1.0,30.0,0.7131322346256662,1.0,2027.0,3.1
5GZ3,ok,2.0,30.0,0.5089892698525366,1.0,4983.0,3.4
5GZP,ok,2.0,30.0,0.9795431293137032,1.0,3805.0,2.7
5H3E,ok,2.0,30.0,1.5793583964523195,1.0,6507.0,3.0
5HNB,ok,1.0,30.0,0.6651241517184209,1.0,5040.0,3.1
5HW4,ok,3.0,30.0,0.30060363610771473,1.0,5190.0,3.4
5HXP,ok,4.0,30.0,0.832906412392746,1.0,3587.0,3.0
5I0J,ok,2.0,30.0,0.6964452777985894,1.0,4140.0,3.2
5I5S,ok,2.0,30.0,0.30327749283125394,1.0,5733.0,2.9
5I5X,ok,4.0,30.0,0.498791595276538,1.0,5767.0,2.6
5I7A,ok,4.0,30.0,0.5634535923647013,1.0,8735.0,3.9
5I7S,ok,1.0,30.0,0.530607618166551,1.0,1912.0,3.3
5I89,ok,1.0,30.0,0.9065432134722451,1.0,967.0,3.3
5II1,ok,2.0,30.0,0.4916427070744938,1.0,1820.0,3.2
5IT1,ok,8.0,30.0,0.40522284192214253,1.0,12168.0,3.7
5IVC,ok,1.0,30.0,1.125790755917942,1.0,2436.0,3.2
5IXZ,ok,2.0,30.0,0.4312482719937774,1.0,2864.0,2.4
5IZZ,ok,1.0,30.0,0.47242064727962035,1.0,2398.0,3.4
5J1Q,ok,1.0,30.0,0.5018154191492158,1.0,2436.0,2.9
5JA0,ok,1.0,30.0,0.23287555080523126,1.0,2595.0,3.2
5JE0,ok,4.0,30.0,0.42026552212889234,1.0,3834.0,2.7
5JOV,ok,1.0,30.0,1.964291849479752,1.0,7658.0,3.3
5JVE,ok,1.0,30.0,0.7369084003297048,1.0,932.0,3.4
5K8Z,ok,4.0,30.0,0.24204243755302418,1.0,5968.0,3.1
5KA7,ok,1.0,30.0,0.6471964605946768,1.0,2399.0,3.2
5KCM,ok,4.0,30.0,0.9229729779766711,1.0,8233.0,3.4
5KPZ,ok,2.0,30.0,1.315349060583114,1.0,2716.0,2.5
5KQ2,ok,2.0,30.0,1.0194528219608843,1.0,10988.0,4.0
5KSY,ok,1.0,30.0,0.868553963712286,1.0,1146.0,3.4
5KVA,ok,2.0,30.0,0.6427069385022698,1.0,3616.0,2.7
5L0T,ok,1.0,30.0,0.6209783148261668,1.0,3231.0,3.3
5L9I,ok,2.0,30.0,0.9545712545361008,1.0,5007.0,2.7
5LCK,ok,1.0,30.0,0.36627979810353106,1.0,2822.0,2.6
5LHA,ok,4.0,30.0,0.40382582370805525,1.0,13526.0,4.0
5LHT,ok,1.0,30.0,13.664203983169271,0.0,2143.0,3.5
5LPT,ok,2.0,30.0,0.9892334137456081,1.0,5486.0,3.3
5LPZ,ok,1.0,30.0,0.6318227900191762,1.0,2139.0,2.7
5LQS,ok,1.0,30.0,0.6121941526065008,1.0,2401.0,3.5
5LSE,ok,7.0,30.0,0.5557387008284284,1.0,6445.0,3.5
5LXC,ok,2.0,30.0,0.42906626903900674,1.0,6183.0,3.8
5M0P,ok,4.0,30.0,0.3613651587029459,1.0,6792.0,3.3
5M1R,ok,1.0,30.0,0.5784058899826029,1.0,3120.0,3.0
5M53,ok,1.0,30.0,0.9563003425462112,1.0,2057.0,3.2
5MAA,ok,8.0,30.0,1.2397461329666484,1.0,6809.0,3.0
5MAG,ok,1.0,30.0,0.2531407543737469,1.0,2565.0,3.4
5MJI,ok,1.0,30.0,0.8327950582611501,1.0,1995.0,3.3
5MTP,ok,16.0,30.0,0.19511080471667505,1.0,15860.0,6.3
5MUL,ok,1.0,30.0,1.2463311599699887,1.0,3012.0,2.7
5MY8,ok,1.0,30.0,0.6310048234407428,1.0,2874.0,4.0
5N93,ok,1.0,30.0,0.5238999710548844,1.0,2115.0,3.4
5NAK,ok,3.0,30.0,0.4551501264583242,1.0,6955.0,3.5
5NCZ,ok,1.0,30.0,0.6511333718844323,1.0,6678.0,3.8
5NFX,ok,1.0,30.0,0.5180193705587888,1.0,2336.0,2.4
5NRW,ok,1.0,30.0,0.5939461050020134,1.0,966.0,3.6
5NTQ,ok,2.0,30.0,0.6913962741302196,1.0,3731.0,3.2
5O08,ok,3.0,30.0,0.5347821065991043,1.0,3558.0,2.7
5O48,ok,3.0,30.0,0.5357945989813094,1.0,9406.0,4.7
5OBK,ok,1.0,30.0,0.6646487933814369,1.0,982.0,3.5
5ONZ,ok,2.0,30.0,1.1574049725688988,1.0,7160.0,3.4
5OO9,ok,1.0,30.0,0.7440145373948613,1.0,975.0,3.3
5OP6,ok,1.0,30.0,1.0553697655709589,1.0,2619.0,3.3
5OR6,ok,1.0,30.0,0.6422388613669535,1.0,3674.0,3.2
5OT9,ok,2.0,30.0,0.33690922688536357,1.0,3886.0,3.0
5OTH,ok,2.0,30.0,0.5127512929303636,1.0,5491.0,3.1
5P9E,ok,2.0,30.0,0.34679617873042135,1.0,1683.0,3.5
5Q1Q,no_protein_or_ligand,,,,,,
5QG0,no_protein_or_ligand,,,,,,
5QGD,no_protein_or_ligand,,,,,,
5QHX,ok,1.0,30.0,1.7112360220817684,1.0,1380.0,2.7
5QIW,ok,1.0,30.0,2.267854981726195,1.0,1847.0,3.1
5QJP,ok,4.0,30.0,0.6487870202537331,1.0,5758.0,3.1
5QQM,ok,1.0,30.0,0.7915832800928619,1.0,2773.0,3.2
5QRO,ok,1.0,30.0,0.5000785530407477,1.0,1369.0,3.4
5QS0,ok,1.0,30.0,9.915974088116092,0.0,1369.0,3.3
5QTM,ok,4.0,30.0,0.1730917720828152,1.0,5818.0,3.3
5QXV,ok,1.0,30.0,3.1077864416960828,1.0,1084.0,3.7
5QY8,no_protein_or_ligand,,,,,,
5R1Z,ok,1.0,30.0,9.752422244223721,0.0,2369.0,3.6
5R26,ok,2.0,30.0,0.5333091139942094,1.0,2369.0,3.9
5R54,ok,1.0,30.0,0.9193258261493292,1.0,2198.0,3.6
5RJX,ok,1.0,30.0,0.336175875552462,1.0,990.0,3.7
5RMD,ok,2.0,30.0,1.7082280845358369,1.0,8917.0,4.1
5RWP,ok,1.0,30.0,1.118880689989569,1.0,3700.0,3.1
5RZ8,ok,1.0,30.0,1.2818628047077842,1.0,2335.0,3.6
5RZQ,ok,1.0,30.0,0.9427784872683401,1.0,2335.0,3.1
5RZU,ok,1.0,30.0,1.7901620500214595,1.0,2335.0,3.5
5S7Y,ok,3.0,30.0,0.7090649043409273,1.0,4542.0,3.2
5S8E,no_protein_or_ligand,,,,,,
5S9U,ok,4.0,30.0,0.3718708197403943,1.0,7360.0,3.6
5SES,ok,4.0,30.0,0.22035430879175325,1.0,10112.0,5.2
5SFS,ok,4.0,30.0,0.900809110967267,1.0,10137.0,4.5
5SGI,ok,4.0,30.0,0.723500337622492,1.0,10135.0,4.1
5T5Q,ok,4.0,30.0,0.6131610781315819,1.0,7019.0,3.1
5TA6,ok,1.0,30.0,0.35011703594325083,1.0,2374.0,3.2
5TC4,ok,2.0,30.0,0.7621658202621385,1.0,2216.0,2.9
5TEG,ok,2.0,30.0,0.5284932381489166,1.0,2666.0,2.9
5TF9,ok,4.0,30.0,0.12283973622183685,1.0,4238.0,3.3
5TH5,ok,8.0,30.0,0.15994953935121403,1.0,7592.0,3.0
5THH,ok,1.0,30.0,0.5542654574662715,1.0,2630.0,2.8
5TK9,ok,1.0,30.0,1.0799379766762236,1.0,1576.0,3.4
5TKN,ok,1.0,30.0,0.9704874319231445,1.0,2649.0,3.2
5TPR,ok,2.0,30.0,0.15271597085583408,1.0,6362.0,3.0
5TR6,ok,1.0,30.0,0.4469845948305676,1.0,2217.0,3.1
5TUE,ok,2.0,30.0,0.5367535653741206,1.0,5957.0,3.2
5TUF,ok,3.0,30.0,0.3813734194796904,1.0,5998.0,3.5
5TV6,ok,2.0,30.0,0.35380581417956364,1.0,3834.0,2.9
5TZG,ok,1.0,30.0,0.555310609122327,1.0,1179.0,3.3
5U08,ok,4.0,30.0,2.2771074945257603,1.0,5009.0,3.4
5UG2,ok,1.0,30.0,0.4215235776598131,1.0,2328.0,3.4
5UGH,ok,4.0,30.0,0.4899645701628104,1.0,11147.0,4.1
5UID,ok,2.0,30.0,0.4912717009048747,1.0,11005.0,4.6
5UL0,ok,2.0,30.0,0.3069440213315865,1.0,4271.0,3.1
5UOY,ok,2.0,30.0,0.3556541049789539,1.0,2597.0,3.4
5UQU,ok,1.0,30.0,0.3485808045849114,1.0,6796.0,3.7
5UXE,ok,8.0,30.0,0.5301002343935259,1.0,10115.0,3.8
5V5N,ok,1.0,30.0,0.615845827859605,1.0,2337.0,3.1
5VAR,ok,1.0,30.0,1.0147616450234331,1.0,869.0,3.6
5VCZ,ok,1.0,30.0,1.1762343900217538,1.0,2277.0,2.8
5VIJ,ok,1.0,30.0,1.1222173872084327,1.0,4384.0,2.6
5VJP,ok,2.0,30.0,0.7795590129944913,1.0,2718.0,3.2
5VOG,ok,1.0,30.0,0.7824821512079665,1.0,1380.0,3.3
5VUA,ok,1.0,30.0,1.29567411271159,1.0,2190.0,3.2
5VUB,ok,1.0,30.0,0.6697890637663402,1.0,2190.0,2.7
5VUY,ok,4.0,30.0,0.29686903460396796,1.0,6692.0,3.1
5VW8,ok,2.0,30.0,0.21700162002315743,1.0,2412.0,3.2
5VYQ,ok,5.0,30.0,0.4161452916470625,1.0,3741.0,3.1
5VYR,ok,5.0,30.0,0.5263194196548882,1.0,3874.0,2.8
5W27,ok,2.0,30.0,0.532429457973686,1.0,1856.0,3.2
5WA9,ok,1.0,30.0,0.590155422793558,1.0,1749.0,3.2
5WC4,ok,2.0,30.0,0.7425973693546785,1.0,5891.0,2.8
5WDE,ok,1.0,30.0,0.791937828469684,1.0,2405.0,2.8
5WDH,ok,1.0,30.0,0.8477315740701501,1.0,2140.0,3.2
5WFP,ok,2.0,30.0,0.8441375452875934,1.0,6527.0,3.4
5WGS,ok,3.0,30.0,0.625355516874754,1.0,5249.0,2.4
5WM7,ok,1.0,30.0,1.147147905117252,1.0,4048.0,2.8
5WQR,ok,1.0,26.0,1.4905244429032762,1.0,616.0,2.7
5X7Z,ok,1.0,30.0,0.7698043717568392,1.0,969.0,3.9
5XD6,ok,2.0,30.0,0.9539683948317779,1.0,4345.0,3.0
5XDE,ok,4.0,30.0,0.5196685825176076,1.0,12441.0,4.7
5XDV,ok,2.0,30.0,0.42955008531408573,1.0,2203.0,3.4
5XHR,ok,1.0,30.0,0.7153996779752068,1.0,2751.0,3.2
5XXS,ok,2.0,30.0,0.6078391303014697,1.0,1892.0,3.8
5XZF,ok,1.0,30.0,0.6078690234461603,1.0,1984.0,3.2
5YG3,ok,6.0,30.0,0.2763649631029263,1.0,10374.0,4.7
5YHE,ok,2.0,30.0,1.5988575699599306,1.0,8069.0,3.1
5YSP,ok,2.0,30.0,0.4758106782684021,1.0,4079.0,3.5
5YSS,ok,2.0,30.0,0.45601956577883446,1.0,7552.0,3.4
5Z2V,ok,1.0,30.0,2.7956876088122096,1.0,2938.0,3.3
5ZA9,ok,1.0,30.0,0.7895230834457732,1.0,1933.0,3.4
5ZHT,ok,1.0,30.0,0.8589191083406497,1.0,2051.0,3.1
5ZRH,ok,1.0,30.0,0.7621652201218307,1.0,940.0,3.2
5ZRK,ok,2.0,30.0,0.6199120128884107,1.0,1892.0,3.6
6AE9,ok,3.0,30.0,1.6057129930614735,1.0,3782.0,3.0
6AFD,ok,2.0,30.0,1.0508294802486402,1.0,1375.0,3.1
6AFJ,ok,1.0,30.0,0.7753958857640736,1.0,1375.0,3.1
6AFT,ok,7.0,30.0,0.3124428612681937,1.0,10862.0,3.0
6AQS,ok,1.0,30.0,1.110693495918006,1.0,1749.0,3.1
6ASM,ok,2.0,30.0,0.690802509057213,1.0,4025.0,2.7
6AUX,ok,4.0,30.0,0.7493184698892558,1.0,6658.0,3.4
6AYR,ok,4.0,30.0,0.6461436442750271,1.0,7052.0,2.9
6B3B,ok,1.0,30.0,0.8166511999427816,1.0,5043.0,2.9
6BK3,ok,2.0,30.0,0.6719472241508937,1.0,3352.0,3.3
6BME,ok,2.0,30.0,0.2891263782715847,1.0,1949.0,3.0
6BMU,ok,4.0,30.0,0.17134444077787844,1.0,7731.0,3.8
6BNN,ok,1.0,30.0,1.121126600199697,1.0,2231.0,3.2
6C8P,ok,1.0,30.0,0.3848385535187628,1.0,5472.0,2.9
6CDR,ok,1.0,30.0,0.6908929512733655,1.0,2572.0,3.2
6CHH,ok,4.0,30.0,0.47775081419737386,1.0,7971.0,3.0
6CIF,ok,19.0,30.0,0.7974736457474606,1.0,12877.0,6.7
6CXK,ok,1.0,30.0,0.7398291166426867,1.0,1328.0,3.4
6D2E,ok,2.0,30.0,0.48752220250684897,1.0,3165.0,3.4
6DB2,ok,1.0,30.0,0.4087653127038807,1.0,2630.0,3.4
6DDP,ok,8.0,30.0,0.4250967215581288,1.0,4976.0,3.5
6DF4,ok,1.0,30.0,0.5934461038240484,1.0,1092.0,4.5
6DQ8,ok,1.0,30.0,0.9080153484563632,1.0,2411.0,3.1
6DSP,ok,2.0,30.0,0.498575676564625,1.0,4948.0,3.1
6DWA,ok,2.0,30.0,0.4263443493603548,1.0,6585.0,3.5
6E1Z,ok,2.0,30.0,0.2980696326395529,1.0,4742.0,3.4
6E2O,ok,2.0,30.0,0.23360008586221592,1.0,4065.0,3.2
6EK3,ok,2.0,30.0,0.8785101164422282,1.0,3166.0,2.8
6ELA,ok,4.0,30.0,0.48420771654454464,1.0,4932.0,3.1
6ETD,ok,1.0,30.0,0.5643789528171831,1.0,3093.0,3.4
6EUW,ok,1.0,30.0,1.936965900785695,1.0,1226.0,3.5
6EZ6,ok,1.0,30.0,0.35070677031359027,1.0,6944.0,3.2
6F5Q,ok,1.0,30.0,0.7923010592014428,1.0,2687.0,2.6
6F66,ok,4.0,30.0,0.7274766119621193,1.0,3796.0,2.8
6F67,ok,2.0,30.0,0.794681665897344,1.0,3796.0,3.1
6F71,ok,2.0,30.0,1.8360605296241457,1.0,7459.0,3.4
6FAC,ok,1.0,30.0,0.84008762604011,1.0,5104.0,3.3
6FCK,ok,1.0,30.0,0.2917870239132125,1.0,2180.0,3.2
6FMD,ok,2.0,30.0,0.426382709007244,1.0,2731.0,3.0
6FOK,ok,9.0,30.0,3.670293109908075,1.0,10011.0,3.9
6FQ7,ok,1.0,30.0,0.9636315563045275,1.0,2783.0,2.9
6FT2,ok,1.0,30.0,0.7128516451573302,1.0,1816.0,3.4
6FYP,ok,1.0,30.0,0.47036290814558923,1.0,2880.0,3.1
6G0Z,ok,2.0,30.0,0.39504704600964785,1.0,4636.0,3.4
6G3Z,ok,2.0,30.0,1.7019875100466575,1.0,4652.0,3.1
6G8B,ok,1.0,30.0,1.0882434511085122,1.0,6951.0,3.4
6GA7,ok,7.0,30.0,0.26859552601660774,1.0,1787.0,3.3
6GK0,ok,3.0,30.0,0.29152194537643467,1.0,2773.0,2.5
6GLR,ok,3.0,30.0,0.3711521101770661,1.0,2439.0,2.9
6GNA,ok,1.0,30.0,0.37493379961694884,1.0,2149.0,3.1
6GO2,ok,1.0,30.0,0.18058676855903658,1.0,2581.0,4.4
6GUR,ok,2.0,30.0,1.040083325241604,1.0,4448.0,2.7
6GXQ,ok,1.0,30.0,0.4975044168935681,1.0,5260.0,3.9
6GXY,ok,2.0,30.0,1.683228137751631,1.0,3392.0,3.7
6H65,ok,6.0,30.0,1.1143608107053955,1.0,14470.0,4.6
6H6L,ok,4.0,30.0,1.0461268659057614,1.0,11918.0,5.4
6HAI,ok,2.0,30.0,0.5671281134702797,1.0,3537.0,2.6
6HDP,ok,1.0,30.0,0.6332684467249757,1.0,3209.0,2.9
6HE2,ok,4.0,30.0,0.717769189583805,1.0,7010.0,3.5
6HEY,ok,1.0,30.0,0.6484946923094755,1.0,2208.0,2.9
6HJK,ok,1.0,30.0,0.4630119791130403,1.0,1993.0,2.8
6HL1,ok,1.0,30.0,0.6059123213413402,1.0,1966.0,2.7
6HLE,ok,1.0,30.0,4.221781182265019,0.0,3648.0,3.2
6HTO,ok,2.0,30.0,0.1948855233805019,1.0,5871.0,2.9
6HWV,ok,1.0,30.0,0.8606420003230149,1.0,2712.0,2.8
6I0R,ok,1.0,30.0,1.094138504711509,1.0,2397.0,3.2
6I4K,ok,2.0,30.0,0.8277197220198909,1.0,3804.0,2.8
6I5M,ok,1.0,30.0,0.5153102617085817,1.0,3212.0,3.1
6I7I,ok,2.0,30.0,0.6196193758599039,1.0,2618.0,2.7
6IMO,ok,2.0,30.0,0.649153544206798,1.0,5113.0,3.6
6INF,ok,1.0,30.0,1.8283356449659944,1.0,3582.0,2.8
6IRI,no_protein_or_ligand,,,,,,
6ISN,ok,1.0,30.0,1.0431781383354313,1.0,3737.0,3.0
6ITJ,ok,2.0,30.0,0.38451170300084975,1.0,4552.0,2.9
6IWI,ok,1.0,30.0,0.3765713927959219,1.0,2281.0,2.6
6J1T,ok,1.0,30.0,0.9351119760874942,1.0,4658.0,3.0
6J3C,ok,2.0,30.0,0.42540586196075475,1.0,2770.0,2.8
6J5L,ok,1.0,30.0,1.039374254973084,1.0,2076.0,2.6
6JF7,ok,2.0,30.0,0.5390911052991312,1.0,2307.0,3.6
6JI6,ok,4.0,30.0,0.9893139927250958,1.0,1770.0,3.9
6JR2,ok,2.0,30.0,0.7437143991968604,1.0,4094.0,3.5
6JSB,ok,2.0,30.0,0.6209344878511842,1.0,3015.0,4.2
6K1M,ok,4.0,30.0,0.5224098836212723,1.0,11418.0,3.9
6KGO,ok,2.0,30.0,0.16953178486136022,1.0,5066.0,4.3
6KXH,ok,4.0,30.0,0.4245963409513531,1.0,9109.0,3.6
6L1B,ok,4.0,30.0,0.43077470020638564,1.0,7326.0,3.9
6LBL,ok,1.0,30.0,0.8329927058660002,1.0,1728.0,3.0
6LOP,ok,2.0,30.0,0.684530097900463,1.0,5765.0,3.5
6LZJ,ok,1.0,30.0,0.6778937541708532,1.0,1999.0,3.2
6M1T,ok,2.0,30.0,0.9015904318546296,1.0,2988.0,2.7
6M74,ok,1.0,30.0,0.4636230767351623,1.0,2783.0,2.7
6M8B,ok,1.0,30.0,0.6046899531913078,1.0,1941.0,3.2
6M8V,ok,1.0,30.0,0.89279053630653,1.0,1441.0,3.7
6M93,ok,1.0,30.0,0.4539855612590506,1.0,4113.0,3.0
6MGB,ok,1.0,30.0,0.895759026967244,1.0,2601.0,2.9
6MT9,ok,3.0,30.0,0.7854583124718157,1.0,5433.0,3.2
6MTF,ok,2.0,30.0,0.6272651211518357,1.0,3746.0,3.1
6MVP,ok,2.0,30.0,0.48377592372202366,1.0,8356.0,3.8
6MW7,ok,4.0,30.0,0.4161753246895743,1.0,16207.0,5.4
6MWA,ok,6.0,30.0,0.8586016201868669,1.0,1862.0,4.0
6N5F,ok,1.0,30.0,0.5611800601657325,1.0,2637.0,3.7
6NA4,ok,8.0,30.0,0.6014129152284442,1.0,13789.0,4.1
6NLX,ok,3.0,30.0,0.6694991382120473,1.0,10175.0,4.2
6NMQ,ok,1.0,30.0,0.4318628248692138,1.0,1484.0,3.6
6NWG,ok,3.0,30.0,0.30190961121606974,1.0,6273.0,3.4
6O49,ok,2.0,30.0,0.4973414961723417,1.0,2837.0,3.6
6OP1,ok,4.0,30.0,0.2465226471136661,1.0,15869.0,4.2
6P3T,ok,1.0,30.0,1.0097601690517062,1.0,3047.0,3.4
6P6M,ok,1.0,30.0,0.8530905039811756,1.0,1444.0,3.1
6P86,ok,3.0,30.0,0.6587800527667594,1.0,7446.0,3.9
6PNN,ok,1.0,30.0,0.9820742968135742,1.0,1911.0,3.0
6PPZ,ok,1.0,30.0,1.067556241860868,1.0,2667.0,3.5
6PQ8,ok,1.0,30.0,0.8242894679120132,1.0,2166.0,3.6
6PRU,ok,2.0,30.0,0.30890385547812627,1.0,2416.0,3.3
6Q0Y,ok,1.0,30.0,0.7887315152783619,1.0,3106.0,3.6
6Q8Z,ok,6.0,30.0,0.3664110386436965,1.0,10954.0,3.8
6Q96,ok,2.0,30.0,0.3874639420460244,1.0,1434.0,4.6
6QGW,ok,8.0,30.0,7.619407680236025,0.0,3810.0,3.4
6QOP,ok,2.0,30.0,0.5165906019873998,1.0,3194.0,3.2
6QQJ,ok,1.0,30.0,0.7249860968451052,1.0,895.0,3.6
6QVT,ok,2.0,30.0,0.48172039580446036,1.0,4347.0,5.1
6QZZ,ok,2.0,30.0,1.0485110274127505,1.0,6049.0,3.8
6R1D,ok,2.0,30.0,0.8231542462193144,1.0,1663.0,7.1
6R4B,ok,1.0,30.0,0.834738247945091,1.0,2130.0,4.9
6R5N,ok,2.0,30.0,1.0303488259142393,1.0,11274.0,7.5
6R73,ok,2.0,30.0,1.149458959458128,1.0,3286.0,6.2
6RB3,ok,3.0,30.0,0.2979723633693466,1.0,6222.0,5.5
6RF4,ok,20.0,30.0,0.4360137804023393,1.0,10837.0,6.5
6RG8,ok,1.0,30.0,0.6071541618547798,1.0,2074.0,6.5
6RMA,ok,1.0,30.0,1.2140519041830096,1.0,5358.0,6.2
6RR1,ok,2.0,30.0,0.2211279044898196,1.0,4662.0,5.5
6SBD,ok,1.0,30.0,0.73151188073171,1.0,2709.0,6.1
6SCH,ok,4.0,30.0,0.5261467290237907,1.0,10666.0,6.4
6SK1,ok,1.0,30.0,0.9139906477848492,1.0,1253.0,6.9
6SK9,ok,1.0,30.0,0.6065350174663267,1.0,1878.0,5.5
6SPZ,ok,1.0,30.0,2.5883683555461636,1.0,1526.0,7.0
6SQZ,ok,2.0,30.0,0.7218736174514774,1.0,1799.0,3.9
6SR6,ok,2.0,30.0,0.45793436086430006,1.0,8732.0,5.5
6T0D,ok,2.0,30.0,0.5837351013583915,1.0,2487.0,3.4
6T3W,ok,1.0,30.0,0.7563001260577158,1.0,1604.0,3.4
6T4S,ok,1.0,30.0,8.859333366984739,0.0,2570.0,3.6
6T6Z,ok,1.0,30.0,0.5988231216528512,1.0,1929.0,3.3
6T9W,ok,3.0,30.0,0.36829622346644386,1.0,11826.0,4.8
6TBO,ok,1.0,30.0,1.1320473195651726,1.0,2577.0,3.4
6TI9,ok,2.0,30.0,1.0320629173941398,1.0,1778.0,4.0
6TOR,ok,2.0,30.0,0.578171988265699,1.0,6296.0,3.8
6TS6,ok,1.0,30.0,1.1252556060359376,1.0,1875.0,3.6
6TUG,ok,12.0,30.0,0.5758352365767034,1.0,27202.0,11.6
6TXL,ok,4.0,30.0,0.17107196989414356,1.0,10936.0,8.4
6U13,ok,1.0,30.0,0.6355379855470378,1.0,1999.0,3.6
6U2X,ok,8.0,30.0,10.966487844895562,0.0,30492.0,11.9
6U32,ok,1.0,30.0,0.5560880036186657,1.0,2345.0,3.5
6UH2,ok,2.0,30.0,0.6638681337627372,1.0,3969.0,4.4
6UL0,ok,1.0,30.0,0.6183082628585718,1.0,1428.0,6.5
6UQY,ok,2.0,30.0,0.74048738700841,1.0,4444.0,6.6
6UZX,ok,1.0,30.0,0.783972480424593,1.0,4400.0,7.0
6V59,ok,4.0,30.0,0.35608776164843614,1.0,6345.0,5.9
6VD4,ok,2.0,30.0,0.6572547282277842,1.0,2146.0,5.8
6VHE,ok,4.0,30.0,0.5832269240597547,1.0,8236.0,5.9
6VIA,ok,1.0,30.0,1.6271123703791803,1.0,1430.0,6.6
6VKZ,ok,1.0,30.0,0.25718576274386556,1.0,3530.0,4.5
6VLC,ok,2.0,30.0,0.34341003315761615,1.0,11602.0,9.1
6VLG,ok,4.0,30.0,0.48201718729781545,1.0,15248.0,5.1
6VOT,ok,1.0,30.0,0.5645547885581167,1.0,3810.0,5.1
6VQL,ok,4.0,30.0,0.7509681529643777,1.0,8632.0,4.3
6VZB,ok,2.0,30.0,0.3377811268366012,1.0,3017.0,3.4
6W0N,ok,2.0,30.0,0.8217790804972197,1.0,4547.0,3.3
6W26,ok,2.0,30.0,0.5187490030069605,1.0,4717.0,3.1
6W3Z,ok,3.0,30.0,0.4980063910055408,1.0,10533.0,3.5
6W5K,ok,4.0,30.0,0.31279655429584446,1.0,4652.0,3.9
6WPR,ok,2.0,30.0,0.36030072605351493,1.0,3595.0,3.1
6WUW,ok,2.0,30.0,1.9193173890502788,1.0,9256.0,4.4
6WYC,ok,4.0,30.0,0.3363224522764639,1.0,10092.0,4.1
6X0P,ok,8.0,30.0,0.3824846750375376,1.0,6977.0,3.6
6X21,ok,1.0,30.0,0.7697479670829522,1.0,1760.0,3.1
6X7Z,no_protein_or_ligand,,,,,,
6XAF,ok,2.0,30.0,0.1469778894936248,1.0,2684.0,3.4
6XEW,ok,3.0,30.0,0.35112143411696806,1.0,3661.0,3.1
6XF3,ok,1.0,30.0,0.5570319016246319,1.0,2826.0,3.4
6XFV,ok,2.0,30.0,0.7267245662674646,1.0,3534.0,3.0
6XSC,ok,1.0,30.0,0.7872155250482082,1.0,1033.0,3.7
6XVA,ok,2.0,30.0,0.6332036418124869,1.0,4600.0,2.9
6Y91,ok,4.0,30.0,0.31986573695730114,1.0,9133.0,3.9
6YF4,ok,8.0,30.0,0.771928340373522,1.0,8950.0,3.8
6YTW,ok,2.0,30.0,1.0971320477884918,1.0,5589.0,3.7
6YVS,ok,4.0,30.0,0.25929763308282106,1.0,8244.0,4.4
6YWT,ok,1.0,30.0,0.5519404860475506,1.0,1943.0,3.0
6YXI,ok,1.0,30.0,0.6839879659258405,1.0,2816.0,2.8
6Z52,ok,2.0,30.0,0.5298060607538431,1.0,5836.0,3.1
6Z6A,ok,1.0,30.0,1.4465282676872964,1.0,4372.0,3.0
6ZU8,ok,1.0,30.0,2.4571894521834277,1.0,1423.0,3.2
6ZUH,ok,1.0,30.0,0.7989781836948845,1.0,2330.0,2.8
6ZXW,ok,1.0,30.0,0.6505666799505029,1.0,3037.0,3.3
7A16,ok,1.0,30.0,0.9641465545926768,1.0,2868.0,3.1
7A1P,ok,1.0,30.0,1.4953046591578296,1.0,2881.0,3.1
7A3W,ok,2.0,30.0,0.6320922210909667,1.0,4230.0,3.2
7AAW,ok,3.0,30.0,0.2701129169841846,1.0,4791.0,4.5
7AC8,ok,2.0,30.0,0.5413085966714792,1.0,10626.0,5.1
7AN5,ok,2.0,30.0,0.8489522626103636,1.0,4427.0,6.7
7AQ9,ok,3.0,30.0,1.5813422238009025,1.0,9094.0,4.0
7AQG,ok,1.0,30.0,7.403080968610263,0.0,4561.0,6.6
7ATO,ok,1.0,30.0,0.4417374471515134,1.0,3828.0,4.8
7AVU,ok,2.0,30.0,1.0589089119144701,1.0,7717.0,6.6
7B37,ok,1.0,30.0,0.1477608150239072,1.0,2770.0,6.4
7B4R,ok,1.0,30.0,0.5557592091477908,1.0,1673.0,4.3
7B7F,ok,2.0,30.0,0.30166601978557006,1.0,2722.0,4.2
7B9Z,ok,1.0,30.0,0.8490262792383824,1.0,966.0,5.5
7BB4,ok,1.0,30.0,0.7758675150106256,1.0,2746.0,3.5
7BDT,ok,1.0,30.0,1.1725488102961557,1.0,1822.0,5.6
7BGG,ok,1.0,30.0,0.6872434021365404,1.0,1632.0,4.7
7BLW,ok,1.0,30.0,0.4491783617052693,1.0,2748.0,5.3
7BRZ,ok,1.0,30.0,0.5053326575258946,1.0,1629.0,6.5
7C6B,ok,3.0,30.0,0.30394030398606997,1.0,3103.0,8.4
7C7O,ok,1.0,30.0,0.48227139059698393,1.0,1525.0,6.8
7CBH,ok,1.0,30.0,0.5332938396713954,1.0,6475.0,8.5
7CEP,ok,1.0,30.0,0.5010856128550791,1.0,3229.0,6.5
7CJ9,ok,8.0,30.0,0.6011190381348537,1.0,17677.0,13.7
7CNN,ok,5.0,30.0,0.6847681749322014,1.0,17423.0,13.8
7CNY,ok,2.0,30.0,0.7812391511963763,1.0,4373.0,3.2
7CRK,ok,1.0,30.0,0.6812224744788661,1.0,2072.0,5.6
7DAZ,ok,4.0,30.0,0.24882062765513926,1.0,3528.0,3.0
7DIA,ok,2.0,30.0,1.0469683629558861,1.0,8826.0,3.2
7DK8,ok,1.0,30.0,1.390045706966102,1.0,4375.0,3.4
7DMG,ok,2.0,30.0,0.7404892852097223,1.0,4174.0,3.5
7EFJ,ok,2.0,30.0,0.5168649563777548,1.0,1169.0,4.0
7EMZ,ok,1.0,30.0,0.6103493339049451,1.0,4391.0,2.7
7EPR,ok,4.0,30.0,0.5548085202976615,1.0,9335.0,4.4
7EX9,ok,1.0,30.0,1.7349647346854613,1.0,1445.0,3.6
7EYS,ok,1.0,30.0,0.6442913612787345,1.0,8589.0,4.2
7EZQ,ok,1.0,30.0,0.4692625715316356,1.0,2897.0,3.0
7F74,ok,4.0,30.0,0.4619006069886158,1.0,11176.0,5.0
7F7L,ok,2.0,30.0,0.2670679991430389,1.0,4876.0,3.1
7FNZ,ok,1.0,30.0,0.8544209410261605,1.0,4408.0,3.1
7FOF,ok,1.0,30.0,0.6352558127763797,1.0,4408.0,3.6
7FQF,ok,2.0,30.0,0.3372937809763715,1.0,1262.0,3.0
7FSL,ok,1.0,30.0,1.3905003586946016,1.0,5908.0,3.4
7FT9,ok,1.0,30.0,0.5659398659354702,1.0,5908.0,3.1
7FU2,ok,1.0,30.0,0.8137790735221772,1.0,2831.0,2.6
7FVL,ok,1.0,30.0,0.8249357519022459,1.0,1003.0,3.2
7FY9,ok,1.0,30.0,0.7150298298774681,1.0,1012.0,2.9
7GQS,ok,1.0,30.0,0.9029523722344384,1.0,3382.0,2.8
7H43,ok,1.0,30.0,0.7535136847025635,1.0,1083.0,2.9
7H6P,ok,1.0,30.0,5.140515386241052,0.0,4962.0,3.1
7HG6,ok,1.0,30.0,1.5623284038279686,1.0,2134.0,3.3
7HTK,ok,2.0,30.0,0.9223058203881338,1.0,4279.0,2.6
7ILP,ok,1.0,30.0,0.5450481513503431,1.0,918.0,3.4
7IPR,no_protein_or_ligand,,,,,,
7IPS,no_protein_or_ligand,,,,,,
7JJA,ok,1.0,30.0,0.9186615818762168,1.0,1468.0,3.1
7JUC,ok,1.0,30.0,0.7985442981311639,1.0,1054.0,3.4
7JW9,ok,4.0,30.0,0.455165470405072,1.0,11706.0,3.5
7K99,ok,2.0,30.0,0.836649412662467,1.0,4609.0,3.0
7KD7,ok,3.0,30.0,0.7677132266955012,1.0,3289.0,3.1
7KEP,ok,2.0,30.0,1.1356973930048646,1.0,1993.0,3.4
7KGX,ok,1.0,30.0,0.6127331706514599,1.0,2400.0,3.1
7KHQ,ok,2.0,30.0,0.800356388694066,1.0,3944.0,2.7
7KZ9,ok,2.0,30.0,0.8861219939161374,1.0,7546.0,3.2
7L36,ok,1.0,30.0,0.9606818092632864,1.0,4792.0,2.6
7L5P,ok,2.0,30.0,0.3876963463574338,1.0,4378.0,2.8
7L92,ok,16.0,30.0,0.5575305673356513,1.0,3312.0,3.2
7L9T,ok,1.0,30.0,1.1740371797777416,1.0,1172.0,3.3
7LEO,ok,4.0,30.0,0.4736862980980444,1.0,817.0,3.2
7LTS,ok,2.0,30.0,0.8891831525069422,1.0,5168.0,2.8
7LUI,ok,1.0,30.0,0.8233831771801898,1.0,1411.0,3.0
7MDA,ok,1.0,30.0,5.355598010271564,0.0,2876.0,2.8
7MDN,ok,8.0,30.0,0.5867274626241781,1.0,7473.0,3.0
7MMC,ok,1.0,30.0,0.6116701803410143,1.0,1419.0,3.3
7MNS,ok,1.0,30.0,0.7066746086209273,1.0,1909.0,3.3
7MS5,ok,2.0,30.0,0.9569881953944637,1.0,1776.0,3.2
7MSD,ok,1.0,30.0,0.6141275275822772,1.0,2848.0,3.1
7MT5,ok,2.0,30.0,0.41110284465338415,1.0,4981.0,2.8
7MXG,ok,2.0,30.0,0.4104577859880575,1.0,14650.0,4.3
7N13,ok,2.0,30.0,0.5498071243602712,1.0,2508.0,2.8
7NNR,ok,4.0,30.0,0.45429654243944884,1.0,4918.0,2.8
7NP6,ok,1.0,30.0,0.4297144673094368,1.0,1943.0,2.7
7NRE,ok,4.0,30.0,7.892521771080496,0.0,2971.0,3.1
7O25,ok,3.0,30.0,0.5205510925159486,1.0,2839.0,2.8
7O8F,ok,1.0,30.0,0.398089228708347,1.0,2057.0,3.1
7OFC,ok,1.0,30.0,0.7517703383026783,1.0,2219.0,3.5
7OKL,ok,1.0,30.0,0.7944524747694576,1.0,1028.0,3.5
7OLI,ok,2.0,30.0,0.5087479643191402,1.0,3853.0,3.5
7OQF,ok,2.0,30.0,0.3675420636954366,1.0,3892.0,2.9
7ORF,ok,1.0,30.0,0.7580191054069055,1.0,2821.0,2.7
7P0R,ok,9.0,30.0,0.2373992613653709,1.0,11891.0,4.3
7P1D,ok,2.0,30.0,0.9306500533924583,1.0,2935.0,3.2
7P2V,ok,1.0,30.0,0.9188915757738781,1.0,3061.0,2.9
7P46,ok,16.0,30.0,0.5589373750537281,1.0,18397.0,4.8
7PA4,ok,1.0,30.0,0.654570142723881,1.0,4050.0,3.4
7PAE,ok,1.0,30.0,0.3880544232381445,1.0,1218.0,3.1
7PDQ,ok,1.0,30.0,0.5492062834120435,1.0,1744.0,3.1
7PL1,ok,1.0,30.0,1.5004330638644099,1.0,1631.0,3.4
7PUV,ok,4.0,30.0,0.6701988598617592,1.0,8336.0,2.7
7Q2C,ok,2.0,30.0,0.5712137424392395,1.0,2289.0,2.7
7Q8V,ok,1.0,30.0,0.6485556741269405,1.0,2380.0,2.9
7QMS,ok,2.0,30.0,0.855988502262234,1.0,2379.0,3.7
7QQA,ok,6.0,30.0,0.7482453705628378,1.0,8322.0,3.3
7QTY,ok,2.0,30.0,0.7014585782585441,1.0,2252.0,4.2
7QVU,ok,1.0,30.0,1.0248984811019453,1.0,861.0,3.0
7QZU,ok,14.0,30.0,18.91004746922776,0.0,25877.0,8.7
7R0N,ok,2.0,30.0,0.254697668098487,1.0,1335.0,4.2
7RDO,ok,1.0,30.0,0.5643990344115651,1.0,1112.0,3.0
7RDT,ok,1.0,30.0,1.3401256355930238,1.0,1687.0,3.7
7REZ,ok,2.0,30.0,0.701815330412496,1.0,3293.0,3.0
7RKB,ok,1.0,30.0,1.093952586524598,1.0,1152.0,3.1
7ROM,ok,1.0,30.0,0.44894242676893326,1.0,1983.0,3.7
7RYA,ok,2.0,30.0,0.1507442486309897,1.0,4280.0,3.3
7S5F,ok,8.0,30.0,0.4216815934684856,1.0,9835.0,3.8
7SF0,ok,1.0,30.0,1.2807872339992739,1.0,1717.0,3.4
7SPV,ok,1.0,30.0,0.29196812593870136,1.0,957.0,3.0
7SZD,ok,2.0,30.0,0.6949682923124911,1.0,6221.0,3.6
7T3E,ok,2.0,30.0,0.5408630170511252,1.0,4768.0,2.8
7TLQ,ok,2.0,30.0,0.616424852038804,1.0,6135.0,3.3
7TNF,ok,1.0,30.0,0.6731595729095968,1.0,3017.0,2.6
7TW8,ok,1.0,30.0,0.3700164858430253,1.0,2115.0,3.1
7U4I,ok,2.0,30.0,9.323331433406667,0.0,2606.0,3.2
7U69,ok,1.0,30.0,0.9953878980997133,1.0,4761.0,2.8
7UC9,ok,2.0,30.0,0.41086320029340323,1.0,5570.0,2.8
7UER,ok,2.0,30.0,1.2571603375251486,1.0,2714.0,2.8
7UHX,ok,4.0,30.0,0.402259180038408,1.0,5572.0,3.0
7ULU,ok,2.0,30.0,0.765077293839612,1.0,4206.0,3.1
7UXO,ok,1.0,30.0,7.74150399087989,0.0,1065.0,3.7
7V3R,ok,1.0,30.0,0.655834286798879,1.0,2200.0,3.0
7W1I,ok,2.0,30.0,0.8695114985822617,1.0,3743.0,2.8
7W8N,ok,4.0,30.0,0.5137021557271968,1.0,9136.0,4.2
7WDT,ok,2.0,30.0,0.8704744625735403,1.0,6239.0,3.6
7WGH,ok,2.0,30.0,0.7153421338194828,1.0,2871.0,3.3
7XE1,ok,4.0,30.0,0.5524640120385699,1.0,11808.0,5.0
7XFA,ok,1.0,30.0,0.7456887481641951,1.0,1108.0,3.8
7XNC,ok,1.0,30.0,0.56710211332895,1.0,2333.0,2.8
7XPQ,ok,4.0,30.0,0.5834950815594602,1.0,5198.0,3.0
7XUQ,ok,1.0,30.0,1.2473860380512305,1.0,905.0,3.4
7XWU,ok,2.0,30.0,0.4875821608399916,1.0,5186.0,3.4
7XX0,ok,16.0,30.0,0.7752255898511154,1.0,29183.0,12.1
7XYK,ok,8.0,30.0,0.3035626308308019,1.0,9294.0,3.8
7XZG,ok,4.0,30.0,0.15258494671872214,1.0,10040.0,4.9
7Y2R,ok,1.0,30.0,0.35083637105013754,1.0,2049.0,3.1
7YOP,ok,2.0,30.0,0.8363649519334391,1.0,4196.0,4.3
7YRA,no_protein_or_ligand,,,,,,
7Z41,ok,1.0,30.0,0.8068188694484297,1.0,3184.0,4.2
7ZIH,ok,1.0,30.0,0.8585331559438344,1.0,2328.0,2.9
7ZRN,ok,2.0,30.0,1.7198618133702777,1.0,4890.0,2.6
7ZUN,ok,1.0,30.0,0.8081400374934193,1.0,2176.0,3.1
7ZZJ,ok,1.0,30.0,0.6345001746729849,1.0,2070.0,3.4
8A2I,ok,1.0,30.0,1.0213242862392775,1.0,2837.0,2.4
8A3N,ok,2.0,30.0,0.3155559302329987,1.0,5219.0,3.4
8A66,ok,2.0,30.0,0.7038254062199045,1.0,4394.0,3.2
8ABR,ok,1.0,30.0,0.5273822340623476,1.0,3170.0,2.9
8AID,ok,4.0,30.0,0.8769301371557318,1.0,4262.0,2.7
8AMO,ok,1.0,30.0,0.6028529549983291,1.0,2971.0,4.7
8AN6,ok,4.0,30.0,0.6330334324315607,1.0,3596.0,3.0
8AN8,ok,2.0,30.0,0.21286219135281123,1.0,4000.0,4.7
8B0Z,ok,2.0,30.0,0.4942662901555585,1.0,2005.0,2.9
8BDF,ok,7.0,30.0,0.880891197769716,1.0,17199.0,10.1
8BGX,ok,8.0,30.0,0.2921542084233363,1.0,10296.0,4.9
8BIY,ok,4.0,30.0,1.016925144244107,1.0,3711.0,3.4
8BLR,ok,1.0,30.0,0.7303837010005165,1.0,1347.0,3.2
8BR1,ok,6.0,30.0,0.7538119914612068,1.0,11956.0,5.2
8BRB,ok,2.0,30.0,0.44344928437995956,1.0,3933.0,3.5
8BZ6,ok,6.0,30.0,0.6612444752564919,1.0,29427.0,9.5
8C1A,ok,1.0,30.0,0.454029411496008,1.0,2520.0,3.4
8C7Y,ok,2.0,30.0,0.44596798216524164,1.0,4261.0,2.4
8C8C,ok,1.0,30.0,0.8527852966010848,1.0,2420.0,3.0
8CES,ok,2.0,30.0,0.5214226495290851,1.0,4548.0,3.3
8CET,ok,2.0,30.0,0.33206031744899844,1.0,4549.0,3.4
8CFE,ok,6.0,30.0,0.5734615604799793,1.0,14225.0,3.8
8CK9,ok,1.0,30.0,0.7306443424461461,1.0,2830.0,2.5
8CRK,ok,1.0,30.0,2.1540380010235403,1.0,892.0,3.6
8CTV,no_protein_or_ligand,,,,,,
8CUH,ok,2.0,30.0,0.5195961106952345,1.0,3299.0,2.4
8D1P,ok,2.0,30.0,0.7674813769286327,1.0,2951.0,2.8
8D6F,ok,2.0,30.0,0.5817049954246807,1.0,4089.0,3.4
8DE5,ok,2.0,30.0,0.35645973455491825,1.0,2533.0,3.7
8E4F,ok,2.0,30.0,0.5167377086144732,1.0,1441.0,3.0
8E9D,ok,2.0,30.0,0.2672149795738845,1.0,6148.0,3.3
8EFJ,ok,1.0,30.0,0.22701709359741148,1.0,2797.0,2.8
8EVZ,ok,6.0,30.0,0.307892620386414,1.0,7062.0,3.5
8FET,ok,2.0,30.0,0.8031466841492273,1.0,5170.0,2.8
8FQO,ok,2.0,30.0,0.7282153100196863,1.0,5544.0,3.0
8FQX,ok,1.0,30.0,1.0295297875625415,1.0,2049.0,3.0
8FTA,ok,1.0,30.0,0.6288030729301143,1.0,931.0,3.4
8FUX,ok,7.0,30.0,0.5723431511500571,1.0,4980.0,3.1
8FXT,ok,1.0,30.0,0.7011985541500254,1.0,2308.0,3.0
8G8O,ok,2.0,30.0,0.4324815066682749,1.0,4561.0,2.7
8GBU,ok,6.0,30.0,0.36327058978917476,1.0,6618.0,2.8
8GC8,ok,1.0,30.0,0.8371305308963,1.0,2020.0,2.7
8GFM,ok,1.0,30.0,1.1935083058261997,1.0,4242.0,3.1
8GLZ,ok,1.0,30.0,0.512704232944697,1.0,3023.0,2.5
8GM4,ok,2.0,30.0,0.3938147537697632,1.0,4204.0,3.0
8H7B,ok,2.0,30.0,0.2615839544348678,1.0,2301.0,2.8
8HNF,ok,1.0,30.0,0.6962229041150444,1.0,1845.0,3.2
8HO0,ok,2.0,30.0,0.48067303480258705,1.0,3009.0,3.0
8HOI,ok,4.0,30.0,0.6404570776943246,1.0,4592.0,3.1
8I2R,ok,2.0,30.0,1.6197794668118766,1.0,3703.0,3.3
8II0,ok,1.0,30.0,1.1055958087419013,1.0,2758.0,3.0
8IL9,ok,1.0,30.0,0.7018499908222737,1.0,896.0,3.2
8IXZ,ok,4.0,30.0,0.450807147613802,1.0,4400.0,4.2
8JCR,ok,1.0,30.0,0.9469241681907486,1.0,1633.0,3.6
8JDE,ok,1.0,30.0,0.06952472517541454,1.0,3407.0,2.8
8JM6,ok,2.0,30.0,0.26896030911358065,1.0,3960.0,3.2
8JRD,ok,4.0,30.0,0.4297431683976795,1.0,5954.0,2.8
8K32,ok,4.0,30.0,0.7413481444255775,1.0,10253.0,5.1
8K4H,ok,2.0,30.0,0.5429887192714943,1.0,5137.0,3.7
8K71,ok,1.0,30.0,0.7038938804153565,1.0,2748.0,2.8
8KE3,ok,2.0,30.0,0.3496649297285197,1.0,2106.0,2.7
8OMI,ok,1.0,30.0,1.2054727789320052,1.0,1999.0,3.1
8PGC,ok,1.0,30.0,0.24687635509666794,1.0,1731.0,3.2
8PPC,ok,4.0,30.0,0.4027436485277993,1.0,4425.0,3.2
8PVM,ok,8.0,30.0,0.6488321097935833,1.0,8898.0,3.4
8Q2Z,ok,2.0,30.0,0.2691780681027944,1.0,6450.0,3.4
8Q61,ok,1.0,30.0,0.8747546794631372,1.0,3152.0,2.8
8Q6G,ok,1.0,30.0,0.28924169914102,1.0,3099.0,3.2
8Q9W,ok,3.0,30.0,0.30312446146972044,1.0,4441.0,3.2
8QF1,ok,1.0,30.0,0.23328242950868933,1.0,5485.0,3.4
8QFJ,ok,2.0,30.0,0.6971396487542214,1.0,2574.0,3.6
8QQB,ok,2.0,30.0,0.6056427970663868,1.0,5576.0,3.2
8QS6,ok,1.0,30.0,1.6309166176501697,1.0,1884.0,3.3
8QTH,ok,1.0,30.0,0.5219821746890488,1.0,3121.0,3.0
8QVU,ok,2.0,30.0,0.66556492149404,1.0,7614.0,3.4
8QX2,ok,5.0,30.0,0.6357641960019449,1.0,8513.0,3.6
8R06,ok,1.0,30.0,1.0407079088241187,1.0,6213.0,3.3
8R0W,ok,1.0,30.0,0.3227625108256487,1.0,2232.0,4.3
8R1T,ok,1.0,30.0,0.724853163886351,1.0,2236.0,3.1
8R3Q,ok,4.0,30.0,0.46603889361102036,1.0,21416.0,11.1
8R5M,ok,1.0,30.0,0.6963501718635294,1.0,2176.0,5.9
8RBY,ok,1.0,30.0,5.026707262373683,0.0,2455.0,3.3
8SMU,ok,4.0,30.0,0.27939659433803254,1.0,11858.0,7.0
8SRL,ok,4.0,30.0,0.8723662611834017,1.0,15942.0,4.7
8SRX,ok,3.0,30.0,0.44157345764272316,1.0,2458.0,3.1
8TAB,ok,1.0,30.0,0.8508663785480961,1.0,2041.0,3.4
8TBL,ok,4.0,30.0,0.3256060210174652,1.0,5221.0,3.9
8TNC,ok,3.0,30.0,0.47424777739016916,1.0,3420.0,2.7
8TS5,ok,2.0,30.0,7.059458245644762,0.0,6376.0,4.1
8U0I,ok,1.0,29.0,1.2985933447456746,1.0,663.0,4.1
8UDE,ok,4.0,30.0,0.4947744388994568,1.0,7267.0,3.0
8UF3,ok,4.0,30.0,0.2989524650442923,1.0,2719.0,3.0
8USF,ok,2.0,30.0,0.9908606296447406,1.0,4574.0,3.2
8UZO,ok,4.0,30.0,1.174072256600541,1.0,14757.0,5.3
8V75,ok,1.0,30.0,0.39167335941362685,1.0,1918.0,4.1
8VA5,ok,1.0,30.0,1.3848859887364402,1.0,3667.0,2.9
8VME,ok,1.0,30.0,1.1437528072568528,1.0,2987.0,3.1
8W3U,ok,4.0,30.0,0.4298350402484205,1.0,5155.0,2.8
8WHO,ok,1.0,30.0,0.4077025130803832,1.0,2882.0,2.9
8WZ9,ok,1.0,30.0,0.6528377583556515,1.0,3306.0,3.5
8X69,ok,1.0,30.0,0.8584748794248203,1.0,2893.0,2.9
8XIM,ok,4.0,30.0,0.5457810871762933,1.0,12188.0,3.1
8XP4,ok,2.0,30.0,1.1894141833978742,1.0,7944.0,3.2
8XRH,ok,1.0,30.0,0.8991383843048081,1.0,2973.0,2.7
8Y12,ok,2.0,30.0,0.7675006943316407,1.0,4221.0,2.9
8YO0,ok,1.0,30.0,0.8098739927847358,1.0,1278.0,3.3
8Z8R,ok,4.0,30.0,0.641641940216905,1.0,7668.0,3.0
8ZWQ,ok,1.0,30.0,1.7048149246253808,1.0,6868.0,3.3
9AUZ,ok,2.0,30.0,0.5646244010718218,1.0,2399.0,2.9
9BLH,ok,2.0,30.0,0.6689366727795298,1.0,4648.0,3.2
9BOE,ok,2.0,30.0,0.4581933055986075,1.0,4592.0,3.2
9C3Z,ok,2.0,30.0,0.20300962298515376,1.0,2508.0,3.2
9C8A,ok,2.0,30.0,0.6658570925015019,1.0,5794.0,2.9
9C8Z,no_protein_or_ligand,,,,,,
9CDM,ok,1.0,30.0,0.2363537936683455,1.0,2351.0,3.0
9CG2,ok,2.0,30.0,1.0328145848677195,1.0,2906.0,3.0
9CKW,no_protein_or_ligand,,,,,,
9CST,ok,1.0,30.0,0.42087041155075955,1.0,924.0,3.6
9DFM,ok,2.0,30.0,0.4293299398661789,1.0,5494.0,3.4
9DGD,ok,2.0,30.0,0.7137340540623066,1.0,2697.0,3.9
9DHB,ok,8.0,30.0,1.39980196576667,1.0,14292.0,4.5
9EZT,ok,6.0,30.0,1.0831697426818676,1.0,8716.0,3.7
9F4L,ok,1.0,30.0,4.567446898025814,0.0,1323.0,4.1
9FBN,ok,6.0,30.0,0.23863134047500714,1.0,13923.0,4.1
9G5F,ok,2.0,30.0,0.508336888021474,1.0,14600.0,6.4
9G8C,ok,2.0,30.0,0.47971298293065845,1.0,7287.0,3.9
9GHX,ok,3.0,30.0,1.359150125407584,1.0,1001.0,3.3
9GJX,ok,6.0,30.0,1.40005867320561,1.0,11072.0,4.9
9GNS,ok,1.0,30.0,0.49830431872285547,1.0,3660.0,4.1
9GZ4,ok,3.0,30.0,0.8443638167294597,1.0,3696.0,2.6
9HAO,ok,12.0,30.0,0.4866885799688184,1.0,25888.0,7.8
9HF8,ok,1.0,30.0,0.5918076638431858,1.0,1499.0,3.5
9HFB,ok,1.0,30.0,0.515929276625042,1.0,1485.0,3.5
9HK5,ok,1.0,30.0,0.6982232310646594,1.0,2770.0,2.9
9HKB,ok,2.0,30.0,0.6084764896276753,1.0,5202.0,3.3
9HWQ,ok,1.0,30.0,1.2022761030377802,1.0,2220.0,3.3
9IST,ok,4.0,30.0,0.7706361229403144,1.0,7352.0,3.2
9JOB,ok,4.0,30.0,0.4718062353679684,1.0,6570.0,3.1
9M5F,ok,1.0,30.0,0.7363788749164288,1.0,2091.0,3.4
9MH2,ok,1.0,30.0,1.164754249327192,1.0,1819.0,3.2
9NQX,ok,3.0,30.0,0.38448832164676194,1.0,8656.0,3.6
9O73,ok,1.0,30.0,0.46578006505817865,1.0,2255.0,2.9
9OLZ,ok,2.0,30.0,0.8690652291360057,1.0,4220.0,3.4
9PGX,ok,1.0,30.0,0.5692729534311272,1.0,1401.0,3.2
9QZ5,ok,4.0,30.0,0.5540287988705492,1.0,8605.0,3.0
9RDP,ok,1.0,30.0,1.0654859148014426,1.0,1856.0,3.3
9RP2,ok,2.0,30.0,0.6775999198911239,1.0,4817.0,3.1
9S2P,ok,1.0,30.0,0.930376981019717,1.0,1917.0,3.4
9S3Y,ok,2.0,30.0,0.6867150730115779,1.0,4759.0,4.3
9S5L,ok,2.0,30.0,0.5279192453388993,1.0,5689.0,5.3
9T3F,ok,1.0,30.0,0.7035702070198377,1.0,1604.0,4.0
9T8A,ok,6.0,30.0,0.5037635112847986,1.0,7266.0,5.2
9V3A,ok,1.0,30.0,0.5199671740200781,1.0,938.0,4.6
9VEP,ok,1.0,30.0,1.1987768714412526,1.0,4069.0,3.4
9VFA,ok,4.0,30.0,1.0416512597547058,1.0,7248.0,5.4
9VP6,ok,1.0,30.0,0.7544069507636,1.0,8137.0,4.1
9VSS,ok,1.0,30.0,0.5948373929182419,1.0,2140.0,3.7
9WM4,ok,1.0,30.0,0.7573424605432033,1.0,4007.0,2.9
9X0E,ok,1.0,30.0,1.0377696199262367,1.0,4409.0,3.6
9ZEG,ok,1.0,30.0,0.36673102727014556,1.0,3021.0,2.7
